اسم الروضة (عربي),اسم الروضة (إنجليزي),المحافظة,المدينة,المنطقة,العنوان التفصيلي,رقم الهاتف
روضة أيوب,Ayoub KG,عمان,عمان,الشميساني,شارع أحمد أوكلة النصور,KG-AM-0001
روضة و حضانة نحن الأطفال,Nahnu Al-Atfal Nursery & KG,عمان,عمان,جبل الحسين,شارع عز الدين القسام,KG-AM-0002
حضانة وروضة صنلايت,Sunlight Nursery & Pre-School,عمان,عمان,الرابية,شارع نهاوند – الرابية,KG-AM-0003
روضة و حضانة عالم الصغار,Aalam Al-Sighar Nursery & KG,عمان,عمان,الشميساني,شارع أسيد بن ثعلبة,KG-AM-0004
حضانة كُن طفلًا,Kun Tiflan Nursery,عمان,عمان,اليوبيل,شارع تعز,KG-AM-0005
حضانة تري توبس,Tree Tops Nursery,عمان,عمان,الشميساني,شارع عبد الحميد كرامي,0795057999
روضة هابي هارت,Happy Heart Kindergarten,عمان,عمان,اليوبيل,مجمع النور – شارع محمد بن غطوس,KG-AM-0006
حضانة بامبل بي,Bumble Bee Preschool,عمان,عمان,الرابية,شارع تبريز,KG-AM-0007
حضانة الما وايلا,Alma and Ayla Nursery,عمان,عمان,ضاحية الرشيد,قبل سكن أميمة,0798683815
حضانة ليديبرد,Ladybird Nursery,عمان,عمان,الشميساني,شارع يوسف بن تاشفين,KG-AM-0008
حضانة داندون,Dandoon Nursery,عمان,عمان,خلدا,شارع عبد الله الأعزب,KG-AM-0009
حضانة إيرلي بيرد (تلاع العلي),Early Bird Nursery (Tala Al-Ali),عمان,عمان,تلاع العلي,مجمع 44 – شارع عبد الحليم عباس,KG-AM-0010
روضة الطفل السعيد,Al-Tifl Al-Saeed KG,عمان,عمان,شرق عمان,ماركا الشمالية – حمزة,04895823
حضانة هيا سبراوتس,Haya Sprouts Preschool,عمان,عمان,خلدا,شاكر بن زيد,KG-AM-0011
حضانة بيتي الصغير,My Little Home Nursery,عمان,عمان,شمال عمان,يوسف بن تاشفين 20 – الشميساني,065676210
روضة كيدز واي,Kids Way Kindergarten,عمان,عمان,خلدا,شارع الأوزاعي – مجمع 11,KG-AM-0012
حضانة جريت بيجينينجز,Great Beginnings Child Care,عمان,عمان,جبل الحسين,شارع إسماعيل بابوق,0775367440
حضانة ليتل ستيبس,Little Steps Nursery,عمان,عمان,خلدا,شارع الشيخ حسين الجسر,KG-AM-0013
حضانة رايت ستارت,Right Start Nursery,عمان,عمان,اليوبيل,اليوبيل,KG-AM-0014
روضة الأصدقاء المبدعين,Creative Friends KG,عمان,عمان,خلدا,شارع عبد الله بن مسعود 20,KG-AM-0015
حضانة الجيل القادم,Next Generation Nursery,عمان,عمان,شمال عمان,المدينة الرياضية – شمس الدين الذهبي,065163070
حضانة ليتل فلاورز,Little Flowers Day Nursery,عمان,عمان,خلدا,خلدا,KG-AM-0016
حضانة كيدز ستيبس,Kids Steps Nursery,عمان,عمان,الرابية,شارع تلمسان – مجمع 5,KG-AM-0017
حضانة شيري تري,Cherry Tree Nursery,عمان,عمان,جبل الحسين,شارع محمد جمجوم – مجمع 2,KG-AM-0018
حضانة ثراء كيدز,Thraa Kids Nursery,عمان,عمان,شرق عمان,شرق عمان,KG-AM-0019
حضانة الفقاعة المضحكة,Funny Bubble Nursery,عمان,عمان,أم السماق,شارع عطيوي المجالي – بناية 26,0798379019
حضانة طيور المحبة,Birds of Love Nursery,عمان,عمان,جبل عمان,دوار ثاني – شارع المعتصم 55,04623095
حضانة ريتان,Ritan Nursery,إربد,إربد,الحي الشرقي,خلف حلويات الكت والكات,0789416515
حضانة الطفل الأمثل,Best Child Care Nursery,الزرقاء,الزرقاء,البتراوي,حي البتراوي,0790063659
حضانة أطفال الرونق,Ronaq Kids Nursery,عمان,عمان,الرونق,شارع محمد علي حسين الكردي – عمارة 30,0775933580
حضانة البالون,Balloon Nursery,عمان,عمان,الدوار السابع,بجانب فندق جنيفا,05815852
حضانة براعم الرمثا التعليمية والنموذجية,Baraem Al-Ramtha Educational & Model Nursery,الرمثا,الرمثا,الرئيسي,الرئيسي,0799593982
حضانة النبات السليم,Healthy Plant Nursery,عمان,عمان,طبربور,حي الشهيد الجنوبي,0790479314
حضانة أرض النجوم,Land of Stars Nursery,عمان,عمان,ضاحية الرشيد,مقابل مدرسة تقارب,05555
حضانة صقور العزة,Falcons of Pride Nursery,عمان,عمان,أبو نصير,شارع السعادة,0796655818
حضانة أطفال التوت البري,Wild Berry Kids Nursery,عمان,عمان,اليوبيل,شارع عبدالله غوشة – بجانب مسجد أحد,0797266304
حضانة أنس وأمير,Anas & Amir Nursery,عمان,عمان,الجبيهة,حي الريان – شارع المريري,0770065605
حضانة ألوان الفرح للأطفال,Colors of Joy Nursery,عمان,عمان,شرق عمان,حي العبداللات – بجانب مدرسة الكندي,0785652504
حضانة أحمد وضحى,Ahmed & Dahaa Nursery,إربد,إربد,الصريح,الصريح,0772258725
حضانة البداية السعيدة النموذجية,Happy Beginning Model Nursery,عمان,عمان,اليوبيل,شارع المدينة المنورة,0795395747
حضانة أنا وأخي نمرح,Me & My Brother Play Nursery,مادبا,مادبا,اليرموك,شارع اليرموك,0772211947
حضانة جود وميرا,Jood & Mira Nursery,الزرقاء,الزرقاء,جبل المغير,قرب صيدلية شمع العسل,0782209062
حضانة ضوء القمر,Moonlight Nursery,عمان,عمان,الصويفية,قرب قرية الصويفية – شارع زكي الصويتي,078988868
حضانة بيت الحلوة للأطفال,Sweet Home Kids Nursery,عمان,عمان,الجاردنز,خلف مدارس الرأي – عمارة 20,0799853333
حضانة الطفل العربي,Arab Child Nursery,إربد,إربد,الحي الشرقي,قرب أسواق المؤسسة العسكرية,0793050777
حضانة حبايبنا,Our Darlings Nursery,إربد,إربد,النعيمة,النعيمة,0790959613
حضانة الخطوات التعليمية,Educational Steps Nursery,عجلون,عجلون,عبين,خلف مطعم داريا – شارع إربد–عجلون,0775570101
حضانة فوفو ودودو,Fufu & Dodo Model Nursery,عمان,عمان,مرج الحمام,حي الأمير حمزة,0777726263
حضانة ورود المستقبل,Future Roses Nursery,عمان,عمان,الرونق,شارع الأصبه – بناية 6,0782668833
حضانة الانطباعات الأولى,First Impressions Nursery,إربد,إربد,الراهبات الوردية,غرب مسجد أبو دلو,0780466032
حضانة بابا سنفور,Papa Smurf Nursery,إربد,إربد,إربد,إربد,0787054530
حضانة جمعية الشابات المسيحية الخيرية-الفحيص,YWCA Al-Fuheis Nursery,البلقاء,السلط,الفحيص,خلف بيت الفحيص – شارع صبيان الحصان,0799946050
حضانة رياحين الجنة,Breezes of Paradise Nursery,عمان,عمان,شرق عمان,الهاشمي الشمالي – شارع الحارث العبدي,0797401206
حضانة خمسة وستون 65,65 Nursery,البلقاء,السلط,المدينة الرياضية,قرب مدارس السلط الأهلية,0777774819
حضانة جنة الورد,Rose Paradise Nursery,عجلون,عجلون,عين جنا,مبنى البلدية – وسط البلد,0777006207
حضانة الكلمات الأولى,First Words Nursery,عمان,عمان,الصويفية,شارع سعيد المفتي – عمارة 16,0796246213
حضانة زين ونانا,Zain & Nana Nursery,البلقاء,السلط,أم عليه,الشارع الرئيسي,0785226638
حضانة أفضل مكان لطفلك,Best Place for Your Child Nursery,إربد,إربد,إربد,,0790303443
حضانة زهور الليلك,Lilac Flowers Nursery,عمان,عمان,اليوبيل,مقابل مركز صحي أم السوس,0795049140
المستوى الرفيع المتميز للتعليم,High Level Distinguished Education,عمان,عمان,الشميساني,شارع ابن الفارض 11,0799714198
حضانة المملكة الصغيرة,Small Kingdom Nursery,عمان,عمان,ضاحية الياسمين,شارع حفصة بنت عمرو 35,0792024263
حضانة أحلام المستقبل النموذجية,Dreams of the Future Model Nursery,مادبا,مادبا,الخطابية,الخطابية,0779681212
حضانة عبق الربيع,Spring Fragrance Nursery,عمان,عمان,شرق عمان,طبربور – شارع قمر اليافي مقابل حلويات نفيسة,0797808114
حضانة الانامل الذهبية,Golden Fingers Nursery,عمان,عمان,شرق عمان,ماركا الشمالية – شارع فاطمة الزهراء – مسجد فاطمة الزهراء,0799381207
حضانة حكايتي الصغيرة,My Little Story Nursery,عمان,عمان,الجبيهة,مقابل الجمعية العلمية الملكية – ط الأرضي,05340409
حضانة براعم السكر,Sugar Buds Nursery,العقبة,العقبة,السكنية الثالثة,شارع العباسيين – بجانب مسجد سعد بن أبي وقاص,0792030177
حضانة درجات صغيرة,Small Steps Nursery,عمان,عمان,اليوبيل,دوار البرديني – قرب مدارس الإشراق,0785905701
حضانة أشكال النموذجية,Shapes Model Nursery,إربد,إربد,خلف مستشفى إربد التخصصي,,772155227
حضانة لطفولة أرقى,Finer Childhood Nursery,الزرقاء,الزرقاء,مدينة الشرق,قرب دوار الطيارة,0772000294
حضانة سلمى وزين,Salma & Zain Nursery,البلقاء,السلط,البقيع,البقيع,790910177
حضانة هلا وغلا,Hala & Ghala Nursery,عمان,عمان,شرق عمان,طبربور – قرب إسكان الجيش – حديقة العهد والوفا – يوسف بني ياسين 9,05056076
حضانة من الألف إلى الياء,From A to Z Nursery,عمان,عمان,جنوب عمان,مرج الحمام – إسكان عالية – فيلا 30,KG-AM-0020
حضانة الطفل السعيد,Happy Child Nursery,عمان,عمان,شرق عمان,ماركا الشمالية – حمزة – قرب مدرسة الشريف حسين,KG-HASH-0635148B
حضانة بدايات عظيمة,Great Beginnings Nursery,عمان,عمان,جبل الحسين,شارع إسماعيل بابوق 5,KG-HASH-6AD2B97C
حضانة ديمة النموذجية,Dima Model Nursery,البلقاء,السلط,شفا العامرية,شفا العامرية,0772118163
حضانة ضحكات الطفولة,Childhood Laughter Nursery,عمان,عمان,الشميساني,بناية 39 – شارع معروف الرصافي,0791520563
حضانة الأطفال السعداء,Happy Children Nursery,عمان,عمان,اليوبيل,مرج الحمام – شارع نالتشك – قرب مطعم دنيا المشاوي,0797083374
حضانة جوان النموذجية,Jawan Model Nursery,الزرقاء,الزرقاء,الهاشمية,الحي الشرقي,0788067807
حضانة نور الجبيهة,Nour Al-Jubeiha Nursery,عمان,عمان,الجبيهة,شارع مفلح اللوزي – بناية 32 – مقابل مفروشات شهوان,0797670971
حضانة وروضة رونق المودة,Ronaq Al-Mawaddah Nursery & KG,عمان,عمان,البيادر,شارع خضر قردن – مقابل النادي الأهلي,0795964769
حضانة بريق النمارق,Briq Al-Namarq Nursery,البلقاء,السلط,البقعان,بجانب مدرسة فاطمة الزهراء,0797094191
حضانة الأرض السعيدة,Happy Land Nursery,عمان,عمان,جنوب عمان,المقابلين – حي الصحابة – شارع عبد الكريم الخطاب,0790921251
حضانة الحمامي,Al-Hammami Nursery,عمان,عمان,الجبيهة,شارع الريان – أم زويتينة,07 9664 5951
أكاديمية مدرسة وروضة جنى دان,Jana Dan Academy & KG,الزرقاء,الزرقاء,بيرين,خلف النبعة,0788616293
حضانة شذى الورد,Shatha Al-Ward Nursery,عمان,عمان,شرق عمان,طبربور – شارع عجاج الهبارنة – قرب مسجد عباد الرحمن,0791077254
حضانة بذور الغد,Seeds of Tomorrow Nursery,عمان,عمان,شرق عمان,إسكان الجيش – شارع عبدالقادر الزغول – باتجاه أبو عليا,0789995605
حضانة ناريمان النموذجية,Nariman Model Nursery,الرمثا,الرمثا,الرمثا,مقابل مدرسة جمانة,0786306644
حضانة كوكب المرح الطفولي,Fun Planet Childhood Nursery,العقبة,العقبة,الثامنة,قرب مسجد الكالوتي,09872021168
حضانة ورود الربيع,Spring Roses Nursery,البلقاء,السلط,ماحص,شارع المدارس,0772663512
حضانة حسام وسبأ الحديثة,Husam & Saba Modern Nursery,إربد,إربد,الحصن,الحي الشرقي – شارع الكلية,0791854881
حضانة تكوين,Takween Nursery,عمان,عمان,شمال عمان,طلوع الجاذبية – قرب سوبرماركت ياهلا,0792127898
حضانة الفطاحلة النموذجية,Al-Fatahilah Model Nursery,إربد,إربد,الحي الجنوبي,جنوب غرب دوار صحارى – 300 متر,0777148052
حضانة بيت السكاكر,Candy House Nursery,إربد,إربد,الراهبات الوردية,خلف مستشفى الراهبات الوردية – بجانب السور,0777747716
حضانة القلب السعيد,Happy Heart Nursery,عمان,عمان,شرق عمان,ضاحية الأمير حسن – قرب مطعم الهنيني,0777772615
حضانة كوخ الدب,Bear Cabin Nursery,الزرقاء,الزرقاء,الجبل الشمالي,شارع الملك عبد الله الثاني,0782929569
حضانة الفقاعة المضحكة,Funny Bubble Nursery,عمان,عمان,أم السماق,شارع عطيوي المجالي – بناية 26,KG-HASH-68475EC4
حضانة طيور المحبة,Birds of Love Nursery,عمان,عمان,جبل عمان,دوار ثاني – شارع المعتصم 55 – بجانب عمارة قناة الجزيرة,KG-HASH-39B76A94
حضانة ريتان,Ritan Nursery,إربد,إربد,الحي الشرقي,خلف حلويات الكت والكات,KG-HASH-63C89E6F
حضانة الطفل الأمثل,Best Child Nursery,الزرقاء,الزرقاء,البتراوي,حي البتراوي,KG-HASH-9D52338B
حضانة الانامل الذهبية,Golden Fingers Nursery,عمان,عمان,شرق عمان,ماركا الشمالية – شارع فاطمة الزهراء – مسجد فاطمة الزهراء,KG-HASH-4235AA00
حضانة حكايتي الصغيرة,My Little Story Nursery,عمان,عمان,الجبيهة,مقابل الجمعية العلمية الملكية – ط الأرضي,KG-HASH-41922AC3
حضانة براعم السكر,Sugar Buds Nursery,العقبة,العقبة,السكنية الثالثة,شارع العباسيين – بجانب مسجد سعد بن أبي وقاص,KG-HASH-4AA4B4D3
حضانة درجات صغيرة,Small Steps Nursery,عمان,عمان,اليوبيل,دوار البرديني – قرب مدارس الإشراق,KG-HASH-FF9AE220
حضانة أشكال النموذجية,Shapes Model Nursery,إربد,إربد,خلف مستشفى إربد التخصصي,0772155227,KG-IR-0001
حضانة لطفولة أرقى,Finer Childhood Nursery,الزرقاء,الزرقاء,مدينة الشرق,قرب دوار الطيارة,KG-HASH-0BA37A4E
حضانة سلمى وزين,Salma & Zain Nursery,البلقاء,السلط,البقيع,البقيع,0790910177
حضانة هلا وغلا,Hala & Ghala Nursery,عمان,عمان,شرق عمان,طبربور – قرب إسكان الجيش – حديقة العهد والوفا – يوسف بني ياسين 9,KG-HASH-4CB76A0C
حضانة من الألف إلى الياء,From A to Z Nursery,عمان,عمان,جنوب عمان,مرج الحمام – إسكان عالية – فيلا 30,KG-AM-0021
حضانة الطفل السعيد,Happy Child Nursery,عمان,عمان,شرق عمان,ماركا الشمالية – حمزة – قرب مدرسة الشريف حسين,KG-HASH-0635148B-1
حضانة بدايات عظيمة,Great Beginnings Nursery,عمان,عمان,جبل الحسين,شارع إسماعيل بابوق 5,KG-HASH-6AD2B97C-1
حضانة ديمة النموذجية,Dima Model Nursery,البلقاء,السلط,شفا العامرية,شفا العامرية,KG-HASH-756B81D8
حضانة ضحكات الطفولة,Childhood Laughter Nursery,عمان,عمان,الشميساني,بناية 39 – شارع معروف الرصافي,KG-HASH-16722FFC
حضانة الأطفال السعداء,Happy Children Nursery,عمان,عمان,اليوبيل,مرج الحمام – شارع نالتشك – قرب مطعم دنيا المشاوي,KG-HASH-BE5F5773
حضانة جوان النموذجية,Jawan Model Nursery,الزرقاء,الزرقاء,الهاشمية,الحي الشرقي,KG-HASH-EBD119C2
حضانة نور الجبيهة,Nour Al-Jubeiha Nursery,عمان,عمان,الجبيهة,شارع مفلح اللوزي – بناية 32 – مقابل مفروشات شهوان,KG-HASH-68257B5B
حضانة وروضة رونق المودة,Ronaq Al-Mawaddah Nursery & KG,عمان,عمان,البيادر,شارع خضر قردن – مقابل النادي الأهلي,KG-HASH-0A2E8BF3
حضانة بريق النمارق,Briq Al-Namarq Nursery,البلقاء,السلط,البقعان,بجانب مدرسة فاطمة الزهراء,KG-HASH-C98B3A42
حضانة الأرض السعيدة,Happy Land Nursery,عمان,عمان,جنوب عمان,المقابلين – حي الصحابة – شارع عبد الكريم الخطاب,KG-HASH-A21959BA
حضانة الحمامي,Al-Hammami Nursery,عمان,عمان,الجبيهة,شارع الريان – أم زويتينة,5555
أكاديمية مدرسة وروضة جنى دان,Jana Dan Academy & KG,الزرقاء,الزرقاء,بيرين,خلف النبعة,KG-HASH-63D4D1AC
حضانة شذى الورد,Shatha Al-Ward Nursery,عمان,عمان,شرق عمان,طبربور – شارع عجاج الهبارنة – قرب مسجد عباد الرحمن,KG-HASH-E4A8221D
حضانة بذور الغد,Seeds of Tomorrow Nursery,عمان,عمان,شرق عمان,إسكان الجيش – شارع عبدالقادر الزغول – باتجاه أبو عليا,KG-HASH-B85BE7B2
حضانة ناريمان النموذجية,Nariman Model Nursery,الرمثا,الرمثا,الرمثا,مقابل مدرسة جمانة,KG-HASH-A5004523
حضانة كوكب المرح الطفولي,Fun Planet Childhood Nursery,العقبة,العقبة,الثامنة,قرب مسجد الكالوتي,KG-HASH-1E3C633A
حضانة ورود الربيع,Spring Roses Nursery,البلقاء,السلط,ماحص,شارع المدارس,KG-HASH-3D270AC1
حضانة حسام وسبأ الحديثة,Husam & Saba Modern Nursery,إربد,إربد,الحصن,الحي الشرقي – شارع الكلية,791854881
حضانة تكوين,Takween Nursery,عمان,عمان,شمال عمان,طلوع الجاذبية – قرب سوبرماركت ياهلا,KG-HASH-9112EFC2
حضانة الفطاحلة النموذجية,Al-Fatahilah Model Nursery,إربد,إربد,الحي الجنوبي,جنوب غرب دوار صحارى – 300 متر,KG-HASH-6FF73128
حضانة بيت السكاكر,Candy House Nursery,إربد,إربد,الراهبات الوردية,خلف مستشفى الراهبات الوردية – بجانب السور,KG-HASH-B3342EDC
حضانة القلب السعيد,Happy Heart Nursery,عمان,عمان,شرق عمان,ضاحية الأمير حسن – قرب مطعم الهنيني,KG-HASH-D57300DD
حضانة كوخ الدب,Bear Cabin Nursery,الزرقاء,الزرقاء,الجبل الشمالي,شارع الملك عبد الله الثاني,KG-HASH-7F0FA9DD
حضانة الفقاعة المضحكة,Funny Bubble Nursery,عمان,عمان,أم السماق,شارع عطيوي المجالي – بناية 26,KG-HASH-68475EC4-1
حضانة طيور المحبة,Birds of Love Nursery,عمان,عمان,جبل عمان,دوار ثاني – شارع المعتصم 55 – بجانب عمارة قناة الجزيرة,KG-HASH-39B76A94-1
حضانة ريتان,Ritan Nursery,إربد,إربد,الحي الشرقي,خلف حلويات الكت والكات,KG-HASH-63C89E6F-1
حضانة الطفل الأمثل,Best Child Nursery,الزرقاء,الزرقاء,البتراوي,حي البتراوي,KG-HASH-9D52338B-1
حضانة اليوم السعيد,Al-Yawm Al-Saeed Nursery,عمان,عمان,بسمان/جبل النزهة,شارع الكويتية – بناية 15,0790225163
حضانة فرح النموذجية,Farah Model Nursery,عمان,عمان,جبل الحسين,دوار الداخلية – نزول سرفيس العبدلي,05695093
روضة وحضانة نداء الطفولة,Nadaa Al-Tufulah Nursery & KG,عمان,عمان,شمال عمان,شارع البلدية بعد البنك الإسلامي مقابل ملحمة الخليل,KG-AM-0022
حضانة سيسو النموذجية,Siso Model Nursery,عمان,عمان,خلدا,قرب دوار السكر – مقابل سامح مول,05522949
روضة ومدارس أكاديمية ريتال الدولية,Rital International Academy,عمان,عمان,ياجوز,تقاطع جسر ياجوز – شارع الأردن,05336363
حضانة قوس قزح النموذجية,Rainbow Model Nursery,عمان,عمان,الشميساني,الشميساني,05605300
شركة إبداع الطفولة,Ebdaa Al-Tufulah,عمان,عمان,شمال عمان,شارع شريفة زين – خلف روان كيك,0790932622
حضانة الصياد الصغير,Little Hunter Nursery,عمان,عمان,جنوب عمان,مرج الحمام – شارع محمد بن طلال,0797710897
الشجرة المباركة للتعليم والاستثمار,Blessed Tree Education,عمان,عمان,شمال عمان,إشارة جبري – خلف بهجت سنتر,055555
حضانة نطاق الألوان المرحة,Color Range Fun Nursery,عمان,عمان,شرق عمان,شفا بدران – بجانب أكاديمية ريماس,05231617
حضانة زهور صغيرة,Little Flowers Nursery,عمان,عمان,الشميساني,شارع الفيحاء,0792872827
حضانة المشاكس الصغير,Little Mischief Nursery,عمان,عمان,أم أذينة,شارع الكوفة – بناية 71,0790395471
حضانة عبق عجلون النموذجية,Abq Ajloun Model Nursery,عجلون,عجلون,عبين,شارع إربد – مقابل صالة النورس,0778952295
مؤسسة المنهل التربوية,Al-Manhal Educational Institution,عمان,عمان,الجامعة الأردنية,إسكان الجامعة الأردنية,065153751
حضانة النحلة الصغيرة,Little Bee Nursery,عمان,عمان,الجاردنز,دخلة مطعم السروات,KG-AM-0023
حضانة مملكة السكر,Sugar Kingdom Nursery,عمان,عمان,شرق عمان,طبربور – شارع أسعد بن زرارة,0797064545
حضانة طوق الياسمين,Tawq Al-Yasmin Nursery,عمان,عمان,شرق عمان,طبربور – مظهر علاونة – بجانب موسيقات القوات,04897208
حضانة قمم الأشجار,Tree Tops Nursery,عمان,عمان,الشميساني,عبد الحميد كرامي – بناية 8,KG-HASH-D2C447CD
حضانة الخيوط اللامعة,Shining Threads Nursery,عمان,عمان,أبو السوس,إسكان الأمانة – حي الصنوبر,0795241103
حضانة الما وأيلا,Alma & Ayla Nursery,عمان,عمان,شمال عمان,ضاحية الرشيد – قبل سكن أميمة,0792107921
حضانة ماما رولا,Mama Rola Nursery,عمان,عمان,شرق عمان,شفا بدران – حي ذهيبة – خلف الكلحة – بناية 3,0798076488
حضانة حبات التوت,Raspberry Seeds Nursery,عمان,عمان,مرج الحمام,شارع مويى النهار,KG-AM-0024
حضانة أطفال تمارا,Tamara Kids Nursery,عمان,عمان,شمال عمان,خلف مطعم طواحين,0775136924
حضانة أزهار بيسان,Bisan Flowers Nursery,عمان,عمان,شرق عمان,الهاشمي الشمالي – حي نايفة – مقابل وزارة الصحة,065057240
حضانة دانة الدولية,Dana International Nursery,عمان,عمان,شمال عمان,تلاع العلي – خلف الهوليدي إن,0797097685
حضانة سالي وسلمى,Sally & Salma Nursery,عمان,عمان,شمال عمان,الجبيهة – مقابل الأحدث سابقاً,05238494
حضانة وسيم النموذجية,Waseem Model Nursery,عمان,عمان,جنوب عمان,الأشرفية – حي أم تينة,0798457004
حضانة النحلة جولي,Jolly Bee Nursery,عمان,عمان,شرق عمان,طبربور – بجانب جامعة العلوم الإسلامية,0796897303
حضانة الأكواخ الملونة,Colored Cabins Nursery,عمان,عمان,الشميساني,شارع الجاحظ – مقابل مجمع السعيد,0795659165
حضانة النجوم المتلألئة,Twinkling Stars Nursery,عمان,عمان,اليوبيل,مرج الحمام – شارع نايف بن عاصم,0799629292
حضانة جنتي للأطفال,My Paradise Nursery,عمان,عمان,شمال عمان,خلدا – شارع المعارف – قرب مدرسة المعارف,0797387766
حضانة ميرا والمى,Mira & Al-Mi Nursery,عمان,عمان,جنوب عمان,شارع فايزة المعارجة,0786510163
حضانة عصافير الكرك,Karak Sparrows Nursery,الكرك,الكرك,الكرك,الثنية – الشارع الرئيسي,1111111111
حضانة القطط الصغيرة,Little Kittens Nursery,عمان,عمان,شمال عمان,تلاع العلي – بجانب البشيتي – بناية 3,0795740854
حضانة الطفل الحسن,Good Child Nursery,عمان,عمان,اليوبيل,بيادر وادي السير – الجندويل,0799645430
روضة وحضانة أنا الصغير,Ana Al-Saghir Nursery & KG,عمان,عمان,شمال عمان,خرجا – دخلة مدارس الدر المنثور,05538008
حضانة القلب الكبير,Big Heart Nursery,إربد,إربد,إربد,قرب مضافة أبو سالم,07247155
حضانة قرية التوت العالمية,Global Berry Village Nursery,عمان,عمان,عمان المركز,دوار الكيلو – خلف البرجر كنج – عمارة 46,0798288080
حضانة الجيل القادم,Next Generation Nursery,عمان,عمان,شمال عمان,المدينة الرياضية – شمس الدين الذهبي,KG-AM-0025
حضانة الانامل الذهبية,Golden Fingers Nursery,عمان,عمان,شرق عمان,ماركا الشمالية – شارع فاطمة الزهراء – مسجد فاطمة الزهراء,KG-HASH-4235AA00-1
حضانة حكايتي الصغيرة,My Little Story Nursery,عمان,عمان,الجبيهة,مقابل الجمعية العلمية الملكية – ط الأرضي,KG-HASH-41922AC3-1
حضانة براعم السكر,Sugar Buds Nursery,العقبة,العقبة,السكنية الثالثة,شارع العباسيين – بجانب مسجد سعد بن أبي وقاص,KG-HASH-4AA4B4D3-1
حضانة درجات صغيرة,Small Steps Nursery,عمان,عمان,اليوبيل,دوار البرديني – قرب مدارس الإشراق,KG-HASH-FF9AE220-1
حضانة أشكال النموذجية,Shapes Model Nursery,إربد,إربد,خلف مستشفى إربد التخصصي,0772155227,KG-IR-0002
حضانة لطفولة أرقى,Finer Childhood Nursery,الزرقاء,الزرقاء,مدينة الشرق,قرب دوار الطيارة,KG-HASH-0BA37A4E-1
حضانة سلمى وزين,Salma & Zain Nursery,البلقاء,السلط,البقيع,البقيع,KG-HASH-2761F2DE
حضانة هلا وغلا,Hala & Ghala Nursery,عمان,عمان,شرق عمان,طبربور – قرب إسكان الجيش – حديقة العهد والوفا – يوسف بني ياسين 9,KG-HASH-4CB76A0C-1
حضانة من الألف إلى الياء,From A to Z Nursery,عمان,عمان,جنوب عمان,مرج الحمام – إسكان عالية – فيلا 30,KG-AM-0026
حضانة الطفل السعيد,Happy Child Nursery,عمان,عمان,شرق عمان,ماركا الشمالية – حمزة – قرب مدرسة الشريف حسين,KG-HASH-0635148B-2
حضانة بدايات عظيمة,Great Beginnings Nursery,عمان,عمان,جبل الحسين,شارع إسماعيل بابوق 5,KG-HASH-6AD2B97C-2
حضانة ديمة النموذجية,Dima Model Nursery,البلقاء,السلط,شفا العامرية,شفا العامرية,KG-HASH-756B81D8-1
حضانة ضحكات الطفولة,Childhood Laughter Nursery,عمان,عمان,الشميساني,بناية 39 – شارع معروف الرصافي,791520563
حضانة الأطفال السعداء,Happy Children Nursery,عمان,عمان,اليوبيل,مرج الحمام – شارع نالتشك – قرب مطعم دنيا المشاوي,KG-HASH-BE5F5773-1
حضانة جوان النموذجية,Jawan Model Nursery,الزرقاء,الزرقاء,الهاشمية,الحي الشرقي,KG-HASH-EBD119C2-1
حضانة نور الجبيهة,Nour Al-Jubeiha Nursery,عمان,عمان,الجبيهة,شارع مفلح اللوزي – بناية 32 – مقابل مفروشات شهوان,KG-HASH-68257B5B-1
حضانة وروضة رونق المودة,Ronaq Al-Mawaddah Nursery & KG,عمان,عمان,البيادر,شارع خضر قردن – مقابل النادي الأهلي,KG-HASH-0A2E8BF3-1
حضانة بريق النمارق,Briq Al-Namarq Nursery,البلقاء,السلط,البقعان,بجانب مدرسة فاطمة الزهراء,KG-HASH-C98B3A42-1
حضانة الأرض السعيدة,Happy Land Nursery,عمان,عمان,جنوب عمان,المقابلين – حي الصحابة – شارع عبد الكريم الخطاب,KG-HASH-A21959BA-1
حضانة الحمامي,Al-Hammami Nursery,عمان,عمان,الجبيهة,شارع الريان – أم زويتينة,KG-HASH-6C739D9A
أكاديمية مدرسة وروضة جنى دان,Jana Dan Academy & KG,الزرقاء,الزرقاء,بيرين,خلف النبعة,KG-HASH-63D4D1AC-1
حضانة شذى الورد,Shatha Al-Ward Nursery,عمان,عمان,شرق عمان,طبربور – شارع عجاج الهبارنة – قرب مسجد عباد الرحمن,KG-HASH-E4A8221D-1
حضانة بذور الغد,Seeds of Tomorrow Nursery,عمان,عمان,شرق عمان,إسكان الجيش – شارع عبدالقادر الزغول – باتجاه أبو عليا,KG-HASH-B85BE7B2-1
حضانة ناريمان النموذجية,Nariman Model Nursery,الرمثا,الرمثا,الرمثا,مقابل مدرسة جمانة,KG-HASH-A5004523-1
حضانة كوكب المرح الطفولي,Fun Planet Childhood Nursery,العقبة,العقبة,الثامنة,قرب مسجد الكالوتي,KG-HASH-1E3C633A-1
حضانة ورود الربيع,Spring Roses Nursery,البلقاء,السلط,ماحص,شارع المدارس,KG-HASH-3D270AC1-1
حضانة حسام وسبأ الحديثة,Husam & Saba Modern Nursery,إربد,إربد,الحصن,الحي الشرقي – شارع الكلية,KG-HASH-5DF86710
حضانة تكوين,Takween Nursery,عمان,عمان,شمال عمان,طلوع الجاذبية – قرب سوبرماركت ياهلا,KG-HASH-9112EFC2-1
حضانة الفطاحلة النموذجية,Al-Fatahilah Model Nursery,إربد,إربد,الحي الجنوبي,جنوب غرب دوار صحارى – 300 متر,KG-HASH-6FF73128-1
حضانة بيت السكاكر,Candy House Nursery,إربد,إربد,الراهبات الوردية,خلف مستشفى الراهبات الوردية – بجانب السور,KG-HASH-B3342EDC-1
حضانة القلب السعيد,Happy Heart Nursery,عمان,عمان,شرق عمان,ضاحية الأمير حسن – قرب مطعم الهنيني,KG-HASH-D57300DD-1
حضانة كوخ الدب,Bear Cabin Nursery,الزرقاء,الزرقاء,الجبل الشمالي,شارع الملك عبد الله الثاني,KG-HASH-7F0FA9DD-1
حضانة الفقاعة المضحكة,Funny Bubble Nursery,عمان,عمان,أم السماق,شارع عطيوي المجالي – بناية 26,KG-HASH-68475EC4-2
حضانة طيور المحبة,Birds of Love Nursery,عمان,عمان,جبل عمان,دوار ثاني – شارع المعتصم 55 – بجانب عمارة قناة الجزيرة,KG-HASH-39B76A94-2
حضانة ريتان,Ritan Nursery,إربد,إربد,الحي الشرقي,خلف حلويات الكت والكات,KG-HASH-63C89E6F-2
حضانة الطفل الأمثل,Best Child Nursery,الزرقاء,الزرقاء,البتراوي,حي البتراوي,KG-HASH-9D52338B-2
حضانة اليوم السعيد,Al-Yawm Al-Saeed Nursery,عمان,عمان,بسمان/جبل النزهة,شارع الكويتية – بناية 15,790225163
حضانة فرح النموذجية,Farah Model Nursery,عمان,عمان,جبل الحسين,دوار الداخلية – نزول سرفيس العبدلي,5695093
روضة وحضانة نداء الطفولة,Nadaa Al-Tufulah Nursery & KG,عمان,عمان,شمال عمان,شارع البلدية بعد البنك الإسلامي مقابل ملحمة الخليل,KG-AM-0027
حضانة سيسو النموذجية,Siso Model Nursery,عمان,عمان,خلدا,قرب دوار السكر – مقابل سامح مول,KG-HASH-467ED77E
روضة ومدارس أكاديمية ريتال الدولية,Rital International Academy,عمان,عمان,ياجوز,تقاطع جسر ياجوز – شارع الأردن,KG-HASH-9932B088
حضانة قوس قزح النموذجية,Rainbow Model Nursery,عمان,عمان,الشميساني,الشميساني,5605300
شركة إبداع الطفولة,Ebdaa Al-Tufulah,عمان,عمان,شمال عمان,شارع شريفة زين – خلف روان كيك,790932622
حضانة الصياد الصغير,Little Hunter Nursery,عمان,عمان,جنوب عمان,مرج الحمام – شارع محمد بن طلال,797710897
الشجرة المباركة للتعليم والاستثمار,Blessed Tree Education,عمان,عمان,شمال عمان,إشارة جبري – خلف بهجت سنتر,KG-AM-0028
حضانة نطاق الألوان المرحة,Color Range Fun Nursery,عمان,عمان,شرق عمان,شفا بدران – بجانب أكاديمية ريماس,5231617
حضانة زهور صغيرة,Little Flowers Nursery,عمان,عمان,الشميساني,شارع الفيحاء,792872827
حضانة المشاكس الصغير,Little Mischief Nursery,عمان,عمان,أم أذينة,شارع الكوفة – بناية 71,790395471
حضانة عبق عجلون النموذجية,Abq Ajloun Model Nursery,عجلون,عجلون,عبين,شارع إربد – مقابل صالة النورس,778952295
مؤسسة المنهل التربوية,Al-Manhal Educational Institution,عمان,عمان,الجامعة الأردنية,إسكان الجامعة الأردنية,65153751
حضانة النحلة الصغيرة,Little Bee Nursery,عمان,عمان,الجاردنز,دخلة مطعم السروات,KG-AM-0029
حضانة مملكة السكر,Sugar Kingdom Nursery,عمان,عمان,شرق عمان,طبربور – شارع أسعد بن زرارة,797064545
حضانة طوق الياسمين,Tawq Al-Yasmin Nursery,عمان,عمان,شرق عمان,طبربور – مظهر علاونة – بجانب موسيقات القوات,4897208
حضانة قمم الأشجار,Tree Tops Nursery,عمان,عمان,الشميساني,عبد الحميد كرامي – بناية 8,795057999
حضانة الخيوط اللامعة,Shining Threads Nursery,عمان,عمان,أبو السوس,إسكان الأمانة – حي الصنوبر,795241103
حضانة الما وأيلا,Alma & Ayla Nursery,عمان,عمان,شمال عمان,ضاحية الرشيد – قبل سكن أميمة,792107921
حضانة ماما رولا,Mama Rola Nursery,عمان,عمان,شرق عمان,شفا بدران – حي ذهيبة – خلف الكلحة – بناية 3,798076488
حضانة حبات التوت,Raspberry Seeds Nursery,عمان,عمان,مرج الحمام,شارع مويى النهار,KG-AM-0030
حضانة أطفال تمارا,Tamara Kids Nursery,عمان,عمان,شمال عمان,خلف مطعم طواحين,775136924
حضانة أزهار بيسان,Bisan Flowers Nursery,عمان,عمان,شرق عمان,الهاشمي الشمالي – حي نايفة – مقابل وزارة الصحة,65057240
حضانة دانة الدولية,Dana International Nursery,عمان,عمان,شمال عمان,تلاع العلي – خلف الهوليدي إن,797097685
حضانة سالي وسلمى,Sally & Salma Nursery,عمان,عمان,شمال عمان,الجبيهة – مقابل الأحدث سابقاً,5238494
حضانة وسيم النموذجية,Waseem Model Nursery,عمان,عمان,جنوب عمان,الأشرفية – حي أم تينة,798457004
حضانة النحلة جولي,Jolly Bee Nursery,عمان,عمان,شرق عمان,طبربور – بجانب جامعة العلوم الإسلامية,796897303
حضانة الأكواخ الملونة,Colored Cabins Nursery,عمان,عمان,الشميساني,شارع الجاحظ – مقابل مجمع السعيد,795659165
حضانة النجوم المتلألئة,Twinkling Stars Nursery,عمان,عمان,اليوبيل,مرج الحمام – شارع نايف بن عاصم,799629292
حضانة جنتي للأطفال,My Paradise Nursery,عمان,عمان,شمال عمان,خلدا – شارع المعارف – قرب مدرسة المعارف,797387766
حضانة ميرا والمى,Mira & Al-Mi Nursery,عمان,عمان,جنوب عمان,شارع فايزة المعارجة,786510163
حضانة عصافير الكرك,Karak Sparrows Nursery,الكرك,الكرك,الكرك,الثنية – الشارع الرئيسي,KG-HASH-B864861A
حضانة القطط الصغيرة,Little Kittens Nursery,عمان,عمان,شمال عمان,تلاع العلي – بجانب البشيتي – بناية 3,795740854
حضانة الطفل الحسن,Good Child Nursery,عمان,عمان,اليوبيل,بيادر وادي السير – الجندويل,799645430
روضة وحضانة أنا الصغير,Ana Al-Saghir Nursery & KG,عمان,عمان,شمال عمان,خرجا – دخلة مدارس الدر المنثور,5538008
حضانة القلب الكبير,Big Heart Nursery,إربد,إربد,إربد,قرب مضافة أبو سالم,7247155
حضانة قرية التوت العالمية,Global Berry Village Nursery,عمان,عمان,عمان المركز,دوار الكيلو – خلف البرجر كنج – عمارة 46,798288080
حضانة الجيل القادم,Next Generation Nursery,عمان,عمان,شمال عمان,المدينة الرياضية – شمس الدين الذهبي,KG-AM-0031
حضانة التباشير البيضاء,White Chalk Nursery,عمان,عمان,بين الدوار 6 وال7,شارع التباشير,791560630
حضانة مونلايت,Moonlight Nursery,عمان,عمان,الشميساني,الشميساني,KG-AM-0032
حضانة فيرست ووردز,First Words Preschool,عمان,عمان,الصويفية,شارع سعيد المفتي – عمارة 16,796246213
روضة ومدرسة ليلى للتعليم الحديث,Leila Modern Education KG & School,عمان,عمان,طبربور,شارع محمد العويدات – مجمع 2,KG-AM-0033
حضانة ليتل ليرنرز,Little Learners Nursery,عمان,عمان,الرابية,شارع أنور الخطيب,KG-AM-0034
حضانة العلمي الممتع,Fun Science Nursery,عمان,عمان,اليوبيل,شارع عبد الله غوشة,KG-AM-0035
حضانة ميني مي,Mini Me Nursery,عمان,عمان,خلدا,شارع الأمير زيد,KG-AM-0036
حضانة الانطلاقة,Al Intilaqa Nursery,عمان,عمان,الصويفية,شارع بخيت العيسى,65865080
حضانة كوكون,Cocoon Nursery,عمان,عمان,الرابية,شارع محمد الخماش,KG-AM-0037
حضانة زهور المستقبل,Future Flowers Nursery,عمان,عمان,الرونق,شارع الأسبح – فيلا 6,782668833
حضانة نهج المعرفة,Nahj Al-Ma’rifa KG,عمان,عمان,الدوار الثامن,الدوار الثامن,KG-AM-0038
روضة بوك أند براش,Book n Brush KG,عمان,عمان,الصويفية,شارع زهدي عصفور,KG-AM-0039
حضانة البدايات المشرقة,Bright Beginnings Nursery,عمان,عمان,أم أذينة,شارع الدمام 48,795225253
حضانة وروضة وورلد كرياتيف,Creative World Nursery & KG,عمان,عمان,الرابية,شارع إبراهيم القطان 22,KG-AM-0040
حضانة الأطفال السعداء (2),Happy Kids Nursery (2),عمان,عمان,السهل,السهل,KG-AM-0041
حضانة السندريلا,Cinderella Nursery,عمان,عمان,جبل الحسين,شارع الملك عبد الله الثاني 2,64006176
روضة ينابيع العلم,Yanabe’ Al-Ilm KG,عمان,عمان,البيادر,مقسم العطار – شارع البيادر,KG-AM-0042
حضانة السوبر ناني,Super Nanny Nursery,عمان,عمان,المرج,المرج,7995009794
حضانة ميلكي تيث,Milky Teeth KG Nursery,عمان,عمان,خلدا,خلدا,KG-AM-0043
حضانة ستارفيش,Starfish Nursery,عمان,عمان,الرابية,شارع أنوارين مسمار 4,KG-AM-0044
حضانة ليتل هاندز,Little Hands Nursery,عمان,عمان,خلدا,خلدا,KG-AM-0045
حضانة وروضة ستيبينج ستون,Stepping Stone Preschool & Nursery,عمان,عمان,أم السماق,شارع أرتيريا 50,KG-AM-0046
حضانة آدم كيدز,Adam Kids Nursery,عمان,عمان,عبدون,عبدون,KG-AM-0047
حضانة رونق المودة,Ronaq Al-Mawaddah Nursery,عمان,عمان,البيادر,شارع خضر قردن – مقابل النادي الأهلي,795964769
حضانة أمبريلا,Umbrella Nursery,عمان,عمان,اليوبيل,اليوبيل,KG-AM-0048
حضانة وروضة المتفوقين أكاديمي,Al Mutafawqeen Academy KG & School,عمان,عمان,خلدا,شارع أيوب السختياني 14,KG-AM-0049
حضانة منزلي الكبير,My Big House Nursery,عمان,عمان,الشميساني,شارع الشريف ناصر بن جميل 78,KG-AM-0050
روضة أكاديمية الأطفال الرائعين,Wonderful Kids Academy KG,عمان,عمان,اليوبيل,شارع محمد العجلوني,KG-AM-0051
حضانة وروضة كراميل,Caramel Nursery & KG,عمان,عمان,خلدا,شارع الأميرة زينب 63,KG-AM-0052
حضانة بز بي,BuzzBee Nursery,عمان,عمان,خلدا,خلدا,KG-AM-0053
روضة وابه,Wabe KG,عمان,عمان,طبربور,شارع صدقي أبو شقرة,KG-AM-0054
حضانة سيفتي هاوس,Safety House Nursery,عمان,عمان,خلدا,شارع المعارف – خلدا,KG-AM-0055
حضانة ليتل بي,Little Bee Nursery,عمان,عمان,اليوبيل,اليوبيل,KG-AM-0056
روضة و حضانة هيل هاوس,Hill House KG & Nursery,عمان,عمان,الشميساني,شارع محمد علي بدير 37,KG-AM-0057
حضانة الأكواخ الملونة,Al-Akwakh Al-Mulawwanah Nursery,عمان,عمان,الشميساني,شارع الجاحظ – مقابل مجمع السعيد التجاري,KG-HASH-89BDD1D1
حضانة سويت آند نوتي,Sweet and Naughty Nursery,عمان,عمان,الشميساني,الشميساني,KG-AM-0058
حضانة كيدز فالي,Kids Valley Nursery,عمان,عمان,الشميساني,شارع يوسف بن تاشفين 5,KG-AM-0059
حضانة ليتل جاردن,Little Garden Pre & Nursery,عمان,عمان,خلدا,خلدا,KG-AM-0060
حضانة راقي الدولية,Raqi International Preschool,عمان,عمان,الرابية,شارع رفاعة بن أوس 46,KG-AM-0061
حضانة السلام,Al-Salam Nursery,عمان,عمان,الكرسي,الكرسي,KG-AM-0062
حضانة ستدي بلاي,Study Play KG,عمان,عمان,خلدا,شارع الشيخ حسين الجسر 44,KG-AM-0063
حضانة فيرست ستيب,First Step Nursery,عمان,عمان,اليوبيل,اليوبيل,KG-AM-0064
حضانة كينزي,Kenzi KG,عمان,عمان,طبربور,شارع فاضل أحمد خليفة 20,KG-AM-0065
حضانة ليتل بروفيسورز أكاديمي,Little Professors Academy,عمان,عمان,خلدا,شارع أبهى 11,KG-AM-0066
حضانة زين,Zain Nursery,عمان,عمان,اليوبيل,شارع الإخلاص 31,KG-AM-0067
حضانة وروضة ليونز كينجدوم,Lions Kingdom Nursery & Pre-school,عمان,عمان,دابوق,شارع يثرب 9,KG-AM-0068
روضة و حضانة المجد الوطنية,Al Majd National Academy KG,عمان,عمان,خلدا,شارع الفقهاء – مجمع 4,KG-AM-0069
حضانة وايت لاينز,White Lines Nursery,عمان,عمان,خلدا,شارع أم الدنانير – خلدا,KG-AM-0070
حضانة لارا,Lara Nursery,عمان,عمان,تلاع العلي,خلف سوبر ماركت الأهالي,65670424
حضانة المشاكس الصغير,Al-Mushakis Al-Saghir Nursery,عمان,عمان,أم أذينة,أم أذينة الشرقي,795581762
حضانة عطر الجوري,Atr Al-Jouri Nursery,عمان,عمان,الياسمين,شارع محمد سالم الثوايب,KG-AM-0071
حضانة وروضة هابي فايسيز,Happy Faces Nursery & Preschool,عمان,عمان,اليوبيل,شارع ثويبة بن حرملة,KG-AM-0072
حضانة آرت كير,Art Care Nursery,عمان,عمان,خلدا,شارع عروة بن أذينة,KG-AM-0073
حضانة وروضة ستيب باي ستيب,Step By Step Preschool,عمان,عمان,الرابية,شارع وديع قسطندي 3,KG-AM-0074
حضانة وروضة ليتل لاند,Little Land Nursery & Preschool,عمان,عمان,الشميساني,شارع الأشعري 15,KG-AM-0075
حضانة دانا,Dana Nursery,عمان,عمان,خلدا,كنيسة كرم إمسيح – خلدا,KG-AM-0076
حضانة بانان دي كير,Banan Daycare,عمان,عمان,اليوبيل,شارع موسى الساكت 76,KG-AM-0077
حضانة طوق الياسمين,Tawq Al-Yasmin Nursery,عمان,عمان,طبربور,مظهر علاونة – بجانب موسيقات القوات المسلحة,KG-HASH-984DF634
حضانة كولورز تري,Colors Tree Nursery,عمان,عمان,خلدا,شارع عيسى أبو قدوم 6,KG-AM-0078
حضانة كرادل تو كرايون,Cradle to Crayon Nursery,عمان,عمان,اليوبيل,شارع أحمد عرابي,KG-AM-0079
روضة أيوب,Ayoub KG,عمان,عمان,الشميساني,شارع أحمد أوكلة النصور,KG-AM-0080
روضة و حضانة نحن الأطفال,Nahnu Al-Atfal Nursery & KG,عمان,عمان,جبل الحسين,شارع عز الدين القسام,KG-AM-0081
حضانة وروضة صنلايت,Sunlight Nursery & Pre-School,عمان,عمان,الرابية,شارع نهاوند – الرابية,KG-AM-0082
روضة و حضانة عالم الصغار,Aalam Al-Sighar Nursery & KG,عمان,عمان,الشميساني,شارع أسيد بن ثعلبة,KG-AM-0083
حضانة كُن طفلًا,Kun Tiflan Nursery,عمان,عمان,اليوبيل,شارع تعز,KG-AM-0084
حضانة تري توبس,Tree Tops Nursery,عمان,عمان,الشميساني,شارع عبد الحميد كرامي,KG-HASH-AE47A5BB
روضة هابي هارت,Happy Heart Kindergarten,عمان,عمان,اليوبيل,مجمع النور – شارع محمد بن غطوس,KG-AM-0085
حضانة بامبل بي,Bumble Bee Preschool,عمان,عمان,الرابية,شارع تبريز,KG-AM-0086
حضانة الما وايلا,Alma and Ayla Nursery,عمان,عمان,ضاحية الرشيد,قبل سكن أميمة,798683815
حضانة ليديبرد,Ladybird Nursery,عمان,عمان,الشميساني,شارع يوسف بن تاشفين,KG-AM-0087
حضانة داندون,Dandoon Nursery,عمان,عمان,خلدا,شارع عبد الله الأعزب,KG-AM-0088
حضانة إيرلي بيرد (تلاع العلي),Early Bird Nursery (Tala Al-Ali),عمان,عمان,تلاع العلي,مجمع 44 – شارع عبد الحليم عباس,KG-AM-0089
روضة الطفل السعيد,Al-Tifl Al-Saeed KG,عمان,عمان,شرق عمان,ماركا الشمالية – حمزة,4895823
حضانة هيا سبراوتس,Haya Sprouts Preschool,عمان,عمان,خلدا,شاكر بن زيد,KG-AM-0090
حضانة بيتي الصغير,My Little Home Nursery,عمان,عمان,شمال عمان,يوسف بن تاشفين 20 – الشميساني,65676210
روضة كيدز واي,Kids Way Kindergarten,عمان,عمان,خلدا,شارع الأوزاعي – مجمع 11,KG-AM-0091
حضانة جريت بيجينينجز,Great Beginnings Child Care,عمان,عمان,جبل الحسين,شارع إسماعيل بابوق,775367440
حضانة ليتل ستيبس,Little Steps Nursery,عمان,عمان,خلدا,شارع الشيخ حسين الجسر,KG-AM-0092
حضانة رايت ستارت,Right Start Nursery,عمان,عمان,اليوبيل,اليوبيل,KG-AM-0093
روضة الأصدقاء المبدعين,Creative Friends KG,عمان,عمان,خلدا,شارع عبد الله بن مسعود 20,KG-AM-0094
حضانة الجيل القادم,Next Generation Nursery,عمان,عمان,شمال عمان,المدينة الرياضية – شمس الدين الذهبي,65163070
حضانة ليتل فلاورز,Little Flowers Day Nursery,عمان,عمان,خلدا,خلدا,KG-AM-0095
حضانة كيدز ستيبس,Kids Steps Nursery,عمان,عمان,الرابية,شارع تلمسان – مجمع 5,KG-AM-0096
حضانة شيري تري,Cherry Tree Nursery,عمان,عمان,جبل الحسين,شارع محمد جمجوم – مجمع 2,KG-AM-0097
حضانة ثراء كيدز,Thraa Kids Nursery,عمان,عمان,شرق عمان,شرق عمان,KG-AM-0098
حضانة الفقاعة المضحكة,Funny Bubble Nursery,عمان,عمان,أم السماق,شارع عطيوي المجالي – بناية 26,798379019
حضانة طيور المحبة,Birds of Love Nursery,عمان,عمان,جبل عمان,دوار ثاني – شارع المعتصم 55,4623095
حضانة ريتان,Ritan Nursery,إربد,إربد,الحي الشرقي,خلف حلويات الكت والكات,789416515
حضانة الطفل الأمثل,Best Child Care Nursery,الزرقاء,الزرقاء,البتراوي,حي البتراوي,790063659
حضانة أطفال الرونق,Ronaq Kids Nursery,عمان,عمان,الرونق,شارع محمد علي حسين الكردي – عمارة 30,775933580
حضانة البالون,Balloon Nursery,عمان,عمان,الدوار السابع,بجانب فندق جنيفا,5815852
حضانة براعم الرمثا التعليمية والنموذجية,Baraem Al-Ramtha Educational & Model Nursery,الرمثا,الرمثا,الرئيسي,الرئيسي,799593982
حضانة النبات السليم,Healthy Plant Nursery,عمان,عمان,طبربور,حي الشهيد الجنوبي,790479314
حضانة أرض النجوم,Land of Stars Nursery,عمان,عمان,ضاحية الرشيد,مقابل مدرسة تقارب,KG-HASH-2AB7CA43
حضانة صقور العزة,Falcons of Pride Nursery,عمان,عمان,أبو نصير,شارع السعادة,796655818
حضانة أطفال التوت البري,Wild Berry Kids Nursery,عمان,عمان,اليوبيل,شارع عبدالله غوشة – بجانب مسجد أحد,797266304
حضانة أنس وأمير,Anas & Amir Nursery,عمان,عمان,الجبيهة,حي الريان – شارع المريري,770065605
حضانة ألوان الفرح للأطفال,Colors of Joy Nursery,عمان,عمان,شرق عمان,حي العبداللات – بجانب مدرسة الكندي,785652504
حضانة أحمد وضحى,Ahmed & Dahaa Nursery,إربد,إربد,الصريح,الصريح,772258725
حضانة البداية السعيدة النموذجية,Happy Beginning Model Nursery,عمان,عمان,اليوبيل,شارع المدينة المنورة,795395747
حضانة أنا وأخي نمرح,Me & My Brother Play Nursery,مادبا,مادبا,اليرموك,شارع اليرموك,772211947
حضانة جود وميرا,Jood & Mira Nursery,الزرقاء,الزرقاء,جبل المغير,قرب صيدلية شمع العسل,782209062
حضانة ضوء القمر,Moonlight Nursery,عمان,عمان,الصويفية,قرب قرية الصويفية – شارع زكي الصويتي,78988868
حضانة بيت الحلوة للأطفال,Sweet Home Kids Nursery,عمان,عمان,الجاردنز,خلف مدارس الرأي – عمارة 20,799853333
حضانة الطفل العربي,Arab Child Nursery,إربد,إربد,الحي الشرقي,قرب أسواق المؤسسة العسكرية,793050777
حضانة حبايبنا,Our Darlings Nursery,إربد,إربد,النعيمة,النعيمة,790959613
حضانة الخطوات التعليمية,Educational Steps Nursery,عجلون,عجلون,عبين,خلف مطعم داريا – شارع إربد–عجلون,775570101
حضانة فوفو ودودو,Fufu & Dodo Model Nursery,عمان,عمان,مرج الحمام,حي الأمير حمزة,777726263
حضانة ورود المستقبل,Future Roses Nursery,عمان,عمان,الرونق,شارع الأصبه – بناية 6,KG-HASH-9EBF0C55
حضانة الانطباعات الأولى,First Impressions Nursery,إربد,إربد,الراهبات الوردية,غرب مسجد أبو دلو,780466032
حضانة بابا سنفور,Papa Smurf Nursery,إربد,إربد,إربد,إربد,787054530
حضانة جمعية الشابات المسيحية الخيرية-الفحيص,YWCA Al-Fuheis Nursery,البلقاء,السلط,الفحيص,خلف بيت الفحيص – شارع صبيان الحصان,799946050
حضانة رياحين الجنة,Breezes of Paradise Nursery,عمان,عمان,شرق عمان,الهاشمي الشمالي – شارع الحارث العبدي,797401206
حضانة خمسة وستون 65,65 Nursery,البلقاء,السلط,المدينة الرياضية,قرب مدارس السلط الأهلية,777774819
حضانة جنة الورد,Rose Paradise Nursery,عجلون,عجلون,عين جنا,مبنى البلدية – وسط البلد,777006207
حضانة الكلمات الأولى,First Words Nursery,عمان,عمان,الصويفية,شارع سعيد المفتي – عمارة 16,KG-HASH-B7734AB4
حضانة زين ونانا,Zain & Nana Nursery,البلقاء,السلط,أم عليه,الشارع الرئيسي,785226638
حضانة أفضل مكان لطفلك,Best Place for Your Child Nursery,إربد,إربد,إربد,,790303443
حضانة زهور الليلك,Lilac Flowers Nursery,عمان,عمان,اليوبيل,مقابل مركز صحي أم السوس,795049140
المستوى الرفيع المتميز للتعليم,High Level Distinguished Education,عمان,عمان,الشميساني,شارع ابن الفارض 11,799714198
حضانة المملكة الصغيرة,Small Kingdom Nursery,عمان,عمان,ضاحية الياسمين,شارع حفصة بنت عمرو 35,792024263
حضانة أحلام المستقبل النموذجية,Dreams of the Future Model Nursery,مادبا,مادبا,الخطابية,الخطابية,779681212
حضانة عبق الربيع,Spring Fragrance Nursery,عمان,عمان,شرق عمان,طبربور – شارع قمر اليافي مقابل حلويات نفيسة,797808114
حضانة الانامل الذهبية,Golden Fingers Nursery,عمان,عمان,شرق عمان,ماركا الشمالية – شارع فاطمة الزهراء – مسجد فاطمة الزهراء,799381207
حضانة حكايتي الصغيرة,My Little Story Nursery,عمان,عمان,الجبيهة,مقابل الجمعية العلمية الملكية – ط الأرضي,5340409
حضانة براعم السكر,Sugar Buds Nursery,العقبة,العقبة,السكنية الثالثة,شارع العباسيين – بجانب مسجد سعد بن أبي وقاص,792030177
حضانة درجات صغيرة,Small Steps Nursery,عمان,عمان,اليوبيل,دوار البرديني – قرب مدارس الإشراق,785905701
حضانة أشكال النموذجية,Shapes Model Nursery,إربد,إربد,خلف مستشفى إربد التخصصي,0772155227,KG-IR-0003
حضانة لطفولة أرقى,Finer Childhood Nursery,الزرقاء,الزرقاء,مدينة الشرق,قرب دوار الطيارة,772000294
حضانة سلمى وزين,Salma & Zain Nursery,البلقاء,السلط,البقيع,البقيع,KG-HASH-2761F2DE-1
حضانة هلا وغلا,Hala & Ghala Nursery,عمان,عمان,شرق عمان,طبربور – قرب إسكان الجيش – حديقة العهد والوفا – يوسف بني ياسين 9,5056076
حضانة من الألف إلى الياء,From A to Z Nursery,عمان,عمان,جنوب عمان,مرج الحمام – إسكان عالية – فيلا 30,KG-AM-0099
حضانة الطفل السعيد,Happy Child Nursery,عمان,عمان,شرق عمان,ماركا الشمالية – حمزة – قرب مدرسة الشريف حسين,KG-HASH-0635148B-3
حضانة بدايات عظيمة,Great Beginnings Nursery,عمان,عمان,جبل الحسين,شارع إسماعيل بابوق 5,KG-HASH-6AD2B97C-3
حضانة ديمة النموذجية,Dima Model Nursery,البلقاء,السلط,شفا العامرية,شفا العامرية,772118163
حضانة ضحكات الطفولة,Childhood Laughter Nursery,عمان,عمان,الشميساني,بناية 39 – شارع معروف الرصافي,KG-HASH-16722FFC-1
حضانة الأطفال السعداء,Happy Children Nursery,عمان,عمان,اليوبيل,مرج الحمام – شارع نالتشك – قرب مطعم دنيا المشاوي,797083374
حضانة جوان النموذجية,Jawan Model Nursery,الزرقاء,الزرقاء,الهاشمية,الحي الشرقي,788067807
حضانة نور الجبيهة,Nour Al-Jubeiha Nursery,عمان,عمان,الجبيهة,شارع مفلح اللوزي – بناية 32 – مقابل مفروشات شهوان,797670971
حضانة وروضة رونق المودة,Ronaq Al-Mawaddah Nursery & KG,عمان,عمان,البيادر,شارع خضر قردن – مقابل النادي الأهلي,KG-HASH-0A2E8BF3-2
حضانة بريق النمارق,Briq Al-Namarq Nursery,البلقاء,السلط,البقعان,بجانب مدرسة فاطمة الزهراء,797094191
حضانة الأرض السعيدة,Happy Land Nursery,عمان,عمان,جنوب عمان,المقابلين – حي الصحابة – شارع عبد الكريم الخطاب,790921251
حضانة الحمامي,Al-Hammami Nursery,عمان,عمان,الجبيهة,شارع الريان – أم زويتينة,KG-HASH-6C739D9A-1
أكاديمية مدرسة وروضة جنى دان,Jana Dan Academy & KG,الزرقاء,الزرقاء,بيرين,خلف النبعة,788616293
حضانة شذى الورد,Shatha Al-Ward Nursery,عمان,عمان,شرق عمان,طبربور – شارع عجاج الهبارنة – قرب مسجد عباد الرحمن,791077254
حضانة بذور الغد,Seeds of Tomorrow Nursery,عمان,عمان,شرق عمان,إسكان الجيش – شارع عبدالقادر الزغول – باتجاه أبو عليا,789995605
حضانة ناريمان النموذجية,Nariman Model Nursery,الرمثا,الرمثا,الرمثا,مقابل مدرسة جمانة,786306644
حضانة كوكب المرح الطفولي,Fun Planet Childhood Nursery,العقبة,العقبة,الثامنة,قرب مسجد الكالوتي,9872021168
حضانة ورود الربيع,Spring Roses Nursery,البلقاء,السلط,ماحص,شارع المدارس,772663512
حضانة حسام وسبأ الحديثة,Husam & Saba Modern Nursery,إربد,إربد,الحصن,الحي الشرقي – شارع الكلية,KG-HASH-5DF86710-1
حضانة تكوين,Takween Nursery,عمان,عمان,شمال عمان,طلوع الجاذبية – قرب سوبرماركت ياهلا,792127898
حضانة الفطاحلة النموذجية,Al-Fatahilah Model Nursery,إربد,إربد,الحي الجنوبي,جنوب غرب دوار صحارى – 300 متر,777148052
حضانة بيت السكاكر,Candy House Nursery,إربد,إربد,الراهبات الوردية,خلف مستشفى الراهبات الوردية – بجانب السور,777747716
حضانة القلب السعيد,Happy Heart Nursery,عمان,عمان,شرق عمان,ضاحية الأمير حسن – قرب مطعم الهنيني,777772615
حضانة كوخ الدب,Bear Cabin Nursery,الزرقاء,الزرقاء,الجبل الشمالي,شارع الملك عبد الله الثاني,782929569
حضانة طيور المحبة,Birds of Love Nursery,عمان,عمان,جبل عمان,دوار ثاني – شارع المعتصم 55 – بجانب عمارة قناة الجزيرة,KG-HASH-39B76A94-3
حضانة الطفل الأمثل,Best Child Nursery,الزرقاء,الزرقاء,البتراوي,حي البتراوي,KG-HASH-9D52338B-3
حضانة اليوم السعيد,Al-Yawm Al-Saeed Nursery,عمان,عمان,بسمان/جبل النزهة,شارع الكويتية – بناية 15,KG-HASH-2B4CE2CE
حضانة فرح النموذجية,Farah Model Nursery,عمان,عمان,جبل الحسين,دوار الداخلية – نزول سرفيس العبدلي,KG-HASH-AA9129EC
روضة وحضانة نداء الطفولة,Nadaa Al-Tufulah Nursery & KG,عمان,عمان,شمال عمان,شارع البلدية بعد البنك الإسلامي مقابل ملحمة الخليل,KG-AM-0100
حضانة سيسو النموذجية,Siso Model Nursery,عمان,عمان,خلدا,قرب دوار السكر – مقابل سامح مول,KG-HASH-467ED77E-1
روضة ومدارس أكاديمية ريتال الدولية,Rital International Academy,عمان,عمان,ياجوز,تقاطع جسر ياجوز – شارع الأردن,KG-HASH-9932B088-1
حضانة قوس قزح النموذجية,Rainbow Model Nursery,عمان,عمان,الشميساني,الشميساني,KG-HASH-30C80BA5
شركة إبداع الطفولة,Ebdaa Al-Tufulah,عمان,عمان,شمال عمان,شارع شريفة زين – خلف روان كيك,KG-HASH-407914AF
حضانة الصياد الصغير,Little Hunter Nursery,عمان,عمان,جنوب عمان,مرج الحمام – شارع محمد بن طلال,KG-HASH-0D22143D
الشجرة المباركة للتعليم والاستثمار,Blessed Tree Education,عمان,عمان,شمال عمان,إشارة جبري – خلف بهجت سنتر,KG-HASH-3A27D298
حضانة نطاق الألوان المرحة,Color Range Fun Nursery,عمان,عمان,شرق عمان,شفا بدران – بجانب أكاديمية ريماس,KG-HASH-2605B857
حضانة زهور صغيرة,Little Flowers Nursery,عمان,عمان,الشميساني,شارع الفيحاء,KG-HASH-4E0BEFAA
حضانة المشاكس الصغير,Little Mischief Nursery,عمان,عمان,أم أذينة,شارع الكوفة – بناية 71,KG-HASH-0E557CFF
حضانة عبق عجلون النموذجية,Abq Ajloun Model Nursery,عجلون,عجلون,عبين,شارع إربد – مقابل صالة النورس,KG-HASH-5601454A
مؤسسة المنهل التربوية,Al-Manhal Educational Institution,عمان,عمان,الجامعة الأردنية,إسكان الجامعة الأردنية,KG-HASH-91358FF4
حضانة النحلة الصغيرة,Little Bee Nursery,عمان,عمان,الجاردنز,دخلة مطعم السروات,KG-AM-0101
حضانة مملكة السكر,Sugar Kingdom Nursery,عمان,عمان,شرق عمان,طبربور – شارع أسعد بن زرارة,KG-HASH-49966BEA
حضانة طوق الياسمين,Tawq Al-Yasmin Nursery,عمان,عمان,شرق عمان,طبربور – مظهر علاونة – بجانب موسيقات القوات,KG-HASH-984DF634-1
حضانة قمم الأشجار,Tree Tops Nursery,عمان,عمان,الشميساني,عبد الحميد كرامي – بناية 8,KG-HASH-D2C447CD-1
حضانة الخيوط اللامعة,Shining Threads Nursery,عمان,عمان,أبو السوس,إسكان الأمانة – حي الصنوبر,KG-HASH-FCF5F87B
حضانة الما وأيلا,Alma & Ayla Nursery,عمان,عمان,شمال عمان,ضاحية الرشيد – قبل سكن أميمة,KG-HASH-46291761
حضانة ماما رولا,Mama Rola Nursery,عمان,عمان,شرق عمان,شفا بدران – حي ذهيبة – خلف الكلحة – بناية 3,KG-HASH-51336EBC
حضانة حبات التوت,Raspberry Seeds Nursery,عمان,عمان,مرج الحمام,شارع مويى النهار,KG-AM-0102
حضانة أطفال تمارا,Tamara Kids Nursery,عمان,عمان,شمال عمان,خلف مطعم طواحين,KG-HASH-D54CBE34
حضانة أزهار بيسان,Bisan Flowers Nursery,عمان,عمان,شرق عمان,الهاشمي الشمالي – حي نايفة – مقابل وزارة الصحة,KG-HASH-F0D51A7A
حضانة دانة الدولية,Dana International Nursery,عمان,عمان,شمال عمان,تلاع العلي – خلف الهوليدي إن,KG-HASH-21F6AEA4
حضانة سالي وسلمى,Sally & Salma Nursery,عمان,عمان,شمال عمان,الجبيهة – مقابل الأحدث سابقاً,KG-HASH-50F99C52
حضانة وسيم النموذجية,Waseem Model Nursery,عمان,عمان,جنوب عمان,الأشرفية – حي أم تينة,KG-HASH-A737AF34
حضانة النحلة جولي,Jolly Bee Nursery,عمان,عمان,شرق عمان,طبربور – بجانب جامعة العلوم الإسلامية,KG-HASH-F9383D91
حضانة الأكواخ الملونة,Colored Cabins Nursery,عمان,عمان,الشميساني,شارع الجاحظ – مقابل مجمع السعيد,KG-HASH-89BDD1D1-1
حضانة النجوم المتلألئة,Twinkling Stars Nursery,عمان,عمان,اليوبيل,مرج الحمام – شارع نايف بن عاصم,KG-HASH-68E974B2
حضانة جنتي للأطفال,My Paradise Nursery,عمان,عمان,شمال عمان,خلدا – شارع المعارف – قرب مدرسة المعارف,KG-HASH-43031B1B
حضانة ميرا والمى,Mira & Al-Mi Nursery,عمان,عمان,جنوب عمان,شارع فايزة المعارجة,KG-HASH-7A601E38
حضانة عصافير الكرك,Karak Sparrows Nursery,الكرك,الكرك,الكرك,الثنية – الشارع الرئيسي,KG-HASH-B864861A-1
حضانة القطط الصغيرة,Little Kittens Nursery,عمان,عمان,شمال عمان,تلاع العلي – بجانب البشيتي – بناية 3,KG-HASH-F761251C
حضانة الطفل الحسن,Good Child Nursery,عمان,عمان,اليوبيل,بيادر وادي السير – الجندويل,KG-HASH-9B7848CF
روضة وحضانة أنا الصغير,Ana Al-Saghir Nursery & KG,عمان,عمان,شمال عمان,خرجا – دخلة مدارس الدر المنثور,KG-HASH-1070AA6D
حضانة القلب الكبير,Big Heart Nursery,إربد,إربد,إربد,قرب مضافة أبو سالم,KG-HASH-B233B2FD
حضانة قرية التوت العالمية,Global Berry Village Nursery,عمان,عمان,عمان المركز,دوار الكيلو – خلف البرجر كنج – عمارة 46,KG-HASH-6E5273CC
حضانة الجيل القادم,Next Generation Nursery,عمان,عمان,شمال عمان,المدينة الرياضية – شمس الدين الذهبي,KG-HASH-26164CE9
حضانة التباشير البيضاء,White Chalk Nursery,عمان,عمان,بين الدوار 6 وال7,شارع التباشير,0791560630
حضانة مونلايت,Moonlight Nursery,عمان,عمان,الشميساني,الشميساني,KG-AM-0103
حضانة فيرست ووردز,First Words Preschool,عمان,عمان,الصويفية,شارع سعيد المفتي – عمارة 16,KG-HASH-DDDF528F
روضة ومدرسة ليلى للتعليم الحديث,Leila Modern Education KG & School,عمان,عمان,طبربور,شارع محمد العويدات – مجمع 2,KG-AM-0104
حضانة ليتل ليرنرز,Little Learners Nursery,عمان,عمان,الرابية,شارع أنور الخطيب,KG-AM-0105
حضانة العلمي الممتع,Fun Science Nursery,عمان,عمان,اليوبيل,شارع عبد الله غوشة,KG-AM-0106
حضانة ميني مي,Mini Me Nursery,عمان,عمان,خلدا,شارع الأمير زيد,KG-AM-0107
حضانة الانطلاقة,Al Intilaqa Nursery,عمان,عمان,الصويفية,شارع بخيت العيسى,KG-HASH-526522B6
حضانة كوكون,Cocoon Nursery,عمان,عمان,الرابية,شارع محمد الخماش,KG-AM-0108
حضانة زهور المستقبل,Future Flowers Nursery,عمان,عمان,الرونق,شارع الأسبح – فيلا 6,KG-HASH-F845F6B6
حضانة نهج المعرفة,Nahj Al-Ma’rifa KG,عمان,عمان,الدوار الثامن,الدوار الثامن,KG-AM-0109
روضة بوك أند براش,Book n Brush KG,عمان,عمان,الصويفية,شارع زهدي عصفور,KG-AM-0110
حضانة البدايات المشرقة,Bright Beginnings Nursery,عمان,عمان,أم أذينة,شارع الدمام 48,KG-HASH-D7CFF932
حضانة وروضة وورلد كرياتيف,Creative World Nursery & KG,عمان,عمان,الرابية,شارع إبراهيم القطان 22,KG-AM-0111
حضانة الأطفال السعداء (2),Happy Kids Nursery (2),عمان,عمان,السهل,السهل,KG-AM-0112
حضانة السندريلا,Cinderella Nursery,عمان,عمان,جبل الحسين,شارع الملك عبد الله الثاني 2,KG-HASH-0A54A420
روضة ينابيع العلم,Yanabe’ Al-Ilm KG,عمان,عمان,البيادر,مقسم العطار – شارع البيادر,KG-AM-0113
حضانة السوبر ناني,Super Nanny Nursery,عمان,عمان,المرج,المرج,KG-HASH-63B6BE81
حضانة ميلكي تيث,Milky Teeth KG Nursery,عمان,عمان,خلدا,خلدا,KG-AM-0114
حضانة ستارفيش,Starfish Nursery,عمان,عمان,الرابية,شارع أنوارين مسمار 4,KG-AM-0115
حضانة ليتل هاندز,Little Hands Nursery,عمان,عمان,خلدا,خلدا,KG-AM-0116
حضانة وروضة ستيبينج ستون,Stepping Stone Preschool & Nursery,عمان,عمان,أم السماق,شارع أرتيريا 50,KG-AM-0117
حضانة آدم كيدز,Adam Kids Nursery,عمان,عمان,عبدون,عبدون,KG-AM-0118
حضانة رونق المودة,Ronaq Al-Mawaddah Nursery,عمان,عمان,البيادر,شارع خضر قردن – مقابل النادي الأهلي,KG-HASH-AFC636DF
حضانة أمبريلا,Umbrella Nursery,عمان,عمان,اليوبيل,اليوبيل,KG-AM-0119
حضانة وروضة المتفوقين أكاديمي,Al Mutafawqeen Academy KG & School,عمان,عمان,خلدا,شارع أيوب السختياني 14,KG-AM-0120
حضانة منزلي الكبير,My Big House Nursery,عمان,عمان,الشميساني,شارع الشريف ناصر بن جميل 78,KG-AM-0121
روضة أكاديمية الأطفال الرائعين,Wonderful Kids Academy KG,عمان,عمان,اليوبيل,شارع محمد العجلوني,KG-AM-0122
حضانة وروضة كراميل,Caramel Nursery & KG,عمان,عمان,خلدا,شارع الأميرة زينب 63,KG-AM-0123
حضانة بز بي,BuzzBee Nursery,عمان,عمان,خلدا,خلدا,KG-AM-0124
روضة وابه,Wabe KG,عمان,عمان,طبربور,شارع صدقي أبو شقرة,KG-AM-0125
حضانة سيفتي هاوس,Safety House Nursery,عمان,عمان,خلدا,شارع المعارف – خلدا,KG-AM-0126
حضانة ليتل بي,Little Bee Nursery,عمان,عمان,اليوبيل,اليوبيل,KG-AM-0127
روضة و حضانة هيل هاوس,Hill House KG & Nursery,عمان,عمان,الشميساني,شارع محمد علي بدير 37,KG-AM-0128
حضانة سويت آند نوتي,Sweet and Naughty Nursery,عمان,عمان,الشميساني,الشميساني,KG-AM-0129
حضانة كيدز فالي,Kids Valley Nursery,عمان,عمان,الشميساني,شارع يوسف بن تاشفين 5,KG-AM-0130
حضانة ليتل جاردن,Little Garden Pre & Nursery,عمان,عمان,خلدا,خلدا,KG-AM-0131
حضانة راقي الدولية,Raqi International Preschool,عمان,عمان,الرابية,شارع رفاعة بن أوس 46,KG-AM-0132
حضانة السلام,Al-Salam Nursery,عمان,عمان,الكرسي,الكرسي,KG-AM-0133
حضانة ستدي بلاي,Study Play KG,عمان,عمان,خلدا,شارع الشيخ حسين الجسر 44,KG-AM-0134
حضانة فيرست ستيب,First Step Nursery,عمان,عمان,اليوبيل,اليوبيل,KG-AM-0135
حضانة كينزي,Kenzi KG,عمان,عمان,طبربور,شارع فاضل أحمد خليفة 20,KG-AM-0136
حضانة ليتل بروفيسورز أكاديمي,Little Professors Academy,عمان,عمان,خلدا,شارع أبهى 11,KG-AM-0137
حضانة زين,Zain Nursery,عمان,عمان,اليوبيل,شارع الإخلاص 31,KG-AM-0138
حضانة وروضة ليونز كينجدوم,Lions Kingdom Nursery & Pre-school,عمان,عمان,دابوق,شارع يثرب 9,KG-AM-0139
روضة و حضانة المجد الوطنية,Al Majd National Academy KG,عمان,عمان,خلدا,شارع الفقهاء – مجمع 4,KG-AM-0140
حضانة وايت لاينز,White Lines Nursery,عمان,عمان,خلدا,شارع أم الدنانير – خلدا,KG-AM-0141
حضانة لارا,Lara Nursery,عمان,عمان,تلاع العلي,خلف سوبر ماركت الأهالي,KG-HASH-4E021CE0
حضانة عطر الجوري,Atr Al-Jouri Nursery,عمان,عمان,الياسمين,شارع محمد سالم الثوايب,KG-AM-0142
حضانة وروضة هابي فايسيز,Happy Faces Nursery & Preschool,عمان,عمان,اليوبيل,شارع ثويبة بن حرملة,KG-AM-0143
حضانة آرت كير,Art Care Nursery,عمان,عمان,خلدا,شارع عروة بن أذينة,KG-AM-0144
حضانة وروضة ستيب باي ستيب,Step By Step Preschool,عمان,عمان,الرابية,شارع وديع قسطندي 3,KG-AM-0145
حضانة وروضة ليتل لاند,Little Land Nursery & Preschool,عمان,عمان,الشميساني,شارع الأشعري 15,KG-AM-0146
حضانة دانا,Dana Nursery,عمان,عمان,خلدا,كنيسة كرم إمسيح – خلدا,KG-AM-0147
حضانة بانان دي كير,Banan Daycare,عمان,عمان,اليوبيل,شارع موسى الساكت 76,KG-AM-0148
حضانة كولورز تري,Colors Tree Nursery,عمان,عمان,خلدا,شارع عيسى أبو قدوم 6,KG-AM-0149
حضانة كرادل تو كرايون,Cradle to Crayon Nursery,عمان,عمان,اليوبيل,شارع أحمد عرابي,KG-AM-0150
روضة أيوب,Ayoub KG,عمان,عمان,الشميساني,شارع أحمد أوكلة النصور,KG-AM-0151
روضة و حضانة نحن الأطفال,Nahnu Al-Atfal Nursery & KG,عمان,عمان,جبل الحسين,شارع عز الدين القسام,KG-AM-0152
حضانة وروضة صنلايت,Sunlight Nursery & Pre-School,عمان,عمان,الرابية,شارع نهاوند – الرابية,KG-AM-0153
روضة و حضانة عالم الصغار,Aalam Al-Sighar Nursery & KG,عمان,عمان,الشميساني,شارع أسيد بن ثعلبة,KG-AM-0154
حضانة كُن طفلًا,Kun Tiflan Nursery,عمان,عمان,اليوبيل,شارع تعز,KG-AM-0155
حضانة تري توبس,Tree Tops Nursery,عمان,عمان,الشميساني,شارع عبد الحميد كرامي,KG-HASH-AE47A5BB-1
روضة هابي هارت,Happy Heart Kindergarten,عمان,عمان,اليوبيل,مجمع النور – شارع محمد بن غطوس,KG-AM-0156
حضانة بامبل بي,Bumble Bee Preschool,عمان,عمان,الرابية,شارع تبريز,KG-AM-0157
حضانة الما وايلا,Alma and Ayla Nursery,عمان,عمان,ضاحية الرشيد,قبل سكن أميمة,KG-HASH-5755C175
حضانة ليديبرد,Ladybird Nursery,عمان,عمان,الشميساني,شارع يوسف بن تاشفين,KG-AM-0158
حضانة داندون,Dandoon Nursery,عمان,عمان,خلدا,شارع عبد الله الأعزب,KG-AM-0159
حضانة إيرلي بيرد (تلاع العلي),Early Bird Nursery (Tala Al-Ali),عمان,عمان,تلاع العلي,مجمع 44 – شارع عبد الحليم عباس,KG-AM-0160
روضة الطفل السعيد,Al-Tifl Al-Saeed KG,عمان,عمان,شرق عمان,ماركا الشمالية – حمزة,KG-HASH-BCCAE8EB
حضانة هيا سبراوتس,Haya Sprouts Preschool,عمان,عمان,خلدا,شاكر بن زيد,KG-AM-0161
حضانة بيتي الصغير,My Little Home Nursery,عمان,عمان,شمال عمان,يوسف بن تاشفين 20 – الشميساني,KG-HASH-A45EF066
روضة كيدز واي,Kids Way Kindergarten,عمان,عمان,خلدا,شارع الأوزاعي – مجمع 11,KG-AM-0162
حضانة جريت بيجينينجز,Great Beginnings Child Care,عمان,عمان,جبل الحسين,شارع إسماعيل بابوق,KG-HASH-3561F16A
حضانة ليتل ستيبس,Little Steps Nursery,عمان,عمان,خلدا,شارع الشيخ حسين الجسر,KG-AM-0163
حضانة رايت ستارت,Right Start Nursery,عمان,عمان,اليوبيل,اليوبيل,KG-AM-0164
روضة الأصدقاء المبدعين,Creative Friends KG,عمان,عمان,خلدا,شارع عبد الله بن مسعود 20,KG-AM-0165
حضانة ليتل فلاورز,Little Flowers Day Nursery,عمان,عمان,خلدا,خلدا,KG-AM-0166
حضانة كيدز ستيبس,Kids Steps Nursery,عمان,عمان,الرابية,شارع تلمسان – مجمع 5,KG-AM-0167
حضانة شيري تري,Cherry Tree Nursery,عمان,عمان,جبل الحسين,شارع محمد جمجوم – مجمع 2,KG-AM-0168
حضانة ثراء كيدز,Thraa Kids Nursery,عمان,عمان,شرق عمان,شرق عمان,KG-AM-0169
حضانة الفقاعة المضحكة,Funny Bubble Nursery,عمان,عمان,أم السماق,شارع عطيوي المجالي – بناية 26,KG-HASH-68475EC4-3
حضانة طيور المحبة,Birds of Love Nursery,عمان,عمان,جبل عمان,دوار ثاني – شارع المعتصم 55 – بجانب عمارة قناة الجزيرة,KG-HASH-39B76A94-4
حضانة ريتان,Ritan Nursery,إربد,إربد,الحي الشرقي,خلف حلويات الكت والكات,KG-HASH-63C89E6F-3
حضانة الطفل الأمثل,Best Child Nursery,الزرقاء,الزرقاء,البتراوي,حي البتراوي,KG-HASH-9D52338B-4
حضانة أطفال الرونق,Ronaq Kids Nursery,عمان,عمان,الرونق,شارع محمد علي حسين الكردي – عمارة 30,KG-HASH-F80BBEEE
حضانة البالون,Balloon Nursery,عمان,عمان,الدوار السابع,بجانب فندق جنيفا,KG-HASH-B3A79E1B
حضانة براعم الرمثا التعليمية والنموذجية,Baraem Al-Ramtha Educational & Model,الرمثا,الرمثا,الرئيسي,الرئيسي,KG-HASH-E7F2DA07
حضانة النبات السليم,Healthy Plant Nursery,عمان,عمان,طبربور,حي الشهيد الجنوبي,KG-HASH-F9974F8A
حضانة أرض النجوم,Land of Stars Nursery,عمان,عمان,ضاحية الرشيد,مقابل مدرسة تقارب,KG-HASH-2AB7CA43-1
حضانة صقور العزة,Falcons of Pride Nursery,عمان,عمان,أبو نصير,شارع السعادة,KG-HASH-0CF80CD3
حضانة أطفال التوت البري,Wild Berry Kids Nursery,عمان,عمان,اليوبيل,شارع عبدالله غوشة – بجانب مسجد أحد,KG-HASH-6F0E538C
حضانة أنس وأمير,Anas & Amir Nursery,عمان,عمان,الجبيهة,حي الريان – شارع المريري,KG-HASH-4EF9D4C1
حضانة ألوان الفرح للأطفال,Colors of Joy Nursery,عمان,عمان,شرق عمان,حي العبداللات – بجانب مدرسة الكندي,KG-HASH-74D75DC4
حضانة أحمد وضحى,Ahmed & Dahaa Nursery,إربد,إربد,الصريح,الصريح,KG-HASH-09CFD651
حضانة البداية السعيدة النموذجية,Happy Beginning Model Nursery,عمان,عمان,اليوبيل,شارع المدينة المنورة,KG-HASH-660684B1
حضانة أنا وأخي نمرح,Me & My Brother Play Nursery,مادبا,مادبا,اليرموك,شارع اليرموك,KG-HASH-9CFA6D03
حضانة جود وميرا,Jood & Mira Nursery,الزرقاء,الزرقاء,جبل المغير,قرب صيدلية شمع العسل,KG-HASH-39A390C9
حضانة ضوء القمر,Moonlight Nursery,عمان,عمان,الصويفية,قرب قرية الصويفية – شارع زكي الصويتي,KG-HASH-A1634816
حضانة بيت الحلوة للأطفال,Sweet Home Kids Nursery,عمان,عمان,الجاردنز,خلف مدارس الرأي – عمارة 20,KG-HASH-D1B5B898
حضانة الطفل العربي,Arab Child Nursery,إربد,إربد,الحي الشرقي,قرب أسواق المؤسسة العسكرية,KG-HASH-B8E907D2
حضانة حبايبنا,Our Darlings Nursery,إربد,إربد,النعيمة,النعيمة,KG-HASH-946430F8
حضانة الخطوات التعليمية,Educational Steps Nursery,عجلون,عجلون,عبين,خلف مطعم داريا – شارع إربد–عجلون,KG-HASH-A36C5601
حضانة فوفو ودودو,Fufu & Dodo Model Nursery,عمان,عمان,مرج الحمام,حي الأمير حمزة,KG-HASH-CC4AA39E
حضانة ورود المستقبل,Future Roses Nursery,عمان,عمان,الرونق,شارع الأصبه – بناية 6,KG-HASH-9EBF0C55-1
حضانة الانطباعات الأولى,First Impressions Nursery,إربد,إربد,الراهبات الوردية,غرب مسجد أبو دلو,KG-HASH-18EA009C
حضانة بابا سنفور,Papa Smurf Nursery,إربد,إربد,إربد,إربد,KG-HASH-C96222D2
حضانة جمعية الشابات المسيحية الخيرية-الفحيص,YWCA Al-Fuheis Nursery,البلقاء,السلط,الفحيص,خلف بيت الفحيص – شارع صبيان الحصان,KG-HASH-E90DA012
حضانة رياحين الجنة,Breezes of Paradise Nursery,عمان,عمان,شرق عمان,الهاشمي الشمالي – شارع الحارث العبدي,KG-HASH-5E4BFD57
حضانة خمسة وستون 65,65 Nursery,البلقاء,السلط,المدينة الرياضية,قرب مدارس السلط الأهلية,KG-HASH-B9CFA36F
حضانة جنة الورد,Rose Paradise Nursery,عجلون,عجلون,عين جنا,مبنى البلدية – وسط البلد,KG-HASH-9224266E
حضانة الكلمات الأولى,First Words Nursery,عمان,عمان,الصويفية,شارع سعيد المفتي – عمارة 16,KG-HASH-B7734AB4-1
حضانة زين ونانا,Zain & Nana Nursery,البلقاء,السلط,أم عليه,الشارع الرئيسي,KG-HASH-B22FB8B1
حضانة أفضل مكان لطفلك,Best Place for Your Child Nursery,إربد,إربد,إربد,,KG-HASH-52700EB7
حضانة زهور الليلك,Lilac Flowers Nursery,عمان,عمان,اليوبيل,مقابل مركز صحي أم السوس,KG-HASH-DC055CFC
المستوى الرفيع المتميز للتعليم,High Level Distinguished Education,عمان,عمان,الشميساني,شارع ابن الفارض 11,KG-HASH-CE292D29
حضانة المملكة الصغيرة,Small Kingdom Nursery,عمان,عمان,ضاحية الياسمين,شارع حفصة بنت عمرو 35,KG-HASH-4409DD81
حضانة أحلام المستقبل النموذجية,Dreams of the Future Model Nursery,مادبا,مادبا,الخطابية,الخطابية,KG-HASH-38D0B96A
حضانة عبق الربيع,Spring Fragrance Nursery,عمان,عمان,شرق عمان,طبربور – شارع قمر اليافي مقابل حلويات نفيسة,KG-HASH-6C1C8513
حضانة الانامل الذهبية,Golden Fingers Nursery,عمان,عمان,شرق عمان,ماركا الشمالية – شارع فاطمة الزهراء – مسجد فاطمة الزهراء,KG-HASH-4235AA00-2
حضانة حكايتي الصغيرة,My Little Story Nursery,عمان,عمان,الجبيهة,مقابل الجمعية العلمية الملكية – ط الأرضي,KG-HASH-41922AC3-2
حضانة براعم السكر,Sugar Buds Nursery,العقبة,العقبة,السكنية الثالثة,شارع العباسيين – بجانب مسجد سعد بن أبي وقاص,KG-HASH-4AA4B4D3-2
حضانة درجات صغيرة,Small Steps Nursery,عمان,عمان,اليوبيل,دوار البرديني – قرب مدارس الإشراق,KG-HASH-FF9AE220-2
حضانة أشكال النموذجية,Shapes Model Nursery,إربد,إربد,خلف مستشفى إربد التخصصي,0772155227,KG-IR-0004
حضانة لطفولة أرقى,Finer Childhood Nursery,الزرقاء,الزرقاء,مدينة الشرق,قرب دوار الطيارة,KG-HASH-0BA37A4E-2
حضانة سلمى وزين,Salma & Zain Nursery,البلقاء,السلط,البقيع,البقيع,KG-HASH-2761F2DE-2
حضانة هلا وغلا,Hala & Ghala Nursery,عمان,عمان,شرق عمان,طبربور – قرب إسكان الجيش – حديقة العهد والوفا – يوسف بني ياسين 9,KG-HASH-4CB76A0C-2
حضانة من الألف إلى الياء,From A to Z Nursery,عمان,عمان,جنوب عمان,مرج الحمام – إسكان عالية – فيلا 30,KG-AM-0170
حضانة الطفل السعيد,Happy Child Nursery,عمان,عمان,شرق عمان,ماركا الشمالية – حمزة – قرب مدرسة الشريف حسين,KG-HASH-0635148B-4
حضانة بدايات عظيمة,Great Beginnings Nursery,عمان,عمان,جبل الحسين,شارع إسماعيل بابوق 5,KG-HASH-6AD2B97C-4
حضانة ديمة النموذجية,Dima Model Nursery,البلقاء,السلط,شفا العامرية,شفا العامرية,KG-HASH-756B81D8-2
حضانة ضحكات الطفولة,Childhood Laughter Nursery,عمان,عمان,الشميساني,بناية 39 – شارع معروف الرصافي,KG-HASH-16722FFC-2
حضانة الأطفال السعداء,Happy Children Nursery,عمان,عمان,اليوبيل,مرج الحمام – شارع نالتشك – قرب مطعم دنيا المشاوي,KG-HASH-BE5F5773-2
حضانة جوان النموذجية,Jawan Model Nursery,الزرقاء,الزرقاء,الهاشمية,الحي الشرقي,KG-HASH-EBD119C2-2
حضانة نور الجبيهة,Nour Al-Jubeiha Nursery,عمان,عمان,الجبيهة,شارع مفلح اللوزي – بناية 32 – مقابل مفروشات شهوان,KG-HASH-68257B5B-2
حضانة وروضة رونق المودة,Ronaq Al-Mawaddah Nursery & KG,عمان,عمان,البيادر,شارع خضر قردن – مقابل النادي الأهلي,KG-HASH-0A2E8BF3-3
حضانة بريق النمارق,Briq Al-Namarq Nursery,البلقاء,السلط,البقعان,بجانب مدرسة فاطمة الزهراء,KG-HASH-C98B3A42-2
حضانة الأرض السعيدة,Happy Land Nursery,عمان,عمان,جنوب عمان,المقابلين – حي الصحابة – شارع عبد الكريم الخطاب,KG-HASH-A21959BA-2
حضانة الحمامي,Al-Hammami Nursery,عمان,عمان,الجبيهة,شارع الريان – أم زويتينة,KG-HASH-6C739D9A-2
أكاديمية مدرسة وروضة جنى دان,Jana Dan Academy & KG,الزرقاء,الزرقاء,بيرين,خلف النبعة,KG-HASH-63D4D1AC-2
حضانة شذى الورد,Shatha Al-Ward Nursery,عمان,عمان,شرق عمان,طبربور – شارع عجاج الهبارنة – قرب مسجد عباد الرحمن,KG-HASH-E4A8221D-2
حضانة بذور الغد,Seeds of Tomorrow Nursery,عمان,عمان,شرق عمان,إسكان الجيش – شارع عبدالقادر الزغول – باتجاه أبو عليا,KG-HASH-B85BE7B2-2
حضانة ناريمان النموذجية,Nariman Model Nursery,الرمثا,الرمثا,الرمثا,مقابل مدرسة جمانة,KG-HASH-A5004523-2
حضانة كوكب المرح الطفولي,Fun Planet Childhood Nursery,العقبة,العقبة,الثامنة,قرب مسجد الكالوتي,KG-HASH-1E3C633A-2
حضانة ورود الربيع,Spring Roses Nursery,البلقاء,السلط,ماحص,شارع المدارس,KG-HASH-3D270AC1-2
حضانة حسام وسبأ الحديثة,Husam & Saba Modern Nursery,إربد,إربد,الحصن,الحي الشرقي – شارع الكلية,KG-HASH-5DF86710-2
حضانة تكوين,Takween Nursery,عمان,عمان,شمال عمان,طلوع الجاذبية – قرب سوبرماركت ياهلا,KG-HASH-9112EFC2-2
حضانة الفطاحلة النموذجية,Al-Fatahilah Model Nursery,إربد,إربد,الحي الجنوبي,جنوب غرب دوار صحارى – 300 متر,KG-HASH-6FF73128-2
حضانة بيت السكاكر,Candy House Nursery,إربد,إربد,الراهبات الوردية,خلف مستشفى الراهبات الوردية – بجانب السور,KG-HASH-B3342EDC-2
حضانة القلب السعيد,Happy Heart Nursery,عمان,عمان,شرق عمان,ضاحية الأمير حسن – قرب مطعم الهنيني,KG-HASH-D57300DD-2
حضانة كوخ الدب,Bear Cabin Nursery,الزرقاء,الزرقاء,الجبل الشمالي,شارع الملك عبد الله الثاني,KG-HASH-7F0FA9DD-2
حضانة هابي داي,Happy Day Nursery,عمان,عمان,اليوبيل,شارع النزهة 15,KG-AM-0171
حضانة لحن الحياة,Lahn Al-Hayat Nursery,عمان,عمان,جنوب عمان,إسحاق بن حنين – الياسمين – بناية 7,795664426
حضانة طلال ونورة,Talal wa Noura Nursery,عمان,عمان,الرابية,شارع عرار 205,KG-AM-0172
حضانة كيه سيتي,K-City Nursery,عمان,عمان,تلاع العلي,شارع سامر رمّانة,KG-AM-0173
حضانة نجوم المرج النموذجية,Nujoom Al-Murj Model Nursery,عمان,عمان,المرج,المرج,KG-AM-0174
حضانة اليوم السعيد,Al-Yawm Al-Saeed Nursery,عمان,عمان,بسمان/جبل النزهة,شارع الكويتية – بناية 15,KG-HASH-2B4CE2CE-1
حضانة فرح النموذجية,Farah Model Nursery,عمان,عمان,جبل الحسين,دوار الداخلية – نزول سرفيس العبدلي,KG-HASH-AA9129EC-1
روضة وحضانة نداء الطفولة,Nadaa Al-Tufulah Nursery & KG,عمان,عمان,شمال عمان,شارع البلدية بعد البنك الإسلامي مقابل ملحمة الخليل,KG-AM-0175
حضانة سيسو النموذجية,Siso Model Nursery,عمان,عمان,خلدا,قرب دوار السكر – مقابل سامح مول,5522949
روضة ومدارس أكاديمية ريتال الدولية,Rital International Academy,عمان,عمان,ياجوز,تقاطع جسر ياجوز – شارع الأردن,5336363
حضانة قوس قزح النموذجية,Rainbow Model Nursery,عمان,عمان,الشميساني,الشميساني,KG-HASH-30C80BA5-1
شركة إبداع الطفولة,Ebdaa Al-Tufulah,عمان,عمان,شمال عمان,شارع شريفة زين – خلف روان كيك,KG-HASH-407914AF-1
حضانة الصياد الصغير,Little Hunter Nursery,عمان,عمان,جنوب عمان,مرج الحمام – شارع محمد بن طلال,KG-HASH-0D22143D-1
الشجرة المباركة للتعليم والاستثمار,Blessed Tree Education,عمان,عمان,شمال عمان,إشارة جبري – خلف بهجت سنتر,55555
حضانة نطاق الألوان المرحة,Color Range Fun Nursery,عمان,عمان,شرق عمان,شفا بدران – بجانب أكاديمية ريماس,KG-HASH-2605B857-1
حضانة زهور صغيرة,Little Flowers Nursery,عمان,عمان,الشميساني,شارع الفيحاء,KG-HASH-4E0BEFAA-1
حضانة المشاكس الصغير,Little Mischief Nursery,عمان,عمان,أم أذينة,شارع الكوفة – بناية 71,KG-HASH-0E557CFF-1
حضانة عبق عجلون النموذجية,Abq Ajloun Model Nursery,عجلون,عجلون,عبين,شارع إربد – مقابل صالة النورس,KG-HASH-5601454A-1
مؤسسة المنهل التربوية,Al-Manhal Educational Institution,عمان,عمان,الجامعة الأردنية,إسكان الجامعة الأردنية,KG-HASH-91358FF4-1
حضانة النحلة الصغيرة,Little Bee Nursery,عمان,عمان,الجاردنز,دخلة مطعم السروات,KG-AM-0176
حضانة مملكة السكر,Sugar Kingdom Nursery,عمان,عمان,شرق عمان,طبربور – شارع أسعد بن زرارة,KG-HASH-49966BEA-1
حضانة طوق الياسمين,Tawq Al-Yasmin Nursery,عمان,عمان,شرق عمان,طبربور – مظهر علاونة – بجانب موسيقات القوات,KG-HASH-984DF634-2
حضانة قمم الأشجار,Tree Tops Nursery,عمان,عمان,الشميساني,عبد الحميد كرامي – بناية 8,KG-HASH-D2C447CD-2
حضانة الخيوط اللامعة,Shining Threads Nursery,عمان,عمان,أبو السوس,إسكان الأمانة – حي الصنوبر,KG-HASH-FCF5F87B-1
حضانة الما وأيلا,Alma & Ayla Nursery,عمان,عمان,شمال عمان,ضاحية الرشيد – قبل سكن أميمة,KG-HASH-46291761-1
حضانة ماما رولا,Mama Rola Nursery,عمان,عمان,شرق عمان,شفا بدران – حي ذهيبة – خلف الكلحة – بناية 3,KG-HASH-51336EBC-1
حضانة حبات التوت,Raspberry Seeds Nursery,عمان,عمان,مرج الحمام,شارع مويى النهار,KG-AM-0177
حضانة أطفال تمارا,Tamara Kids Nursery,عمان,عمان,شمال عمان,خلف مطعم طواحين,KG-HASH-D54CBE34-1
حضانة أزهار بيسان,Bisan Flowers Nursery,عمان,عمان,شرق عمان,الهاشمي الشمالي – حي نايفة – مقابل وزارة الصحة,KG-HASH-F0D51A7A-1
حضانة دانة الدولية,Dana International Nursery,عمان,عمان,شمال عمان,تلاع العلي – خلف الهوليدي إن,KG-HASH-21F6AEA4-1
حضانة سالي وسلمى,Sally & Salma Nursery,عمان,عمان,شمال عمان,الجبيهة – مقابل الأحدث سابقاً,KG-HASH-50F99C52-1
حضانة وسيم النموذجية,Waseem Model Nursery,عمان,عمان,جنوب عمان,الأشرفية – حي أم تينة,KG-HASH-A737AF34-1
حضانة النحلة جولي,Jolly Bee Nursery,عمان,عمان,شرق عمان,طبربور – بجانب جامعة العلوم الإسلامية,KG-HASH-F9383D91-1
حضانة الأكواخ الملونة,Colored Cabins Nursery,عمان,عمان,الشميساني,شارع الجاحظ – مقابل مجمع السعيد,KG-HASH-89BDD1D1-2
حضانة النجوم المتلألئة,Twinkling Stars Nursery,عمان,عمان,اليوبيل,مرج الحمام – شارع نايف بن عاصم,KG-HASH-68E974B2-1
حضانة جنتي للأطفال,My Paradise Nursery,عمان,عمان,شمال عمان,خلدا – شارع المعارف – قرب مدرسة المعارف,KG-HASH-43031B1B-1
حضانة ميرا والمى,Mira & Al-Mi Nursery,عمان,عمان,جنوب عمان,شارع فايزة المعارجة,KG-HASH-7A601E38-1
حضانة عصافير الكرك,Karak Sparrows Nursery,الكرك,الكرك,الكرك,الثنية – الشارع الرئيسي,KG-HASH-B864861A-2
حضانة القطط الصغيرة,Little Kittens Nursery,عمان,عمان,شمال عمان,تلاع العلي – بجانب البشيتي – بناية 3,KG-HASH-F761251C-1
حضانة الطفل الحسن,Good Child Nursery,عمان,عمان,اليوبيل,بيادر وادي السير – الجندويل,KG-HASH-9B7848CF-1
روضة وحضانة أنا الصغير,Ana Al-Saghir Nursery & KG,عمان,عمان,شمال عمان,خرجا – دخلة مدارس الدر المنثور,KG-HASH-1070AA6D-1
حضانة القلب الكبير,Big Heart Nursery,إربد,إربد,إربد,قرب مضافة أبو سالم,KG-HASH-B233B2FD-1
حضانة قرية التوت العالمية,Global Berry Village Nursery,عمان,عمان,عمان المركز,دوار الكيلو – خلف البرجر كنج – عمارة 46,KG-HASH-6E5273CC-1
حضانة الجيل القادم,Next Generation Nursery,عمان,عمان,شمال عمان,المدينة الرياضية – شمس الدين الذهبي,KG-HASH-26164CE9-1
حضانة التباشير البيضاء,White Chalk Nursery,عمان,عمان,بين الدوار 6 وال7,شارع التباشير,KG-HASH-846C96F7
حضانة مونلايت,Moonlight Nursery,عمان,عمان,الشميساني,الشميساني,KG-AM-0178
حضانة فيرست ووردز,First Words Preschool,عمان,عمان,الصويفية,شارع سعيد المفتي – عمارة 16,KG-HASH-DDDF528F-1
روضة ومدرسة ليلى للتعليم الحديث,Leila Modern Education KG & School,عمان,عمان,طبربور,شارع محمد العويدات – مجمع 2,KG-AM-0179
حضانة ليتل ليرنرز,Little Learners Nursery,عمان,عمان,الرابية,شارع أنور الخطيب,KG-AM-0180
حضانة العلمي الممتع,Fun Science Nursery,عمان,عمان,اليوبيل,شارع عبد الله غوشة,KG-AM-0181
حضانة ميني مي,Mini Me Nursery,عمان,عمان,خلدا,شارع الأمير زيد,KG-AM-0182
حضانة الانطلاقة,Al Intilaqa Nursery,عمان,عمان,الصويفية,شارع بخيت العيسى,KG-HASH-526522B6-1
حضانة كوكون,Cocoon Nursery,عمان,عمان,الرابية,شارع محمد الخماش,KG-AM-0183
حضانة زهور المستقبل,Future Flowers Nursery,عمان,عمان,الرونق,شارع الأسبح – فيلا 6,KG-HASH-F845F6B6-1
حضانة نهج المعرفة,Nahj Al-Ma’rifa KG,عمان,عمان,الدوار الثامن,الدوار الثامن,KG-AM-0184
روضة بوك أند براش,Book n Brush KG,عمان,عمان,الصويفية,شارع زهدي عصفور,KG-AM-0185
حضانة البدايات المشرقة,Bright Beginnings Nursery,عمان,عمان,أم أذينة,شارع الدمام 48,KG-HASH-D7CFF932-1
حضانة وروضة وورلد كرياتيف,Creative World Nursery & KG,عمان,عمان,الرابية,شارع إبراهيم القطان 22,KG-AM-0186
حضانة الأطفال السعداء (2),Happy Kids Nursery (2),عمان,عمان,السهل,السهل,KG-AM-0187
حضانة السندريلا,Cinderella Nursery,عمان,عمان,جبل الحسين,شارع الملك عبد الله الثاني 2,KG-HASH-0A54A420-1
روضة ينابيع العلم,Yanabe’ Al-Ilm KG,عمان,عمان,البيادر,مقسم العطار – شارع البيادر,KG-AM-0188
حضانة السوبر ناني,Super Nanny Nursery,عمان,عمان,المرج,المرج,KG-HASH-63B6BE81-1
حضانة ميلكي تيث,Milky Teeth KG Nursery,عمان,عمان,خلدا,خلدا,KG-AM-0189
حضانة ستارفيش,Starfish Nursery,عمان,عمان,الرابية,شارع أنوارين مسمار 4,KG-AM-0190
حضانة ليتل هاندز,Little Hands Nursery,عمان,عمان,خلدا,خلدا,KG-AM-0191
حضانة وروضة ستيبينج ستون,Stepping Stone Preschool & Nursery,عمان,عمان,أم السماق,شارع أرتيريا 50,KG-AM-0192
حضانة آدم كيدز,Adam Kids Nursery,عمان,عمان,عبدون,عبدون,KG-AM-0193
حضانة رونق المودة,Ronaq Al-Mawaddah Nursery,عمان,عمان,البيادر,شارع خضر قردن – مقابل النادي الأهلي,KG-HASH-AFC636DF-1
حضانة أمبريلا,Umbrella Nursery,عمان,عمان,اليوبيل,اليوبيل,KG-AM-0194
حضانة وروضة المتفوقين أكاديمي,Al Mutafawqeen Academy KG & School,عمان,عمان,خلدا,شارع أيوب السختياني 14,KG-AM-0195
حضانة منزلي الكبير,My Big House Nursery,عمان,عمان,الشميساني,شارع الشريف ناصر بن جميل 78,KG-AM-0196
روضة أكاديمية الأطفال الرائعين,Wonderful Kids Academy KG,عمان,عمان,اليوبيل,شارع محمد العجلوني,KG-AM-0197
حضانة وروضة كراميل,Caramel Nursery & KG,عمان,عمان,خلدا,شارع الأميرة زينب 63,KG-AM-0198
حضانة بز بي,BuzzBee Nursery,عمان,عمان,خلدا,خلدا,KG-AM-0199
روضة وابه,Wabe KG,عمان,عمان,طبربور,شارع صدقي أبو شقرة,KG-AM-0200
حضانة سيفتي هاوس,Safety House Nursery,عمان,عمان,خلدا,شارع المعارف – خلدا,KG-AM-0201
حضانة ليتل بي,Little Bee Nursery,عمان,عمان,اليوبيل,اليوبيل,KG-AM-0202
روضة و حضانة هيل هاوس,Hill House KG & Nursery,عمان,عمان,الشميساني,شارع محمد علي بدير 37,KG-AM-0203
حضانة الأكواخ الملونة,Al-Akwakh Al-Mulawwanah Nursery,عمان,عمان,الشميساني,شارع الجاحظ – مقابل مجمع السعيد التجاري,KG-HASH-89BDD1D1-3
حضانة سويت آند نوتي,Sweet and Naughty Nursery,عمان,عمان,الشميساني,الشميساني,KG-AM-0204
حضانة كيدز فالي,Kids Valley Nursery,عمان,عمان,الشميساني,شارع يوسف بن تاشفين 5,KG-AM-0205
حضانة ليتل جاردن,Little Garden Pre & Nursery,عمان,عمان,خلدا,خلدا,KG-AM-0206
حضانة راقي الدولية,Raqi International Preschool,عمان,عمان,الرابية,شارع رفاعة بن أوس 46,KG-AM-0207
حضانة السلام,Al-Salam Nursery,عمان,عمان,الكرسي,الكرسي,KG-AM-0208
حضانة ستدي بلاي,Study Play KG,عمان,عمان,خلدا,شارع الشيخ حسين الجسر 44,KG-AM-0209
حضانة فيرست ستيب,First Step Nursery,عمان,عمان,اليوبيل,اليوبيل,KG-AM-0210
حضانة كينزي,Kenzi KG,عمان,عمان,طبربور,شارع فاضل أحمد خليفة 20,KG-AM-0211
حضانة ليتل بروفيسورز أكاديمي,Little Professors Academy,عمان,عمان,خلدا,شارع أبهى 11,KG-AM-0212
حضانة زين,Zain Nursery,عمان,عمان,اليوبيل,شارع الإخلاص 31,KG-AM-0213
حضانة وروضة ليونز كينجدوم,Lions Kingdom Nursery & Pre-school,عمان,عمان,دابوق,شارع يثرب 9,KG-AM-0214
روضة و حضانة المجد الوطنية,Al Majd National Academy KG,عمان,عمان,خلدا,شارع الفقهاء – مجمع 4,KG-AM-0215
حضانة وايت لاينز,White Lines Nursery,عمان,عمان,خلدا,شارع أم الدنانير – خلدا,KG-AM-0216
حضانة لارا,Lara Nursery,عمان,عمان,تلاع العلي,خلف سوبر ماركت الأهالي,KG-HASH-4E021CE0-1
حضانة المشاكس الصغير,Al-Mushakis Al-Saghir Nursery,عمان,عمان,أم أذينة,أم أذينة الشرقي,KG-HASH-0E557CFF-2
حضانة عطر الجوري,Atr Al-Jouri Nursery,عمان,عمان,الياسمين,شارع محمد سالم الثوايب,KG-AM-0217
حضانة وروضة هابي فايسيز,Happy Faces Nursery & Preschool,عمان,عمان,اليوبيل,شارع ثويبة بن حرملة,KG-AM-0218
حضانة آرت كير,Art Care Nursery,عمان,عمان,خلدا,شارع عروة بن أذينة,KG-AM-0219
حضانة وروضة ستيب باي ستيب,Step By Step Preschool,عمان,عمان,الرابية,شارع وديع قسطندي 3,KG-AM-0220
حضانة وروضة ليتل لاند,Little Land Nursery & Preschool,عمان,عمان,الشميساني,شارع الأشعري 15,KG-AM-0221
حضانة دانا,Dana Nursery,عمان,عمان,خلدا,كنيسة كرم إمسيح – خلدا,KG-AM-0222
حضانة بانان دي كير,Banan Daycare,عمان,عمان,اليوبيل,شارع موسى الساكت 76,KG-AM-0223
حضانة طوق الياسمين,Tawq Al-Yasmin Nursery,عمان,عمان,طبربور,مظهر علاونة – بجانب موسيقات القوات المسلحة,KG-HASH-984DF634-3
حضانة كولورز تري,Colors Tree Nursery,عمان,عمان,خلدا,شارع عيسى أبو قدوم 6,KG-AM-0224
حضانة كرادل تو كرايون,Cradle to Crayon Nursery,عمان,عمان,اليوبيل,شارع أحمد عرابي,KG-AM-0225
روضة أيوب,Ayoub KG,عمان,عمان,الشميساني,شارع أحمد أوكلة النصور,KG-AM-0226
روضة و حضانة نحن الأطفال,Nahnu Al-Atfal Nursery & KG,عمان,عمان,جبل الحسين,شارع عز الدين القسام,KG-AM-0227
حضانة وروضة صنلايت,Sunlight Nursery & Pre-School,عمان,عمان,الرابية,شارع نهاوند – الرابية,KG-AM-0228
روضة و حضانة عالم الصغار,Aalam Al-Sighar Nursery & KG,عمان,عمان,الشميساني,شارع أسيد بن ثعلبة,KG-AM-0229
حضانة كُن طفلًا,Kun Tiflan Nursery,عمان,عمان,اليوبيل,شارع تعز,KG-AM-0230
حضانة تري توبس,Tree Tops Nursery,عمان,عمان,الشميساني,شارع عبد الحميد كرامي,KG-HASH-AE47A5BB-2
روضة هابي هارت,Happy Heart Kindergarten,عمان,عمان,اليوبيل,مجمع النور – شارع محمد بن غطوس,KG-AM-0231
حضانة بامبل بي,Bumble Bee Preschool,عمان,عمان,الرابية,شارع تبريز,KG-AM-0232
حضانة الما وايلا,Alma and Ayla Nursery,عمان,عمان,ضاحية الرشيد,قبل سكن أميمة,KG-HASH-5755C175-1
حضانة ليديبرد,Ladybird Nursery,عمان,عمان,الشميساني,شارع يوسف بن تاشفين,KG-AM-0233
حضانة داندون,Dandoon Nursery,عمان,عمان,خلدا,شارع عبد الله الأعزب,KG-AM-0234
حضانة إيرلي بيرد (تلاع العلي),Early Bird Nursery (Tala Al-Ali),عمان,عمان,تلاع العلي,مجمع 44 – شارع عبد الحليم عباس,KG-AM-0235
روضة الطفل السعيد,Al-Tifl Al-Saeed KG,عمان,عمان,شرق عمان,ماركا الشمالية – حمزة,KG-HASH-BCCAE8EB-1
حضانة هيا سبراوتس,Haya Sprouts Preschool,عمان,عمان,خلدا,شاكر بن زيد,KG-AM-0236
حضانة بيتي الصغير,My Little Home Nursery,عمان,عمان,شمال عمان,يوسف بن تاشفين 20 – الشميساني,KG-HASH-A45EF066-1
روضة كيدز واي,Kids Way Kindergarten,عمان,عمان,خلدا,شارع الأوزاعي – مجمع 11,KG-AM-0237
حضانة جريت بيجينينجز,Great Beginnings Child Care,عمان,عمان,جبل الحسين,شارع إسماعيل بابوق,KG-HASH-3561F16A-1
حضانة ليتل ستيبس,Little Steps Nursery,عمان,عمان,خلدا,شارع الشيخ حسين الجسر,KG-AM-0238
حضانة رايت ستارت,Right Start Nursery,عمان,عمان,اليوبيل,اليوبيل,KG-AM-0239
روضة الأصدقاء المبدعين,Creative Friends KG,عمان,عمان,خلدا,شارع عبد الله بن مسعود 20,KG-AM-0240
حضانة ليتل فلاورز,Little Flowers Day Nursery,عمان,عمان,خلدا,خلدا,KG-AM-0241
حضانة كيدز ستيبس,Kids Steps Nursery,عمان,عمان,الرابية,شارع تلمسان – مجمع 5,KG-AM-0242
حضانة شيري تري,Cherry Tree Nursery,عمان,عمان,جبل الحسين,شارع محمد جمجوم – مجمع 2,KG-AM-0243
حضانة ثراء كيدز,Thraa Kids Nursery,عمان,عمان,شرق عمان,شرق عمان,KG-AM-0244
حضانة الفقاعة المضحكة,Funny Bubble Nursery,عمان,عمان,أم السماق,شارع عطيوي المجالي – بناية 26,KG-HASH-68475EC4-4
حضانة طيور المحبة,Birds of Love Nursery,عمان,عمان,جبل عمان,دوار ثاني – شارع المعتصم 55 – بجانب عمارة قناة الجزيرة,KG-HASH-39B76A94-5
حضانة ريتان,Ritan Nursery,إربد,إربد,الحي الشرقي,خلف حلويات الكت والكات,KG-HASH-63C89E6F-4
حضانة الطفل الأمثل,Best Child Nursery,الزرقاء,الزرقاء,البتراوي,حي البتراوي,KG-HASH-9D52338B-5
حضانة أطفال الرونق,Ronaq Kids Nursery,عمان,عمان,الرونق,شارع محمد علي حسين الكردي – عمارة 30,KG-HASH-F80BBEEE-1
حضانة البالون,Balloon Nursery,عمان,عمان,الدوار السابع,بجانب فندق جنيفا,KG-HASH-B3A79E1B-1
حضانة براعم الرمثا التعليمية والنموذجية,Baraem Al-Ramtha Educational & Model,الرمثا,الرمثا,الرئيسي,الرئيسي,KG-HASH-E7F2DA07-1
حضانة النبات السليم,Healthy Plant Nursery,عمان,عمان,طبربور,حي الشهيد الجنوبي,KG-HASH-F9974F8A-1
حضانة أرض النجوم,Land of Stars Nursery,عمان,عمان,ضاحية الرشيد,مقابل مدرسة تقارب,KG-HASH-2AB7CA43-2
حضانة صقور العزة,Falcons of Pride Nursery,عمان,عمان,أبو نصير,شارع السعادة,KG-HASH-0CF80CD3-1
حضانة أطفال التوت البري,Wild Berry Kids Nursery,عمان,عمان,اليوبيل,شارع عبدالله غوشة – بجانب مسجد أحد,KG-HASH-6F0E538C-1
حضانة أنس وأمير,Anas & Amir Nursery,عمان,عمان,الجبيهة,حي الريان – شارع المريري,KG-HASH-4EF9D4C1-1
حضانة ألوان الفرح للأطفال,Colors of Joy Nursery,عمان,عمان,شرق عمان,حي العبداللات – بجانب مدرسة الكندي,KG-HASH-74D75DC4-1
حضانة أحمد وضحى,Ahmed & Dahaa Nursery,إربد,إربد,الصريح,الصريح,KG-HASH-09CFD651-1
حضانة البداية السعيدة النموذجية,Happy Beginning Model Nursery,عمان,عمان,اليوبيل,شارع المدينة المنورة,KG-HASH-660684B1-1
حضانة أنا وأخي نمرح,Me & My Brother Play Nursery,مادبا,مادبا,اليرموك,شارع اليرموك,KG-HASH-9CFA6D03-1
حضانة جود وميرا,Jood & Mira Nursery,الزرقاء,الزرقاء,جبل المغير,قرب صيدلية شمع العسل,KG-HASH-39A390C9-1
حضانة ضوء القمر,Moonlight Nursery,عمان,عمان,الصويفية,قرب قرية الصويفية – شارع زكي الصويتي,KG-HASH-A1634816-1
حضانة بيت الحلوة للأطفال,Sweet Home Kids Nursery,عمان,عمان,الجاردنز,خلف مدارس الرأي – عمارة 20,KG-HASH-D1B5B898-1
حضانة الطفل العربي,Arab Child Nursery,إربد,إربد,الحي الشرقي,قرب أسواق المؤسسة العسكرية,KG-HASH-B8E907D2-1
حضانة حبايبنا,Our Darlings Nursery,إربد,إربد,النعيمة,النعيمة,KG-HASH-946430F8-1
حضانة الخطوات التعليمية,Educational Steps Nursery,عجلون,عجلون,عبين,خلف مطعم داريا – شارع إربد–عجلون,KG-HASH-A36C5601-1
حضانة فوفو ودودو,Fufu & Dodo Model Nursery,عمان,عمان,مرج الحمام,حي الأمير حمزة,KG-HASH-CC4AA39E-1
حضانة ورود المستقبل,Future Roses Nursery,عمان,عمان,الرونق,شارع الأصبه – بناية 6,KG-HASH-9EBF0C55-2
حضانة الانطباعات الأولى,First Impressions Nursery,إربد,إربد,الراهبات الوردية,غرب مسجد أبو دلو,KG-HASH-18EA009C-1
حضانة بابا سنفور,Papa Smurf Nursery,إربد,إربد,إربد,إربد,KG-HASH-C96222D2-1
حضانة جمعية الشابات المسيحية الخيرية-الفحيص,YWCA Al-Fuheis Nursery,البلقاء,السلط,الفحيص,خلف بيت الفحيص – شارع صبيان الحصان,KG-HASH-E90DA012-1
حضانة رياحين الجنة,Breezes of Paradise Nursery,عمان,عمان,شرق عمان,الهاشمي الشمالي – شارع الحارث العبدي,KG-HASH-5E4BFD57-1
حضانة خمسة وستون 65,65 Nursery,البلقاء,السلط,المدينة الرياضية,قرب مدارس السلط الأهلية,KG-HASH-B9CFA36F-1
حضانة جنة الورد,Rose Paradise Nursery,عجلون,عجلون,عين جنا,مبنى البلدية – وسط البلد,KG-HASH-9224266E-1
حضانة الكلمات الأولى,First Words Nursery,عمان,عمان,الصويفية,شارع سعيد المفتي – عمارة 16,KG-HASH-B7734AB4-2
حضانة زين ونانا,Zain & Nana Nursery,البلقاء,السلط,أم عليه,الشارع الرئيسي,KG-HASH-B22FB8B1-1
حضانة أفضل مكان لطفلك,Best Place for Your Child Nursery,إربد,إربد,إربد,,KG-HASH-52700EB7-1
حضانة زهور الليلك,Lilac Flowers Nursery,عمان,عمان,اليوبيل,مقابل مركز صحي أم السوس,KG-HASH-DC055CFC-1
المستوى الرفيع المتميز للتعليم,High Level Distinguished Education,عمان,عمان,الشميساني,شارع ابن الفارض 11,KG-HASH-CE292D29-1
حضانة المملكة الصغيرة,Small Kingdom Nursery,عمان,عمان,ضاحية الياسمين,شارع حفصة بنت عمرو 35,KG-HASH-4409DD81-1
حضانة أحلام المستقبل النموذجية,Dreams of the Future Model Nursery,مادبا,مادبا,الخطابية,الخطابية,KG-HASH-38D0B96A-1
حضانة عبق الربيع,Spring Fragrance Nursery,عمان,عمان,شرق عمان,طبربور – شارع قمر اليافي مقابل حلويات نفيسة,KG-HASH-6C1C8513-1
حضانة الانامل الذهبية,Golden Fingers Nursery,عمان,عمان,شرق عمان,ماركا الشمالية – شارع فاطمة الزهراء – مسجد فاطمة الزهراء,KG-HASH-4235AA00-3
حضانة حكايتي الصغيرة,My Little Story Nursery,عمان,عمان,الجبيهة,مقابل الجمعية العلمية الملكية – ط الأرضي,KG-HASH-41922AC3-3
حضانة براعم السكر,Sugar Buds Nursery,العقبة,العقبة,السكنية الثالثة,شارع العباسيين – بجانب مسجد سعد بن أبي وقاص,KG-HASH-4AA4B4D3-3
حضانة درجات صغيرة,Small Steps Nursery,عمان,عمان,اليوبيل,دوار البرديني – قرب مدارس الإشراق,KG-HASH-FF9AE220-3
حضانة أشكال النموذجية,Shapes Model Nursery,إربد,إربد,خلف مستشفى إربد التخصصي,0772155227,KG-IR-0005
حضانة لطفولة أرقى,Finer Childhood Nursery,الزرقاء,الزرقاء,مدينة الشرق,قرب دوار الطيارة,KG-HASH-0BA37A4E-3
حضانة سلمى وزين,Salma & Zain Nursery,البلقاء,السلط,البقيع,البقيع,KG-HASH-2761F2DE-3
حضانة هلا وغلا,Hala & Ghala Nursery,عمان,عمان,شرق عمان,طبربور – قرب إسكان الجيش – حديقة العهد والوفا – يوسف بني ياسين 9,KG-HASH-4CB76A0C-3
حضانة من الألف إلى الياء,From A to Z Nursery,عمان,عمان,جنوب عمان,مرج الحمام – إسكان عالية – فيلا 30,KG-AM-0245
حضانة الطفل السعيد,Happy Child Nursery,عمان,عمان,شرق عمان,ماركا الشمالية – حمزة – قرب مدرسة الشريف حسين,KG-HASH-0635148B-5
حضانة بدايات عظيمة,Great Beginnings Nursery,عمان,عمان,جبل الحسين,شارع إسماعيل بابوق 5,KG-HASH-6AD2B97C-5
حضانة ديمة النموذجية,Dima Model Nursery,البلقاء,السلط,شفا العامرية,شفا العامرية,KG-HASH-756B81D8-3
حضانة ضحكات الطفولة,Childhood Laughter Nursery,عمان,عمان,الشميساني,بناية 39 – شارع معروف الرصافي,KG-HASH-16722FFC-3
حضانة الأطفال السعداء,Happy Children Nursery,عمان,عمان,اليوبيل,مرج الحمام – شارع نالتشك – قرب مطعم دنيا المشاوي,KG-HASH-BE5F5773-3
حضانة جوان النموذجية,Jawan Model Nursery,الزرقاء,الزرقاء,الهاشمية,الحي الشرقي,KG-HASH-EBD119C2-3
حضانة نور الجبيهة,Nour Al-Jubeiha Nursery,عمان,عمان,الجبيهة,شارع مفلح اللوزي – بناية 32 – مقابل مفروشات شهوان,KG-HASH-68257B5B-3
حضانة وروضة رونق المودة,Ronaq Al-Mawaddah Nursery & KG,عمان,عمان,البيادر,شارع خضر قردن – مقابل النادي الأهلي,KG-HASH-0A2E8BF3-4
حضانة بريق النمارق,Briq Al-Namarq Nursery,البلقاء,السلط,البقعان,بجانب مدرسة فاطمة الزهراء,KG-HASH-C98B3A42-3
حضانة الأرض السعيدة,Happy Land Nursery,عمان,عمان,جنوب عمان,المقابلين – حي الصحابة – شارع عبد الكريم الخطاب,KG-HASH-A21959BA-3
حضانة الحمامي,Al-Hammami Nursery,عمان,عمان,الجبيهة,شارع الريان – أم زويتينة,KG-HASH-6C739D9A-3
أكاديمية مدرسة وروضة جنى دان,Jana Dan Academy & KG,الزرقاء,الزرقاء,بيرين,خلف النبعة,KG-HASH-63D4D1AC-3
حضانة شذى الورد,Shatha Al-Ward Nursery,عمان,عمان,شرق عمان,طبربور – شارع عجاج الهبارنة – قرب مسجد عباد الرحمن,KG-HASH-E4A8221D-3
حضانة بذور الغد,Seeds of Tomorrow Nursery,عمان,عمان,شرق عمان,إسكان الجيش – شارع عبدالقادر الزغول – باتجاه أبو عليا,KG-HASH-B85BE7B2-3
حضانة ناريمان النموذجية,Nariman Model Nursery,الرمثا,الرمثا,الرمثا,مقابل مدرسة جمانة,KG-HASH-A5004523-3
حضانة كوكب المرح الطفولي,Fun Planet Childhood Nursery,العقبة,العقبة,الثامنة,قرب مسجد الكالوتي,KG-HASH-1E3C633A-3
حضانة ورود الربيع,Spring Roses Nursery,البلقاء,السلط,ماحص,شارع المدارس,KG-HASH-3D270AC1-3
حضانة حسام وسبأ الحديثة,Husam & Saba Modern Nursery,إربد,إربد,الحصن,الحي الشرقي – شارع الكلية,KG-HASH-5DF86710-3
حضانة تكوين,Takween Nursery,عمان,عمان,شمال عمان,طلوع الجاذبية – قرب سوبرماركت ياهلا,KG-HASH-9112EFC2-3
حضانة الفطاحلة النموذجية,Al-Fatahilah Model Nursery,إربد,إربد,الحي الجنوبي,جنوب غرب دوار صحارى – 300 متر,KG-HASH-6FF73128-3
حضانة بيت السكاكر,Candy House Nursery,إربد,إربد,الراهبات الوردية,خلف مستشفى الراهبات الوردية – بجانب السور,KG-HASH-B3342EDC-3
حضانة القلب السعيد,Happy Heart Nursery,عمان,عمان,شرق عمان,ضاحية الأمير حسن – قرب مطعم الهنيني,KG-HASH-D57300DD-3
حضانة كوخ الدب,Bear Cabin Nursery,الزرقاء,الزرقاء,الجبل الشمالي,شارع الملك عبد الله الثاني,KG-HASH-7F0FA9DD-3
حضانة اليوم السعيد,Al-Yawm Al-Saeed Nursery,عمان,عمان,بسمان/جبل النزهة,شارع الكويتية – بناية 15,KG-HASH-2B4CE2CE-2
حضانة فرح النموذجية,Farah Model Nursery,عمان,عمان,جبل الحسين,دوار الداخلية – نزول سرفيس العبدلي,KG-HASH-AA9129EC-2
روضة وحضانة نداء الطفولة,Nadaa Al-Tufulah Nursery & KG,عمان,عمان,شمال عمان,شارع البلدية بعد البنك الإسلامي مقابل ملحمة الخليل,KG-AM-0246
حضانة سيسو النموذجية,Siso Model Nursery,عمان,عمان,خلدا,قرب دوار السكر – مقابل سامح مول,KG-HASH-467ED77E-2
روضة ومدارس أكاديمية ريتال الدولية,Rital International Academy,عمان,عمان,ياجوز,تقاطع جسر ياجوز – شارع الأردن,KG-HASH-9932B088-2
حضانة قوس قزح النموذجية,Rainbow Model Nursery,عمان,عمان,الشميساني,الشميساني,KG-HASH-30C80BA5-2
شركة إبداع الطفولة,Ebdaa Al-Tufulah,عمان,عمان,شمال عمان,شارع شريفة زين – خلف روان كيك,KG-HASH-407914AF-2
حضانة الصياد الصغير,Little Hunter Nursery,عمان,عمان,جنوب عمان,مرج الحمام – شارع محمد بن طلال,KG-HASH-0D22143D-2
الشجرة المباركة للتعليم والاستثمار,Blessed Tree Education,عمان,عمان,شمال عمان,إشارة جبري – خلف بهجت سنتر,KG-HASH-3A27D298-1
حضانة نطاق الألوان المرحة,Color Range Fun Nursery,عمان,عمان,شرق عمان,شفا بدران – بجانب أكاديمية ريماس,KG-HASH-2605B857-2
حضانة زهور صغيرة,Little Flowers Nursery,عمان,عمان,الشميساني,شارع الفيحاء,KG-HASH-4E0BEFAA-2
حضانة المشاكس الصغير,Little Mischief Nursery,عمان,عمان,أم أذينة,شارع الكوفة – بناية 71,KG-HASH-0E557CFF-3
حضانة عبق عجلون النموذجية,Abq Ajloun Model Nursery,عجلون,عجلون,عبين,شارع إربد – مقابل صالة النورس,KG-HASH-5601454A-2
مؤسسة المنهل التربوية,Al-Manhal Educational Institution,عمان,عمان,الجامعة الأردنية,إسكان الجامعة الأردنية,KG-HASH-91358FF4-2
حضانة النحلة الصغيرة,Little Bee Nursery,عمان,عمان,الجاردنز,دخلة مطعم السروات,KG-AM-0247
حضانة مملكة السكر,Sugar Kingdom Nursery,عمان,عمان,شرق عمان,طبربور – شارع أسعد بن زرارة,KG-HASH-49966BEA-2
حضانة طوق الياسمين,Tawq Al-Yasmin Nursery,عمان,عمان,شرق عمان,طبربور – مظهر علاونة – بجانب موسيقات القوات,KG-HASH-984DF634-4
حضانة قمم الأشجار,Tree Tops Nursery,عمان,عمان,الشميساني,عبد الحميد كرامي – بناية 8,KG-HASH-D2C447CD-3
حضانة الخيوط اللامعة,Shining Threads Nursery,عمان,عمان,أبو السوس,إسكان الأمانة – حي الصنوبر,KG-HASH-FCF5F87B-2
حضانة الما وأيلا,Alma & Ayla Nursery,عمان,عمان,شمال عمان,ضاحية الرشيد – قبل سكن أميمة,KG-HASH-46291761-2
حضانة ماما رولا,Mama Rola Nursery,عمان,عمان,شرق عمان,شفا بدران – حي ذهيبة – خلف الكلحة – بناية 3,KG-HASH-51336EBC-2
حضانة حبات التوت,Raspberry Seeds Nursery,عمان,عمان,مرج الحمام,شارع مويى النهار,KG-AM-0248
حضانة أطفال تمارا,Tamara Kids Nursery,عمان,عمان,شمال عمان,خلف مطعم طواحين,KG-HASH-D54CBE34-2
حضانة أزهار بيسان,Bisan Flowers Nursery,عمان,عمان,شرق عمان,الهاشمي الشمالي – حي نايفة – مقابل وزارة الصحة,KG-HASH-F0D51A7A-2
حضانة دانة الدولية,Dana International Nursery,عمان,عمان,شمال عمان,تلاع العلي – خلف الهوليدي إن,KG-HASH-21F6AEA4-2
حضانة سالي وسلمى,Sally & Salma Nursery,عمان,عمان,شمال عمان,الجبيهة – مقابل الأحدث سابقاً,KG-HASH-50F99C52-2
حضانة وسيم النموذجية,Waseem Model Nursery,عمان,عمان,جنوب عمان,الأشرفية – حي أم تينة,KG-HASH-A737AF34-2
حضانة النحلة جولي,Jolly Bee Nursery,عمان,عمان,شرق عمان,طبربور – بجانب جامعة العلوم الإسلامية,KG-HASH-F9383D91-2
حضانة الأكواخ الملونة,Colored Cabins Nursery,عمان,عمان,الشميساني,شارع الجاحظ – مقابل مجمع السعيد,KG-HASH-89BDD1D1-4
حضانة النجوم المتلألئة,Twinkling Stars Nursery,عمان,عمان,اليوبيل,مرج الحمام – شارع نايف بن عاصم,KG-HASH-68E974B2-2
حضانة جنتي للأطفال,My Paradise Nursery,عمان,عمان,شمال عمان,خلدا – شارع المعارف – قرب مدرسة المعارف,KG-HASH-43031B1B-2
حضانة ميرا والمى,Mira & Al-Mi Nursery,عمان,عمان,جنوب عمان,شارع فايزة المعارجة,KG-HASH-7A601E38-2
حضانة عصافير الكرك,Karak Sparrows Nursery,الكرك,الكرك,الكرك,الثنية – الشارع الرئيسي,KG-HASH-B864861A-3
حضانة القطط الصغيرة,Little Kittens Nursery,عمان,عمان,شمال عمان,تلاع العلي – بجانب البشيتي – بناية 3,KG-HASH-F761251C-2
حضانة الطفل الحسن,Good Child Nursery,عمان,عمان,اليوبيل,بيادر وادي السير – الجندويل,KG-HASH-9B7848CF-2
روضة وحضانة أنا الصغير,Ana Al-Saghir Nursery & KG,عمان,عمان,شمال عمان,خرجا – دخلة مدارس الدر المنثور,KG-HASH-1070AA6D-2
حضانة القلب الكبير,Big Heart Nursery,إربد,إربد,إربد,قرب مضافة أبو سالم,KG-HASH-B233B2FD-2
حضانة قرية التوت العالمية,Global Berry Village Nursery,عمان,عمان,عمان المركز,دوار الكيلو – خلف البرجر كنج – عمارة 46,KG-HASH-6E5273CC-2
حضانة الجيل القادم,Next Generation Nursery,عمان,عمان,شمال عمان,المدينة الرياضية – شمس الدين الذهبي,KG-AM-0249
حضانة التباشير البيضاء,White Chalk Nursery,عمان,عمان,بين الدوار 6 وال7,شارع التباشير,KG-HASH-846C96F7-1
حضانة مونلايت,Moonlight Nursery,عمان,عمان,الشميساني,الشميساني,KG-AM-0250
حضانة فيرست ووردز,First Words Preschool,عمان,عمان,الصويفية,شارع سعيد المفتي – عمارة 16,KG-HASH-DDDF528F-2
روضة ومدرسة ليلى للتعليم الحديث,Leila Modern Education KG & School,عمان,عمان,طبربور,شارع محمد العويدات – مجمع 2,KG-AM-0251
حضانة ليتل ليرنرز,Little Learners Nursery,عمان,عمان,الرابية,شارع أنور الخطيب,KG-AM-0252
حضانة العلمي الممتع,Fun Science Nursery,عمان,عمان,اليوبيل,شارع عبد الله غوشة,KG-AM-0253
حضانة ميني مي,Mini Me Nursery,عمان,عمان,خلدا,شارع الأمير زيد,KG-AM-0254
حضانة الانطلاقة,Al Intilaqa Nursery,عمان,عمان,الصويفية,شارع بخيت العيسى,065865080
حضانة كوكون,Cocoon Nursery,عمان,عمان,الرابية,شارع محمد الخماش,KG-AM-0255
حضانة زهور المستقبل,Future Flowers Nursery,عمان,عمان,الرونق,شارع الأسبح – فيلا 6,KG-HASH-F845F6B6-2
حضانة نهج المعرفة,Nahj Al-Ma’rifa KG,عمان,عمان,الدوار الثامن,الدوار الثامن,KG-AM-0256
روضة بوك أند براش,Book n Brush KG,عمان,عمان,الصويفية,شارع زهدي عصفور,KG-AM-0257
حضانة البدايات المشرقة,Bright Beginnings Nursery,عمان,عمان,أم أذينة,شارع الدمام 48,0795225253
حضانة وروضة وورلد كرياتيف,Creative World Nursery & KG,عمان,عمان,الرابية,شارع إبراهيم القطان 22,KG-AM-0258
حضانة الأطفال السعداء (2),Happy Kids Nursery (2),عمان,عمان,السهل,السهل,KG-AM-0259
حضانة السندريلا,Cinderella Nursery,عمان,عمان,جبل الحسين,شارع الملك عبد الله الثاني 2,064006176
روضة ينابيع العلم,Yanabe’ Al-Ilm KG,عمان,عمان,البيادر,مقسم العطار – شارع البيادر,KG-AM-0260
حضانة السوبر ناني,Super Nanny Nursery,عمان,عمان,المرج,المرج,07995009794
حضانة ميلكي تيث,Milky Teeth KG Nursery,عمان,عمان,خلدا,خلدا,KG-AM-0261
حضانة ستارفيش,Starfish Nursery,عمان,عمان,الرابية,شارع أنوارين مسمار 4,KG-AM-0262
حضانة ليتل هاندز,Little Hands Nursery,عمان,عمان,خلدا,خلدا,KG-AM-0263
حضانة وروضة ستيبينج ستون,Stepping Stone Preschool & Nursery,عمان,عمان,أم السماق,شارع أرتيريا 50,KG-AM-0264
حضانة آدم كيدز,Adam Kids Nursery,عمان,عمان,عبدون,عبدون,KG-AM-0265
حضانة رونق المودة,Ronaq Al-Mawaddah Nursery,عمان,عمان,البيادر,شارع خضر قردن – مقابل النادي الأهلي,KG-HASH-AFC636DF-2
حضانة أمبريلا,Umbrella Nursery,عمان,عمان,اليوبيل,اليوبيل,KG-AM-0266
حضانة وروضة المتفوقين أكاديمي,Al Mutafawqeen Academy KG & School,عمان,عمان,خلدا,شارع أيوب السختياني 14,KG-AM-0267
حضانة منزلي الكبير,My Big House Nursery,عمان,عمان,الشميساني,شارع الشريف ناصر بن جميل 78,KG-AM-0268
روضة أكاديمية الأطفال الرائعين,Wonderful Kids Academy KG,عمان,عمان,اليوبيل,شارع محمد العجلوني,KG-AM-0269
حضانة وروضة كراميل,Caramel Nursery & KG,عمان,عمان,خلدا,شارع الأميرة زينب 63,KG-AM-0270
حضانة بز بي,BuzzBee Nursery,عمان,عمان,خلدا,خلدا,KG-AM-0271
روضة وابه,Wabe KG,عمان,عمان,طبربور,شارع صدقي أبو شقرة,KG-AM-0272
حضانة سيفتي هاوس,Safety House Nursery,عمان,عمان,خلدا,شارع المعارف – خلدا,KG-AM-0273
حضانة ليتل بي,Little Bee Nursery,عمان,عمان,اليوبيل,اليوبيل,KG-AM-0274
روضة و حضانة هيل هاوس,Hill House KG & Nursery,عمان,عمان,الشميساني,شارع محمد علي بدير 37,KG-AM-0275
حضانة الأكواخ الملونة,Al-Akwakh Al-Mulawwanah Nursery,عمان,عمان,الشميساني,شارع الجاحظ – مقابل مجمع السعيد التجاري,KG-HASH-89BDD1D1-5
حضانة سويت آند نوتي,Sweet and Naughty Nursery,عمان,عمان,الشميساني,الشميساني,KG-AM-0276
حضانة كيدز فالي,Kids Valley Nursery,عمان,عمان,الشميساني,شارع يوسف بن تاشفين 5,KG-AM-0277
حضانة ليتل جاردن,Little Garden Pre & Nursery,عمان,عمان,خلدا,خلدا,KG-AM-0278
حضانة راقي الدولية,Raqi International Preschool,عمان,عمان,الرابية,شارع رفاعة بن أوس 46,KG-AM-0279
حضانة السلام,Al-Salam Nursery,عمان,عمان,الكرسي,الكرسي,KG-AM-0280
حضانة ستدي بلاي,Study Play KG,عمان,عمان,خلدا,شارع الشيخ حسين الجسر 44,KG-AM-0281
حضانة فيرست ستيب,First Step Nursery,عمان,عمان,اليوبيل,اليوبيل,KG-AM-0282
حضانة كينزي,Kenzi KG,عمان,عمان,طبربور,شارع فاضل أحمد خليفة 20,KG-AM-0283
حضانة ليتل بروفيسورز أكاديمي,Little Professors Academy,عمان,عمان,خلدا,شارع أبهى 11,KG-AM-0284
حضانة زين,Zain Nursery,عمان,عمان,اليوبيل,شارع الإخلاص 31,KG-AM-0285
حضانة وروضة ليونز كينجدوم,Lions Kingdom Nursery & Pre-school,عمان,عمان,دابوق,شارع يثرب 9,KG-AM-0286
روضة و حضانة المجد الوطنية,Al Majd National Academy KG,عمان,عمان,خلدا,شارع الفقهاء – مجمع 4,KG-AM-0287
حضانة وايت لاينز,White Lines Nursery,عمان,عمان,خلدا,شارع أم الدنانير – خلدا,KG-AM-0288
حضانة لارا,Lara Nursery,عمان,عمان,تلاع العلي,خلف سوبر ماركت الأهالي,065670424
حضانة المشاكس الصغير,Al-Mushakis Al-Saghir Nursery,عمان,عمان,أم أذينة,أم أذينة الشرقي,0795581762
حضانة عطر الجوري,Atr Al-Jouri Nursery,عمان,عمان,الياسمين,شارع محمد سالم الثوايب,KG-AM-0289
حضانة وروضة هابي فايسيز,Happy Faces Nursery & Preschool,عمان,عمان,اليوبيل,شارع ثويبة بن حرملة,KG-AM-0290
حضانة آرت كير,Art Care Nursery,عمان,عمان,خلدا,شارع عروة بن أذينة,KG-AM-0291
حضانة وروضة ستيب باي ستيب,Step By Step Preschool,عمان,عمان,الرابية,شارع وديع قسطندي 3,KG-AM-0292
حضانة وروضة ليتل لاند,Little Land Nursery & Preschool,عمان,عمان,الشميساني,شارع الأشعري 15,KG-AM-0293
حضانة دانا,Dana Nursery,عمان,عمان,خلدا,كنيسة كرم إمسيح – خلدا,KG-AM-0294
حضانة بانان دي كير,Banan Daycare,عمان,عمان,اليوبيل,شارع موسى الساكت 76,KG-AM-0295
حضانة طوق الياسمين,Tawq Al-Yasmin Nursery,عمان,عمان,طبربور,مظهر علاونة – بجانب موسيقات القوات المسلحة,KG-HASH-984DF634-5
حضانة كولورز تري,Colors Tree Nursery,عمان,عمان,خلدا,شارع عيسى أبو قدوم 6,KG-AM-0296
حضانة كرادل تو كرايون,Cradle to Crayon Nursery,عمان,عمان,اليوبيل,شارع أحمد عرابي,KG-AM-0297
روضة أيوب,Ayoub KG,عمان,عمان,الشميساني,شارع أحمد أوكلة النصور,KG-AM-0298
روضة و حضانة نحن الأطفال,Nahnu Al-Atfal Nursery & KG,عمان,عمان,جبل الحسين,شارع عز الدين القسام,KG-AM-0299
حضانة وروضة صنلايت,Sunlight Nursery & Pre-School,عمان,عمان,الرابية,شارع نهاوند – الرابية,KG-AM-0300
روضة و حضانة عالم الصغار,Aalam Al-Sighar Nursery & KG,عمان,عمان,الشميساني,شارع أسيد بن ثعلبة,KG-AM-0301
حضانة كُن طفلًا,Kun Tiflan Nursery,عمان,عمان,اليوبيل,شارع تعز,KG-AM-0302
حضانة تري توبس,Tree Tops Nursery,عمان,عمان,الشميساني,شارع عبد الحميد كرامي,KG-HASH-AE47A5BB-3
روضة هابي هارت,Happy Heart Kindergarten,عمان,عمان,اليوبيل,مجمع النور – شارع محمد بن غطوس,KG-AM-0303
حضانة بامبل بي,Bumble Bee Preschool,عمان,عمان,الرابية,شارع تبريز,KG-AM-0304
حضانة الما وايلا,Alma and Ayla Nursery,عمان,عمان,ضاحية الرشيد,قبل سكن أميمة,KG-HASH-5755C175-2
حضانة ليديبرد,Ladybird Nursery,عمان,عمان,الشميساني,شارع يوسف بن تاشفين,KG-AM-0305
حضانة داندون,Dandoon Nursery,عمان,عمان,خلدا,شارع عبد الله الأعزب,KG-AM-0306
حضانة إيرلي بيرد (تلاع العلي),Early Bird Nursery (Tala Al-Ali),عمان,عمان,تلاع العلي,مجمع 44 – شارع عبد الحليم عباس,KG-AM-0307
روضة الطفل السعيد,Al-Tifl Al-Saeed KG,عمان,عمان,شرق عمان,ماركا الشمالية – حمزة,KG-HASH-BCCAE8EB-2
حضانة هيا سبراوتس,Haya Sprouts Preschool,عمان,عمان,خلدا,شاكر بن زيد,KG-AM-0308
حضانة بيتي الصغير,My Little Home Nursery,عمان,عمان,شمال عمان,يوسف بن تاشفين 20 – الشميساني,KG-HASH-A45EF066-2
روضة كيدز واي,Kids Way Kindergarten,عمان,عمان,خلدا,شارع الأوزاعي – مجمع 11,KG-AM-0309
حضانة جريت بيجينينجز,Great Beginnings Child Care,عمان,عمان,جبل الحسين,شارع إسماعيل بابوق,KG-HASH-3561F16A-2
حضانة ليتل ستيبس,Little Steps Nursery,عمان,عمان,خلدا,شارع الشيخ حسين الجسر,KG-AM-0310
حضانة رايت ستارت,Right Start Nursery,عمان,عمان,اليوبيل,اليوبيل,KG-AM-0311
روضة الأصدقاء المبدعين,Creative Friends KG,عمان,عمان,خلدا,شارع عبد الله بن مسعود 20,KG-AM-0312
حضانة الجيل القادم,Next Generation Nursery,عمان,عمان,شمال عمان,المدينة الرياضية – شمس الدين الذهبي,KG-HASH-26164CE9-2
حضانة ليتل فلاورز,Little Flowers Day Nursery,عمان,عمان,خلدا,خلدا,KG-AM-0313
حضانة كيدز ستيبس,Kids Steps Nursery,عمان,عمان,الرابية,شارع تلمسان – مجمع 5,KG-AM-0314
حضانة شيري تري,Cherry Tree Nursery,عمان,عمان,جبل الحسين,شارع محمد جمجوم – مجمع 2,KG-AM-0315
حضانة ثراء كيدز,Thraa Kids Nursery,عمان,عمان,شرق عمان,شرق عمان,KG-AM-0316
حضانة الفقاعة المضحكة,Funny Bubble Nursery,عمان,عمان,أم السماق,شارع عطيوي المجالي – بناية 26,KG-HASH-68475EC4-5
حضانة طيور المحبة,Birds of Love Nursery,عمان,عمان,جبل عمان,دوار ثاني – شارع المعتصم 55,KG-HASH-39B76A94-6
حضانة ريتان,Ritan Nursery,إربد,إربد,الحي الشرقي,خلف حلويات الكت والكات,KG-HASH-63C89E6F-5
حضانة الطفل الأمثل,Best Child Care Nursery,الزرقاء,الزرقاء,البتراوي,حي البتراوي,KG-HASH-9D52338B-6
حضانة أطفال الرونق,Ronaq Kids Nursery,عمان,عمان,الرونق,شارع محمد علي حسين الكردي – عمارة 30,KG-HASH-F80BBEEE-2
حضانة البالون,Balloon Nursery,عمان,عمان,الدوار السابع,بجانب فندق جنيفا,KG-HASH-B3A79E1B-2
حضانة براعم الرمثا التعليمية والنموذجية,Baraem Al-Ramtha Educational & Model Nursery,الرمثا,الرمثا,الرئيسي,الرئيسي,KG-HASH-E7F2DA07-2
حضانة النبات السليم,Healthy Plant Nursery,عمان,عمان,طبربور,حي الشهيد الجنوبي,KG-HASH-F9974F8A-2
حضانة أرض النجوم,Land of Stars Nursery,عمان,عمان,ضاحية الرشيد,مقابل مدرسة تقارب,KG-HASH-2AB7CA43-3
حضانة صقور العزة,Falcons of Pride Nursery,عمان,عمان,أبو نصير,شارع السعادة,KG-HASH-0CF80CD3-2
حضانة أطفال التوت البري,Wild Berry Kids Nursery,عمان,عمان,اليوبيل,شارع عبدالله غوشة – بجانب مسجد أحد,KG-HASH-6F0E538C-2
حضانة أنس وأمير,Anas & Amir Nursery,عمان,عمان,الجبيهة,حي الريان – شارع المريري,KG-HASH-4EF9D4C1-2
حضانة ألوان الفرح للأطفال,Colors of Joy Nursery,عمان,عمان,شرق عمان,حي العبداللات – بجانب مدرسة الكندي,KG-HASH-74D75DC4-2
حضانة أحمد وضحى,Ahmed & Dahaa Nursery,إربد,إربد,الصريح,الصريح,KG-HASH-09CFD651-2
حضانة البداية السعيدة النموذجية,Happy Beginning Model Nursery,عمان,عمان,اليوبيل,شارع المدينة المنورة,KG-HASH-660684B1-2
حضانة أنا وأخي نمرح,Me & My Brother Play Nursery,مادبا,مادبا,اليرموك,شارع اليرموك,KG-HASH-9CFA6D03-2
حضانة جود وميرا,Jood & Mira Nursery,الزرقاء,الزرقاء,جبل المغير,قرب صيدلية شمع العسل,KG-HASH-39A390C9-2
حضانة ضوء القمر,Moonlight Nursery,عمان,عمان,الصويفية,قرب قرية الصويفية – شارع زكي الصويتي,KG-HASH-A1634816-2
حضانة بيت الحلوة للأطفال,Sweet Home Kids Nursery,عمان,عمان,الجاردنز,خلف مدارس الرأي – عمارة 20,KG-HASH-D1B5B898-2
حضانة الطفل العربي,Arab Child Nursery,إربد,إربد,الحي الشرقي,قرب أسواق المؤسسة العسكرية,KG-HASH-B8E907D2-2
حضانة حبايبنا,Our Darlings Nursery,إربد,إربد,النعيمة,النعيمة,KG-HASH-946430F8-2
حضانة الخطوات التعليمية,Educational Steps Nursery,عجلون,عجلون,عبين,خلف مطعم داريا – شارع إربد–عجلون,KG-HASH-A36C5601-2
حضانة فوفو ودودو,Fufu & Dodo Model Nursery,عمان,عمان,مرج الحمام,حي الأمير حمزة,KG-HASH-CC4AA39E-2
حضانة ورود المستقبل,Future Roses Nursery,عمان,عمان,الرونق,شارع الأصبه – بناية 6,KG-HASH-9EBF0C55-3
حضانة الانطباعات الأولى,First Impressions Nursery,إربد,إربد,الراهبات الوردية,غرب مسجد أبو دلو,KG-HASH-18EA009C-2
حضانة بابا سنفور,Papa Smurf Nursery,إربد,إربد,إربد,إربد,KG-HASH-C96222D2-2
حضانة جمعية الشابات المسيحية الخيرية-الفحيص,YWCA Al-Fuheis Nursery,البلقاء,السلط,الفحيص,خلف بيت الفحيص – شارع صبيان الحصان,KG-HASH-E90DA012-2
حضانة رياحين الجنة,Breezes of Paradise Nursery,عمان,عمان,شرق عمان,الهاشمي الشمالي – شارع الحارث العبدي,KG-HASH-5E4BFD57-2
حضانة خمسة وستون 65,65 Nursery,البلقاء,السلط,المدينة الرياضية,قرب مدارس السلط الأهلية,KG-HASH-B9CFA36F-2
حضانة جنة الورد,Rose Paradise Nursery,عجلون,عجلون,عين جنا,مبنى البلدية – وسط البلد,KG-HASH-9224266E-2
حضانة الكلمات الأولى,First Words Nursery,عمان,عمان,الصويفية,شارع سعيد المفتي – عمارة 16,KG-HASH-B7734AB4-3
حضانة زين ونانا,Zain & Nana Nursery,البلقاء,السلط,أم عليه,الشارع الرئيسي,KG-HASH-B22FB8B1-2
حضانة أفضل مكان لطفلك,Best Place for Your Child Nursery,إربد,إربد,إربد,,KG-HASH-52700EB7-2
حضانة زهور الليلك,Lilac Flowers Nursery,عمان,عمان,اليوبيل,مقابل مركز صحي أم السوس,KG-HASH-DC055CFC-2
المستوى الرفيع المتميز للتعليم,High Level Distinguished Education,عمان,عمان,الشميساني,شارع ابن الفارض 11,KG-HASH-CE292D29-2
حضانة المملكة الصغيرة,Small Kingdom Nursery,عمان,عمان,ضاحية الياسمين,شارع حفصة بنت عمرو 35,KG-HASH-4409DD81-2
حضانة أحلام المستقبل النموذجية,Dreams of the Future Model Nursery,مادبا,مادبا,الخطابية,الخطابية,KG-HASH-38D0B96A-2
حضانة عبق الربيع,Spring Fragrance Nursery,عمان,عمان,شرق عمان,طبربور – شارع قمر اليافي مقابل حلويات نفيسة,KG-HASH-6C1C8513-2
حضانة الانامل الذهبية,Golden Fingers Nursery,عمان,عمان,شرق عمان,ماركا الشمالية – شارع فاطمة الزهراء – مسجد فاطمة الزهراء,KG-HASH-4235AA00-4
حضانة حكايتي الصغيرة,My Little Story Nursery,عمان,عمان,الجبيهة,مقابل الجمعية العلمية الملكية – ط الأرضي,KG-HASH-41922AC3-4
حضانة براعم السكر,Sugar Buds Nursery,العقبة,العقبة,السكنية الثالثة,شارع العباسيين – بجانب مسجد سعد بن أبي وقاص,KG-HASH-4AA4B4D3-4
حضانة درجات صغيرة,Small Steps Nursery,عمان,عمان,اليوبيل,دوار البرديني – قرب مدارس الإشراق,KG-HASH-FF9AE220-4
حضانة أشكال النموذجية,Shapes Model Nursery,إربد,إربد,خلف مستشفى إربد التخصصي,0772155227,KG-IR-0006
حضانة لطفولة أرقى,Finer Childhood Nursery,الزرقاء,الزرقاء,مدينة الشرق,قرب دوار الطيارة,KG-HASH-0BA37A4E-4
حضانة سلمى وزين,Salma & Zain Nursery,البلقاء,السلط,البقيع,البقيع,KG-HASH-2761F2DE-4
حضانة هلا وغلا,Hala & Ghala Nursery,عمان,عمان,شرق عمان,طبربور – قرب إسكان الجيش – حديقة العهد والوفا – يوسف بني ياسين 9,KG-HASH-4CB76A0C-4
حضانة من الألف إلى الياء,From A to Z Nursery,عمان,عمان,جنوب عمان,مرج الحمام – إسكان عالية – فيلا 30,KG-AM-0317
حضانة الطفل السعيد,Happy Child Nursery,عمان,عمان,شرق عمان,ماركا الشمالية – حمزة – قرب مدرسة الشريف حسين,KG-HASH-0635148B-6
حضانة بدايات عظيمة,Great Beginnings Nursery,عمان,عمان,جبل الحسين,شارع إسماعيل بابوق 5,KG-HASH-6AD2B97C-6
حضانة ديمة النموذجية,Dima Model Nursery,البلقاء,السلط,شفا العامرية,شفا العامرية,KG-HASH-756B81D8-4
حضانة ضحكات الطفولة,Childhood Laughter Nursery,عمان,عمان,الشميساني,بناية 39 – شارع معروف الرصافي,KG-HASH-16722FFC-4
حضانة الأطفال السعداء,Happy Children Nursery,عمان,عمان,اليوبيل,مرج الحمام – شارع نالتشك – قرب مطعم دنيا المشاوي,KG-HASH-BE5F5773-4
حضانة جوان النموذجية,Jawan Model Nursery,الزرقاء,الزرقاء,الهاشمية,الحي الشرقي,KG-HASH-EBD119C2-4
حضانة نور الجبيهة,Nour Al-Jubeiha Nursery,عمان,عمان,الجبيهة,شارع مفلح اللوزي – بناية 32 – مقابل مفروشات شهوان,KG-HASH-68257B5B-4
حضانة وروضة رونق المودة,Ronaq Al-Mawaddah Nursery & KG,عمان,عمان,البيادر,شارع خضر قردن – مقابل النادي الأهلي,KG-HASH-0A2E8BF3-5
حضانة بريق النمارق,Briq Al-Namarq Nursery,البلقاء,السلط,البقعان,بجانب مدرسة فاطمة الزهراء,KG-HASH-C98B3A42-4
حضانة الأرض السعيدة,Happy Land Nursery,عمان,عمان,جنوب عمان,المقابلين – حي الصحابة – شارع عبد الكريم الخطاب,KG-HASH-A21959BA-4
حضانة الحمامي,Al-Hammami Nursery,عمان,عمان,الجبيهة,شارع الريان – أم زويتينة,KG-HASH-6C739D9A-4
أكاديمية مدرسة وروضة جنى دان,Jana Dan Academy & KG,الزرقاء,الزرقاء,بيرين,خلف النبعة,KG-HASH-63D4D1AC-4
حضانة شذى الورد,Shatha Al-Ward Nursery,عمان,عمان,شرق عمان,طبربور – شارع عجاج الهبارنة – قرب مسجد عباد الرحمن,KG-HASH-E4A8221D-4
حضانة بذور الغد,Seeds of Tomorrow Nursery,عمان,عمان,شرق عمان,إسكان الجيش – شارع عبدالقادر الزغول – باتجاه أبو عليا,KG-HASH-B85BE7B2-4
حضانة ناريمان النموذجية,Nariman Model Nursery,الرمثا,الرمثا,الرمثا,مقابل مدرسة جمانة,KG-HASH-A5004523-4
حضانة كوكب المرح الطفولي,Fun Planet Childhood Nursery,العقبة,العقبة,الثامنة,قرب مسجد الكالوتي,KG-HASH-1E3C633A-4
حضانة ورود الربيع,Spring Roses Nursery,البلقاء,السلط,ماحص,شارع المدارس,KG-HASH-3D270AC1-4
حضانة حسام وسبأ الحديثة,Husam & Saba Modern Nursery,إربد,إربد,الحصن,الحي الشرقي – شارع الكلية,KG-HASH-5DF86710-4
حضانة تكوين,Takween Nursery,عمان,عمان,شمال عمان,طلوع الجاذبية – قرب سوبرماركت ياهلا,KG-HASH-9112EFC2-4
حضانة الفطاحلة النموذجية,Al-Fatahilah Model Nursery,إربد,إربد,الحي الجنوبي,جنوب غرب دوار صحارى – 300 متر,KG-HASH-6FF73128-4
حضانة بيت السكاكر,Candy House Nursery,إربد,إربد,الراهبات الوردية,خلف مستشفى الراهبات الوردية – بجانب السور,KG-HASH-B3342EDC-4
حضانة القلب السعيد,Happy Heart Nursery,عمان,عمان,شرق عمان,ضاحية الأمير حسن – قرب مطعم الهنيني,KG-HASH-D57300DD-4
حضانة كوخ الدب,Bear Cabin Nursery,الزرقاء,الزرقاء,الجبل الشمالي,شارع الملك عبد الله الثاني,KG-HASH-7F0FA9DD-4
حضانة الفقاعة المضحكة,Funny Bubble Nursery,عمان,عمان,أم السماق,شارع عطيوي المجالي – بناية 26,KG-HASH-68475EC4-6
حضانة طيور المحبة,Birds of Love Nursery,عمان,عمان,جبل عمان,دوار ثاني – شارع المعتصم 55 – بجانب عمارة قناة الجزيرة,KG-HASH-39B76A94-7
حضانة ريتان,Ritan Nursery,إربد,إربد,الحي الشرقي,خلف حلويات الكت والكات,KG-HASH-63C89E6F-6
حضانة الطفل الأمثل,Best Child Nursery,الزرقاء,الزرقاء,البتراوي,حي البتراوي,KG-HASH-9D52338B-7
حضانة اليوم السعيد,Al-Yawm Al-Saeed Nursery,عمان,عمان,بسمان/جبل النزهة,شارع الكويتية – بناية 15,KG-HASH-2B4CE2CE-3
حضانة فرح النموذجية,Farah Model Nursery,عمان,عمان,جبل الحسين,دوار الداخلية – نزول سرفيس العبدلي,KG-HASH-AA9129EC-3
روضة وحضانة نداء الطفولة,Nadaa Al-Tufulah Nursery & KG,عمان,عمان,شمال عمان,شارع البلدية بعد البنك الإسلامي مقابل ملحمة الخليل,KG-AM-0318
حضانة سيسو النموذجية,Siso Model Nursery,عمان,عمان,خلدا,قرب دوار السكر – مقابل سامح مول,KG-HASH-467ED77E-3
روضة ومدارس أكاديمية ريتال الدولية,Rital International Academy,عمان,عمان,ياجوز,تقاطع جسر ياجوز – شارع الأردن,KG-HASH-9932B088-3
حضانة قوس قزح النموذجية,Rainbow Model Nursery,عمان,عمان,الشميساني,الشميساني,KG-HASH-30C80BA5-3
شركة إبداع الطفولة,Ebdaa Al-Tufulah,عمان,عمان,شمال عمان,شارع شريفة زين – خلف روان كيك,KG-HASH-407914AF-3
حضانة الصياد الصغير,Little Hunter Nursery,عمان,عمان,جنوب عمان,مرج الحمام – شارع محمد بن طلال,KG-HASH-0D22143D-3
الشجرة المباركة للتعليم والاستثمار,Blessed Tree Education,عمان,عمان,شمال عمان,إشارة جبري – خلف بهجت سنتر,KG-HASH-3A27D298-2
حضانة نطاق الألوان المرحة,Color Range Fun Nursery,عمان,عمان,شرق عمان,شفا بدران – بجانب أكاديمية ريماس,KG-HASH-2605B857-3
حضانة زهور صغيرة,Little Flowers Nursery,عمان,عمان,الشميساني,شارع الفيحاء,KG-HASH-4E0BEFAA-3
حضانة المشاكس الصغير,Little Mischief Nursery,عمان,عمان,أم أذينة,شارع الكوفة – بناية 71,KG-HASH-0E557CFF-4
حضانة عبق عجلون النموذجية,Abq Ajloun Model Nursery,عجلون,عجلون,عبين,شارع إربد – مقابل صالة النورس,KG-HASH-5601454A-3
مؤسسة المنهل التربوية,Al-Manhal Educational Institution,عمان,عمان,الجامعة الأردنية,إسكان الجامعة الأردنية,KG-HASH-91358FF4-3
حضانة النحلة الصغيرة,Little Bee Nursery,عمان,عمان,الجاردنز,دخلة مطعم السروات,KG-AM-0319
حضانة مملكة السكر,Sugar Kingdom Nursery,عمان,عمان,شرق عمان,طبربور – شارع أسعد بن زرارة,KG-HASH-49966BEA-3
حضانة طوق الياسمين,Tawq Al-Yasmin Nursery,عمان,عمان,شرق عمان,طبربور – مظهر علاونة – بجانب موسيقات القوات,KG-HASH-984DF634-6
حضانة قمم الأشجار,Tree Tops Nursery,عمان,عمان,الشميساني,عبد الحميد كرامي – بناية 8,KG-HASH-D2C447CD-4
حضانة الخيوط اللامعة,Shining Threads Nursery,عمان,عمان,أبو السوس,إسكان الأمانة – حي الصنوبر,KG-HASH-FCF5F87B-3
حضانة الما وأيلا,Alma & Ayla Nursery,عمان,عمان,شمال عمان,ضاحية الرشيد – قبل سكن أميمة,KG-HASH-46291761-3
حضانة ماما رولا,Mama Rola Nursery,عمان,عمان,شرق عمان,شفا بدران – حي ذهيبة – خلف الكلحة – بناية 3,KG-HASH-51336EBC-3
حضانة حبات التوت,Raspberry Seeds Nursery,عمان,عمان,مرج الحمام,شارع مويى النهار,KG-AM-0320
حضانة أطفال تمارا,Tamara Kids Nursery,عمان,عمان,شمال عمان,خلف مطعم طواحين,KG-HASH-D54CBE34-3
حضانة أزهار بيسان,Bisan Flowers Nursery,عمان,عمان,شرق عمان,الهاشمي الشمالي – حي نايفة – مقابل وزارة الصحة,KG-HASH-F0D51A7A-3
حضانة دانة الدولية,Dana International Nursery,عمان,عمان,شمال عمان,تلاع العلي – خلف الهوليدي إن,KG-HASH-21F6AEA4-3
حضانة سالي وسلمى,Sally & Salma Nursery,عمان,عمان,شمال عمان,الجبيهة – مقابل الأحدث سابقاً,KG-HASH-50F99C52-3
حضانة وسيم النموذجية,Waseem Model Nursery,عمان,عمان,جنوب عمان,الأشرفية – حي أم تينة,KG-HASH-A737AF34-3
حضانة النحلة جولي,Jolly Bee Nursery,عمان,عمان,شرق عمان,طبربور – بجانب جامعة العلوم الإسلامية,KG-HASH-F9383D91-3
حضانة الأكواخ الملونة,Colored Cabins Nursery,عمان,عمان,الشميساني,شارع الجاحظ – مقابل مجمع السعيد,KG-HASH-89BDD1D1-6
حضانة النجوم المتلألئة,Twinkling Stars Nursery,عمان,عمان,اليوبيل,مرج الحمام – شارع نايف بن عاصم,KG-HASH-68E974B2-3
حضانة جنتي للأطفال,My Paradise Nursery,عمان,عمان,شمال عمان,خلدا – شارع المعارف – قرب مدرسة المعارف,KG-HASH-43031B1B-3
حضانة ميرا والمى,Mira & Al-Mi Nursery,عمان,عمان,جنوب عمان,شارع فايزة المعارجة,KG-HASH-7A601E38-3
حضانة عصافير الكرك,Karak Sparrows Nursery,الكرك,الكرك,الكرك,الثنية – الشارع الرئيسي,KG-HASH-B864861A-4
حضانة القطط الصغيرة,Little Kittens Nursery,عمان,عمان,شمال عمان,تلاع العلي – بجانب البشيتي – بناية 3,KG-HASH-F761251C-3
حضانة الطفل الحسن,Good Child Nursery,عمان,عمان,اليوبيل,بيادر وادي السير – الجندويل,KG-HASH-9B7848CF-3
روضة وحضانة أنا الصغير,Ana Al-Saghir Nursery & KG,عمان,عمان,شمال عمان,خرجا – دخلة مدارس الدر المنثور,KG-HASH-1070AA6D-3
حضانة القلب الكبير,Big Heart Nursery,إربد,إربد,إربد,قرب مضافة أبو سالم,KG-HASH-B233B2FD-3
حضانة قرية التوت العالمية,Global Berry Village Nursery,عمان,عمان,عمان المركز,دوار الكيلو – خلف البرجر كنج – عمارة 46,KG-HASH-6E5273CC-3
حضانة الجيل القادم,Next Generation Nursery,عمان,عمان,شمال عمان,المدينة الرياضية – شمس الدين الذهبي,KG-AM-0321
حضانة التباشير البيضاء,White Chalk Nursery,عمان,عمان,بين الدوار 6 وال7,شارع التباشير,KG-HASH-846C96F7-2
حضانة مونلايت,Moonlight Nursery,عمان,عمان,الشميساني,الشميساني,KG-AM-0322
حضانة فيرست ووردز,First Words Preschool,عمان,عمان,الصويفية,شارع سعيد المفتي – عمارة 16,KG-HASH-DDDF528F-3
روضة ومدرسة ليلى للتعليم الحديث,Leila Modern Education KG & School,عمان,عمان,طبربور,شارع محمد العويدات – مجمع 2,KG-AM-0323
حضانة ليتل ليرنرز,Little Learners Nursery,عمان,عمان,الرابية,شارع أنور الخطيب,KG-AM-0324
حضانة العلمي الممتع,Fun Science Nursery,عمان,عمان,اليوبيل,شارع عبد الله غوشة,KG-AM-0325
حضانة ميني مي,Mini Me Nursery,عمان,عمان,خلدا,شارع الأمير زيد,KG-AM-0326
حضانة الانطلاقة,Al Intilaqa Nursery,عمان,عمان,الصويفية,شارع بخيت العيسى,KG-HASH-526522B6-2
حضانة كوكون,Cocoon Nursery,عمان,عمان,الرابية,شارع محمد الخماش,KG-AM-0327
حضانة زهور المستقبل,Future Flowers Nursery,عمان,عمان,الرونق,شارع الأسبح – فيلا 6,KG-HASH-F845F6B6-3
حضانة نهج المعرفة,Nahj Al-Ma’rifa KG,عمان,عمان,الدوار الثامن,الدوار الثامن,KG-AM-0328
روضة بوك أند براش,Book n Brush KG,عمان,عمان,الصويفية,شارع زهدي عصفور,KG-AM-0329
حضانة البدايات المشرقة,Bright Beginnings Nursery,عمان,عمان,أم أذينة,شارع الدمام 48,KG-HASH-D7CFF932-2
حضانة وروضة وورلد كرياتيف,Creative World Nursery & KG,عمان,عمان,الرابية,شارع إبراهيم القطان 22,KG-AM-0330
حضانة الأطفال السعداء (2),Happy Kids Nursery (2),عمان,عمان,السهل,السهل,KG-AM-0331
حضانة السندريلا,Cinderella Nursery,عمان,عمان,جبل الحسين,شارع الملك عبد الله الثاني 2,KG-HASH-0A54A420-2
روضة ينابيع العلم,Yanabe’ Al-Ilm KG,عمان,عمان,البيادر,مقسم العطار – شارع البيادر,KG-AM-0332
حضانة السوبر ناني,Super Nanny Nursery,عمان,عمان,المرج,المرج,KG-HASH-63B6BE81-2
حضانة ميلكي تيث,Milky Teeth KG Nursery,عمان,عمان,خلدا,خلدا,KG-AM-0333
حضانة ستارفيش,Starfish Nursery,عمان,عمان,الرابية,شارع أنوارين مسمار 4,KG-AM-0334
حضانة ليتل هاندز,Little Hands Nursery,عمان,عمان,خلدا,خلدا,KG-AM-0335
حضانة وروضة ستيبينج ستون,Stepping Stone Preschool & Nursery,عمان,عمان,أم السماق,شارع أرتيريا 50,KG-AM-0336
حضانة آدم كيدز,Adam Kids Nursery,عمان,عمان,عبدون,عبدون,KG-AM-0337
حضانة رونق المودة,Ronaq Al-Mawaddah Nursery,عمان,عمان,البيادر,شارع خضر قردن – مقابل النادي الأهلي,KG-HASH-AFC636DF-3
حضانة أمبريلا,Umbrella Nursery,عمان,عمان,اليوبيل,اليوبيل,KG-AM-0338
حضانة وروضة المتفوقين أكاديمي,Al Mutafawqeen Academy KG & School,عمان,عمان,خلدا,شارع أيوب السختياني 14,KG-AM-0339
حضانة منزلي الكبير,My Big House Nursery,عمان,عمان,الشميساني,شارع الشريف ناصر بن جميل 78,KG-AM-0340
روضة أكاديمية الأطفال الرائعين,Wonderful Kids Academy KG,عمان,عمان,اليوبيل,شارع محمد العجلوني,KG-AM-0341
حضانة وروضة كراميل,Caramel Nursery & KG,عمان,عمان,خلدا,شارع الأميرة زينب 63,KG-AM-0342
حضانة بز بي,BuzzBee Nursery,عمان,عمان,خلدا,خلدا,KG-AM-0343
روضة وابه,Wabe KG,عمان,عمان,طبربور,شارع صدقي أبو شقرة,KG-AM-0344
حضانة سيفتي هاوس,Safety House Nursery,عمان,عمان,خلدا,شارع المعارف – خلدا,KG-AM-0345
حضانة ليتل بي,Little Bee Nursery,عمان,عمان,اليوبيل,اليوبيل,KG-AM-0346
روضة و حضانة هيل هاوس,Hill House KG & Nursery,عمان,عمان,الشميساني,شارع محمد علي بدير 37,KG-AM-0347
حضانة سويت آند نوتي,Sweet and Naughty Nursery,عمان,عمان,الشميساني,الشميساني,KG-AM-0348
حضانة كيدز فالي,Kids Valley Nursery,عمان,عمان,الشميساني,شارع يوسف بن تاشفين 5,KG-AM-0349
حضانة ليتل جاردن,Little Garden Pre & Nursery,عمان,عمان,خلدا,خلدا,KG-AM-0350
حضانة راقي الدولية,Raqi International Preschool,عمان,عمان,الرابية,شارع رفاعة بن أوس 46,KG-AM-0351
حضانة السلام,Al-Salam Nursery,عمان,عمان,الكرسي,الكرسي,KG-AM-0352
حضانة ستدي بلاي,Study Play KG,عمان,عمان,خلدا,شارع الشيخ حسين الجسر 44,KG-AM-0353
حضانة فيرست ستيب,First Step Nursery,عمان,عمان,اليوبيل,اليوبيل,KG-AM-0354
حضانة كينزي,Kenzi KG,عمان,عمان,طبربور,شارع فاضل أحمد خليفة 20,KG-AM-0355
حضانة ليتل بروفيسورز أكاديمي,Little Professors Academy,عمان,عمان,خلدا,شارع أبهى 11,KG-AM-0356
حضانة زين,Zain Nursery,عمان,عمان,اليوبيل,شارع الإخلاص 31,KG-AM-0357
حضانة وروضة ليونز كينجدوم,Lions Kingdom Nursery & Pre-school,عمان,عمان,دابوق,شارع يثرب 9,KG-AM-0358
روضة و حضانة المجد الوطنية,Al Majd National Academy KG,عمان,عمان,خلدا,شارع الفقهاء – مجمع 4,KG-AM-0359
حضانة وايت لاينز,White Lines Nursery,عمان,عمان,خلدا,شارع أم الدنانير – خلدا,KG-AM-0360
حضانة لارا,Lara Nursery,عمان,عمان,تلاع العلي,خلف سوبر ماركت الأهالي,KG-HASH-4E021CE0-2
حضانة المشاكس الصغير,Al-Mushakis Al-Saghir Nursery,عمان,عمان,أم أذينة,أم أذينة الشرقي,KG-HASH-0E557CFF-5
حضانة عطر الجوري,Atr Al-Jouri Nursery,عمان,عمان,الياسمين,شارع محمد سالم الثوايب,KG-AM-0361
حضانة وروضة هابي فايسيز,Happy Faces Nursery & Preschool,عمان,عمان,اليوبيل,شارع ثويبة بن حرملة,KG-AM-0362
حضانة آرت كير,Art Care Nursery,عمان,عمان,خلدا,شارع عروة بن أذينة,KG-AM-0363
حضانة وروضة ستيب باي ستيب,Step By Step Preschool,عمان,عمان,الرابية,شارع وديع قسطندي 3,KG-AM-0364
حضانة وروضة ليتل لاند,Little Land Nursery & Preschool,عمان,عمان,الشميساني,شارع الأشعري 15,KG-AM-0365
حضانة دانا,Dana Nursery,عمان,عمان,خلدا,كنيسة كرم إمسيح – خلدا,KG-AM-0366
حضانة بانان دي كير,Banan Daycare,عمان,عمان,اليوبيل,شارع موسى الساكت 76,KG-AM-0367
حضانة كولورز تري,Colors Tree Nursery,عمان,عمان,خلدا,شارع عيسى أبو قدوم 6,KG-AM-0368
حضانة كرادل تو كرايون,Cradle to Crayon Nursery,عمان,عمان,اليوبيل,شارع أحمد عرابي,KG-AM-0369
روضة أيوب,Ayoub KG,عمان,عمان,الشميساني,شارع أحمد أوكلة النصور,KG-AM-0370
روضة و حضانة نحن الأطفال,Nahnu Al-Atfal Nursery & KG,عمان,عمان,جبل الحسين,شارع عز الدين القسام,KG-AM-0371
حضانة وروضة صنلايت,Sunlight Nursery & Pre-School,عمان,عمان,الرابية,شارع نهاوند – الرابية,KG-AM-0372
روضة و حضانة عالم الصغار,Aalam Al-Sighar Nursery & KG,عمان,عمان,الشميساني,شارع أسيد بن ثعلبة,KG-AM-0373
حضانة كُن طفلًا,Kun Tiflan Nursery,عمان,عمان,اليوبيل,شارع تعز,KG-AM-0374
حضانة هابي داي,Happy Day Nursery,عمان,عمان,اليوبيل,شارع النزهة 15,KG-AM-0375
حضانة لحن الحياة,Lahn Al-Hayat Nursery,عمان,عمان,جنوب عمان,إسحاق بن حنين – الياسمين – بناية 7,0795664426
حضانة طلال ونورة,Talal wa Noura Nursery,عمان,عمان,الرابية,شارع عرار 205,KG-AM-0376
حضانة كيه سيتي,K-City Nursery,عمان,عمان,تلاع العلي,شارع سامر رمّانة,KG-AM-0377
حضانة نجوم المرج النموذجية,Nujoom Al-Murj Model Nursery,عمان,عمان,المرج,المرج,KG-AM-0378
حضانة تري توبس,Tree Tops Nursery,عمان,عمان,الشميساني,شارع عبد الحميد كرامي,KG-HASH-AE47A5BB-4
روضة هابي هارت,Happy Heart Kindergarten,عمان,عمان,اليوبيل,مجمع النور – شارع محمد بن غطوس,KG-AM-0379
حضانة بامبل بي,Bumble Bee Preschool,عمان,عمان,الرابية,شارع تبريز,KG-AM-0380
حضانة الما وايلا,Alma and Ayla Nursery,عمان,عمان,ضاحية الرشيد,قبل سكن أميمة,KG-HASH-5755C175-3
حضانة ليديبرد,Ladybird Nursery,عمان,عمان,الشميساني,شارع يوسف بن تاشفين,KG-AM-0381
حضانة داندون,Dandoon Nursery,عمان,عمان,خلدا,شارع عبد الله الأعزب,KG-AM-0382
حضانة إيرلي بيرد (تلاع العلي),Early Bird Nursery (Tala Al-Ali),عمان,عمان,تلاع العلي,مجمع 44 – شارع عبد الحليم عباس,KG-AM-0383
روضة الطفل السعيد,Al-Tifl Al-Saeed KG,عمان,عمان,شرق عمان,ماركا الشمالية – حمزة,KG-HASH-BCCAE8EB-3
حضانة هيا سبراوتس,Haya Sprouts Preschool,عمان,عمان,خلدا,شاكر بن زيد,KG-AM-0384
حضانة بيتي الصغير,My Little Home Nursery,عمان,عمان,شمال عمان,يوسف بن تاشفين 20 – الشميساني,KG-HASH-A45EF066-3
روضة كيدز واي,Kids Way Kindergarten,عمان,عمان,خلدا,شارع الأوزاعي – مجمع 11,KG-AM-0385
حضانة جريت بيجينينجز,Great Beginnings Child Care,عمان,عمان,جبل الحسين,شارع إسماعيل بابوق,KG-HASH-3561F16A-3
حضانة ليتل ستيبس,Little Steps Nursery,عمان,عمان,خلدا,شارع الشيخ حسين الجسر,KG-AM-0386
حضانة رايت ستارت,Right Start Nursery,عمان,عمان,اليوبيل,اليوبيل,KG-AM-0387
روضة الأصدقاء المبدعين,Creative Friends KG,عمان,عمان,خلدا,شارع عبد الله بن مسعود 20,KG-AM-0388
حضانة الجيل القادم,Next Generation Nursery,عمان,عمان,شمال عمان,المدينة الرياضية – شمس الدين الذهبي,KG-HASH-26164CE9-3
حضانة ليتل فلاورز,Little Flowers Day Nursery,عمان,عمان,خلدا,خلدا,KG-AM-0389
حضانة كيدز ستيبس,Kids Steps Nursery,عمان,عمان,الرابية,شارع تلمسان – مجمع 5,KG-AM-0390
حضانة شيري تري,Cherry Tree Nursery,عمان,عمان,جبل الحسين,شارع محمد جمجوم – مجمع 2,KG-AM-0391
حضانة ثراء كيدز,Thraa Kids Nursery,عمان,عمان,شرق عمان,شرق عمان,KG-AM-0392
حضانة الفقاعة المضحكة,Funny Bubble Nursery,عمان,عمان,أم السماق,شارع عطيوي المجالي – بناية 26,KG-HASH-68475EC4-7
حضانة طيور المحبة,Birds of Love Nursery,عمان,عمان,جبل عمان,دوار ثاني – شارع المعتصم 55 – بجانب عمارة قناة الجزيرة,KG-HASH-39B76A94-8
حضانة ريتان,Ritan Nursery,إربد,إربد,الحي الشرقي,خلف حلويات الكت والكات,KG-HASH-63C89E6F-7
حضانة الطفل الأمثل,Best Child Nursery,الزرقاء,الزرقاء,البتراوي,حي البتراوي,KG-HASH-9D52338B-8
حضانة أطفال الرونق,Ronaq Kids Nursery,عمان,عمان,الرونق,شارع محمد علي حسين الكردي – عمارة 30,KG-HASH-F80BBEEE-3
حضانة البالون,Balloon Nursery,عمان,عمان,الدوار السابع,بجانب فندق جنيفا,KG-HASH-B3A79E1B-3
حضانة براعم الرمثا التعليمية والنموذجية,Baraem Al-Ramtha Educational & Model,الرمثا,الرمثا,الرئيسي,الرئيسي,KG-HASH-E7F2DA07-3
حضانة النبات السليم,Healthy Plant Nursery,عمان,عمان,طبربور,حي الشهيد الجنوبي,KG-HASH-F9974F8A-3
حضانة أرض النجوم,Land of Stars Nursery,عمان,عمان,ضاحية الرشيد,مقابل مدرسة تقارب,KG-HASH-2AB7CA43-4
حضانة صقور العزة,Falcons of Pride Nursery,عمان,عمان,أبو نصير,شارع السعادة,KG-HASH-0CF80CD3-3
حضانة أطفال التوت البري,Wild Berry Kids Nursery,عمان,عمان,اليوبيل,شارع عبدالله غوشة – بجانب مسجد أحد,KG-HASH-6F0E538C-3
حضانة أنس وأمير,Anas & Amir Nursery,عمان,عمان,الجبيهة,حي الريان – شارع المريري,KG-HASH-4EF9D4C1-3
حضانة ألوان الفرح للأطفال,Colors of Joy Nursery,عمان,عمان,شرق عمان,حي العبداللات – بجانب مدرسة الكندي,KG-HASH-74D75DC4-3
حضانة أحمد وضحى,Ahmed & Dahaa Nursery,إربد,إربد,الصريح,الصريح,KG-HASH-09CFD651-3
حضانة البداية السعيدة النموذجية,Happy Beginning Model Nursery,عمان,عمان,اليوبيل,شارع المدينة المنورة,KG-HASH-660684B1-3
حضانة أنا وأخي نمرح,Me & My Brother Play Nursery,مادبا,مادبا,اليرموك,شارع اليرموك,KG-HASH-9CFA6D03-3
حضانة جود وميرا,Jood & Mira Nursery,الزرقاء,الزرقاء,جبل المغير,قرب صيدلية شمع العسل,KG-HASH-39A390C9-3
حضانة ضوء القمر,Moonlight Nursery,عمان,عمان,الصويفية,قرب قرية الصويفية – شارع زكي الصويتي,KG-HASH-A1634816-3
حضانة بيت الحلوة للأطفال,Sweet Home Kids Nursery,عمان,عمان,الجاردنز,خلف مدارس الرأي – عمارة 20,KG-HASH-D1B5B898-3
حضانة الطفل العربي,Arab Child Nursery,إربد,إربد,الحي الشرقي,قرب أسواق المؤسسة العسكرية,KG-HASH-B8E907D2-3
حضانة حبايبنا,Our Darlings Nursery,إربد,إربد,النعيمة,النعيمة,KG-HASH-946430F8-3
حضانة الخطوات التعليمية,Educational Steps Nursery,عجلون,عجلون,عبين,خلف مطعم داريا – شارع إربد–عجلون,KG-HASH-A36C5601-3
حضانة فوفو ودودو,Fufu & Dodo Model Nursery,عمان,عمان,مرج الحمام,حي الأمير حمزة,KG-HASH-CC4AA39E-3
حضانة ورود المستقبل,Future Roses Nursery,عمان,عمان,الرونق,شارع الأصبه – بناية 6,KG-HASH-9EBF0C55-4
حضانة الانطباعات الأولى,First Impressions Nursery,إربد,إربد,الراهبات الوردية,غرب مسجد أبو دلو,KG-HASH-18EA009C-3
حضانة بابا سنفور,Papa Smurf Nursery,إربد,إربد,إربد,إربد,KG-HASH-C96222D2-3
حضانة جمعية الشابات المسيحية الخيرية-الفحيص,YWCA Al-Fuheis Nursery,البلقاء,السلط,الفحيص,خلف بيت الفحيص – شارع صبيان الحصان,KG-HASH-E90DA012-3
حضانة رياحين الجنة,Breezes of Paradise Nursery,عمان,عمان,شرق عمان,الهاشمي الشمالي – شارع الحارث العبدي,KG-HASH-5E4BFD57-3
حضانة خمسة وستون 65,65 Nursery,البلقاء,السلط,المدينة الرياضية,قرب مدارس السلط الأهلية,KG-HASH-B9CFA36F-3
حضانة جنة الورد,Rose Paradise Nursery,عجلون,عجلون,عين جنا,مبنى البلدية – وسط البلد,KG-HASH-9224266E-3
حضانة الكلمات الأولى,First Words Nursery,عمان,عمان,الصويفية,شارع سعيد المفتي – عمارة 16,KG-HASH-B7734AB4-4
حضانة زين ونانا,Zain & Nana Nursery,البلقاء,السلط,أم عليه,الشارع الرئيسي,KG-HASH-B22FB8B1-3
حضانة أفضل مكان لطفلك,Best Place for Your Child Nursery,إربد,إربد,إربد,,KG-HASH-52700EB7-3
حضانة زهور الليلك,Lilac Flowers Nursery,عمان,عمان,اليوبيل,مقابل مركز صحي أم السوس,KG-HASH-DC055CFC-3
المستوى الرفيع المتميز للتعليم,High Level Distinguished Education,عمان,عمان,الشميساني,شارع ابن الفارض 11,KG-HASH-CE292D29-3
حضانة المملكة الصغيرة,Small Kingdom Nursery,عمان,عمان,ضاحية الياسمين,شارع حفصة بنت عمرو 35,KG-HASH-4409DD81-3
حضانة أحلام المستقبل النموذجية,Dreams of the Future Model Nursery,مادبا,مادبا,الخطابية,الخطابية,KG-HASH-38D0B96A-3
حضانة عبق الربيع,Spring Fragrance Nursery,عمان,عمان,شرق عمان,طبربور – شارع قمر اليافي مقابل حلويات نفيسة,KG-HASH-6C1C8513-3
حضانة الانامل الذهبية,Golden Fingers Nursery,عمان,عمان,شرق عمان,ماركا الشمالية – شارع فاطمة الزهراء – مسجد فاطمة الزهراء,KG-HASH-4235AA00-5
حضانة حكايتي الصغيرة,My Little Story Nursery,عمان,عمان,الجبيهة,مقابل الجمعية العلمية الملكية – ط الأرضي,KG-HASH-41922AC3-5
حضانة براعم السكر,Sugar Buds Nursery,العقبة,العقبة,السكنية الثالثة,شارع العباسيين – بجانب مسجد سعد بن أبي وقاص,KG-HASH-4AA4B4D3-5
حضانة درجات صغيرة,Small Steps Nursery,عمان,عمان,اليوبيل,دوار البرديني – قرب مدارس الإشراق,KG-HASH-FF9AE220-5
حضانة أشكال النموذجية,Shapes Model Nursery,إربد,إربد,خلف مستشفى إربد التخصصي,0772155227,KG-IR-0007
حضانة لطفولة أرقى,Finer Childhood Nursery,الزرقاء,الزرقاء,مدينة الشرق,قرب دوار الطيارة,KG-HASH-0BA37A4E-5
حضانة سلمى وزين,Salma & Zain Nursery,البلقاء,السلط,البقيع,البقيع,KG-HASH-2761F2DE-5
حضانة هلا وغلا,Hala & Ghala Nursery,عمان,عمان,شرق عمان,طبربور – قرب إسكان الجيش – حديقة العهد والوفا – يوسف بني ياسين 9,KG-HASH-4CB76A0C-5
حضانة من الألف إلى الياء,From A to Z Nursery,عمان,عمان,جنوب عمان,مرج الحمام – إسكان عالية – فيلا 30,KG-AM-0393
حضانة الطفل السعيد,Happy Child Nursery,عمان,عمان,شرق عمان,ماركا الشمالية – حمزة – قرب مدرسة الشريف حسين,KG-HASH-0635148B-7
حضانة بدايات عظيمة,Great Beginnings Nursery,عمان,عمان,جبل الحسين,شارع إسماعيل بابوق 5,KG-HASH-6AD2B97C-7
حضانة ديمة النموذجية,Dima Model Nursery,البلقاء,السلط,شفا العامرية,شفا العامرية,KG-HASH-756B81D8-5
حضانة ضحكات الطفولة,Childhood Laughter Nursery,عمان,عمان,الشميساني,بناية 39 – شارع معروف الرصافي,KG-HASH-16722FFC-5
حضانة الأطفال السعداء,Happy Children Nursery,عمان,عمان,اليوبيل,مرج الحمام – شارع نالتشك – قرب مطعم دنيا المشاوي,KG-HASH-BE5F5773-5
حضانة جوان النموذجية,Jawan Model Nursery,الزرقاء,الزرقاء,الهاشمية,الحي الشرقي,KG-HASH-EBD119C2-5
حضانة نور الجبيهة,Nour Al-Jubeiha Nursery,عمان,عمان,الجبيهة,شارع مفلح اللوزي – بناية 32 – مقابل مفروشات شهوان,KG-HASH-68257B5B-5
حضانة وروضة رونق المودة,Ronaq Al-Mawaddah Nursery & KG,عمان,عمان,البيادر,شارع خضر قردن – مقابل النادي الأهلي,KG-HASH-0A2E8BF3-6
حضانة بريق النمارق,Briq Al-Namarq Nursery,البلقاء,السلط,البقعان,بجانب مدرسة فاطمة الزهراء,KG-HASH-C98B3A42-5
حضانة الأرض السعيدة,Happy Land Nursery,عمان,عمان,جنوب عمان,المقابلين – حي الصحابة – شارع عبد الكريم الخطاب,KG-HASH-A21959BA-5
حضانة الحمامي,Al-Hammami Nursery,عمان,عمان,الجبيهة,شارع الريان – أم زويتينة,KG-HASH-6C739D9A-5
أكاديمية مدرسة وروضة جنى دان,Jana Dan Academy & KG,الزرقاء,الزرقاء,بيرين,خلف النبعة,KG-HASH-63D4D1AC-5
حضانة شذى الورد,Shatha Al-Ward Nursery,عمان,عمان,شرق عمان,طبربور – شارع عجاج الهبارنة – قرب مسجد عباد الرحمن,KG-HASH-E4A8221D-5
حضانة بذور الغد,Seeds of Tomorrow Nursery,عمان,عمان,شرق عمان,إسكان الجيش – شارع عبدالقادر الزغول – باتجاه أبو عليا,KG-HASH-B85BE7B2-5
حضانة ناريمان النموذجية,Nariman Model Nursery,الرمثا,الرمثا,الرمثا,مقابل مدرسة جمانة,KG-HASH-A5004523-5
حضانة كوكب المرح الطفولي,Fun Planet Childhood Nursery,العقبة,العقبة,الثامنة,قرب مسجد الكالوتي,KG-HASH-1E3C633A-5
حضانة ورود الربيع,Spring Roses Nursery,البلقاء,السلط,ماحص,شارع المدارس,KG-HASH-3D270AC1-5
حضانة حسام وسبأ الحديثة,Husam & Saba Modern Nursery,إربد,إربد,الحصن,الحي الشرقي – شارع الكلية,KG-HASH-5DF86710-5
حضانة تكوين,Takween Nursery,عمان,عمان,شمال عمان,طلوع الجاذبية – قرب سوبرماركت ياهلا,KG-HASH-9112EFC2-5
حضانة الفطاحلة النموذجية,Al-Fatahilah Model Nursery,إربد,إربد,الحي الجنوبي,جنوب غرب دوار صحارى – 300 متر,KG-HASH-6FF73128-5
حضانة بيت السكاكر,Candy House Nursery,إربد,إربد,الراهبات الوردية,خلف مستشفى الراهبات الوردية – بجانب السور,KG-HASH-B3342EDC-5
حضانة القلب السعيد,Happy Heart Nursery,عمان,عمان,شرق عمان,ضاحية الأمير حسن – قرب مطعم الهنيني,KG-HASH-D57300DD-5
حضانة كوخ الدب,Bear Cabin Nursery,الزرقاء,الزرقاء,الجبل الشمالي,شارع الملك عبد الله الثاني,KG-HASH-7F0FA9DD-5
حضانة الفقاعة المضحكة,Funny Bubble Nursery,عمان,عمان,أم السماق,شارع عطيوي المجالي – بناية 26,KG-HASH-68475EC4-8
حضانة طيور المحبة,Birds of Love Nursery,عمان,عمان,جبل عمان,دوار ثاني – شارع المعتصم 55 – بجانب عمارة قناة الجزيرة,KG-HASH-39B76A94-9
حضانة ريتان,Ritan Nursery,إربد,إربد,الحي الشرقي,خلف حلويات الكت والكات,KG-HASH-63C89E6F-8
حضانة الطفل الأمثل,Best Child Nursery,الزرقاء,الزرقاء,البتراوي,حي البتراوي,KG-HASH-9D52338B-9
حضانة ميرا والمى,,,,,شارع فايزه المعارجه رقم ??,KG-HASH-1389B687,"منى ""محمد نجاتي""عبدالحافظ البكري",229868,قائم,1.html,فرع جنوب عمان,Matched existing record by normalized Arabic nursery name; not appended as duplicate.
حضانة فروبل,,,,,,KG-HASH-212A308D,منى اسكندر ابراهيم خليل,79248,مفسوخ,,,
حضانة الضحكة الرائعة,,,,,التلاع العلي بجانب قاعة النيروز,792838831,منى خضر يوسف الغول,208323,قائم,2.html,فرع شمال عمان,Matched existing record by normalized Arabic nursery name; not appended as duplicate.
حضانة مهارة و شطارة,,,,,,KG-HASH-601984D9,منى فهد عيسى المصري,216234,قائم,,,
حضانة جنى و نايا,,,,,,KG-HASH-6F00A280,منى محمد هاشم الكردي,205816,قائم,,,
حضانة فله,,,,,,KG-HASH-52104D54,منى محمدخير سليمان الشلبي,4312,مفسوخ,,,
حضانة صبيان و بنات,,,,,,KG-HASH-8CE711B2,"مها ""محمود مازن "" علي سبع العيش",221093,محجوز,,,
حضانة السنونو,,,,,,KG-HASH-7E91F10A,مها احمد محمد سعيد مسامح,223725,مفسوخ,,,
حضانة انوار االمل النموذجية,,,,,,KG-HASH-7A393A69,مها خالدعبدالكريم حلوش,3838,مفسوخ,,,
حضانة بيت بسمة المنتيسوري,,,,,,KG-HASH-5EDBCE3E,مها عكاش حتمل الزبن,76108,مفسوخ,,,
حضانة براعم النرجس,,,,,,KG-HASH-B04E80EE,مها محمد داود عليان,208685,قائم,,,
حضانة خيوط الشمس,,,,,,KG-HASH-901E0DA9,مها محمد شاكر رشيد شاهين,224365,قائم,,,
حضانة الطفل المشرق النموذجيه,,,,,,KG-HASH-7DDE57CB,مها محمود سليمان ابوعلي,85352,مفسوخ,,,
حضانة نبع المحبه,,,,,,KG-HASH-2E14BF8B,مها موسى عطيه الخاليفه,143846,مفسوخ,,,
حضانة ازهار الكريم,,,,,,KG-HASH-0DDED5C6,موسى عبدالرزاق عبيد الحياري,152767,قائم,,,
حضانة المغرد الصغير,,,,,,KG-HASH-76DC9A54,موسى مسلم عوده الهوانيه,184931,مفسوخ,,,
حضانة الحداثة,,,,,,KG-HASH-33391211,مي ابراهيم علي فريح,145903,مفسوخ,,,
حضانة ام يسار النموذجيه,,,,,,KG-HASH-D79D5844,ميرفت يعقوب فالح العمري,148570,مفسوخ,,,
حضانة دلع طفلك,,,,,اربد / مقابل كلية بنات اربد,785388328,ميس احمد ياسين عكور,197821,قائم,1.html,فرع اربد,Matched existing record by normalized Arabic nursery name; not appended as duplicate.
حضانة وسن النموذجيه,,,,,,KG-HASH-2E3EA8F4,ميساء محمد احمد العضايله,162484,مفسوخ,,,
حضانة االطياف الجميله,,,,,,KG-HASH-CD90C55D,ميسر احمد عبد السالم ابو جراد,92463,مفسوخ,,,
حضانة اطفال فراشات الربيع,,,,,,KG-HASH-7E4B5C61,ميسر سليمان حسن ابو رمان,192617,قائم,,,
حضانة عالم الزهور,,,,,,KG-HASH-34F00DAD,ميسم صالح طعمه بني ارشيد,208028,قائم,,,
حضانة سنابل عيرا,,,,,,KG-HASH-C7919C2F,ميسون خالد يوسف الحرايزه,214539,مفسوخ,,,
حضانة وروضة اطفال جبل الحسين,,,,,,KG-HASH-F1F09838,نائل عثمان عبدالرحمن الهندي,75587,مفسوخ,,,
حضانة مالكي البريء,,,,,,KG-HASH-8B1738C0,نائل فارس مسعود جالد,166482,قائم,,,
حضانة بياض الثلج,,,,,عين الباشا - حي الامير علي,797674643,نادره عبدالرحيم عبدالرحمن الهنيني,79118,مفسوخ,2.html,فرع السلط,Matched existing record by normalized Arabic nursery name; not appended as duplicate.
حضانة في داخلي قائد,,,,,,KG-HASH-433A31AB,ناديا محمد مصطفى الطالب قوقزه,229686,محجوز,,,
حضانة قيمي نهج حياتي,,,,,بجانب المدارس الانجليزية قرب مؤسسة عزت مرجي,795210936,نادين عزمي عزت القطيشات,221494,قائم,3.html,فرع شمال عمان,Matched existing record by normalized Arabic nursery name; not appended as duplicate.
حضانة بيت تيتا لالطفال,,,,,,KG-HASH-CEC7A68D,ناريمان احمد محمد ابو شنب,182196,قائم,,,
حضانة براعم الجنيد,,,,,,KG-HASH-D19EA614,ناهد احمد علي المومني,222653,مفسوخ,,,
حضانة االبرار,,,,,,KG-HASH-104FFED6,نايفه طه محمد العجلوني,585,مفسوخ,,,
حضانة روح الفؤاد,,,,,طبربور خلف هيئة الاتصالات الخاصة شارع حسن محسن الهبارنة,797034415,نبال عيسى عبد هللا عطيه,231817,قائم,2.html,فرع شرق عمان,Matched existing record by normalized Arabic nursery name; not appended as duplicate.
حضانة زهرة المجد,,,,,,KG-HASH-8AE54D4E,نجاح رشاد عبدهللا البدوي,5099,مفسوخ,,,
حضانة براعم الياسمين,,,,,,KG-HASH-FA1A08EE,نجاح علي فليح البشتاوي,224080,مفسوخ,,,
حضانة قتاده,,,,,,KG-HASH-8CEAE7FE,نجاح محمد عوض النعيمات,159619,قائم,,,
حضانة هدية هللا النموذجيه,,,,,,KG-HASH-781120D2,نجمه حسن محمد ابو شحاده,169938,قائم,,,
حضانة نجوان للتعليم المبكر,,,,,,KG-HASH-73678676,نجوان احمد عبدالمجيد ابوالغنم,164636,مفسوخ,,,
حضانة سيدال النموذجيه,,,,,,KG-HASH-8A7E151D,نجوى حامد محمود النوايسه,173489,محجوز,,,
حضانة شعاع الشمس,,,,,,KG-HASH-210B5E84,نداء حسني راشد الخزاعي,173294,قائم,,,
حضانة جنة اللطف,,,,,عمان الدوار السابع قرب ترخيص السابع,797641695,نداء سميح عاهد اللحام,203017,مفسوخ,2.html,فرع اليوبيل,Matched existing record by normalized Arabic nursery name; not appended as duplicate.
حضانة الندى النموذجية,,,,,,KG-HASH-267756B3,ندي سلطان فالح ابوعيد,525,مفسوخ,,,
حضانة امنيات ملونه,,,,,,KG-HASH-866326C3,نسرين احمد صالح القبالني,170330,مفسوخ,,,
حضانة اللؤلؤه المضيئه,,,,,,KG-HASH-6A8BC702,نسرين حسن احمد ابوالعدس,75913,مفسوخ,,,
حضانة نطاق الطفوله,,,,,,KG-HASH-67286C47,نسرين حسين درويش الدرباشي,190985,مفسوخ,,,
حضانة اصحابي و العابي,,,,,,KG-HASH-DFF8C98C,نسرين صبحي احمد النجداوي,215403,مفسوخ,,,
حضانة تغريد الطيور,,,,,,KG-HASH-03674C69,نسرين عويس عوض النمري,3735,مفسوخ,,,
حضانة نورسين وجوري,,,,,,KG-HASH-7043B670,نعمه احمد الشهوان المهيرات,172487,قائم,,,
حضانة دياال النموذجيه,,,,,,KG-HASH-92FE3B89,نعمه عبدهللا حسن بشارات,8184,قائم,,,
حضانة عصافير سحاب النموذجيه,,,,,,KG-HASH-DC35454D,نعمه عبدالمحسن ابراهيم المصري,180758,مفسوخ,,,
حضانة و روضة مدينة االطفال,,,,,,KG-HASH-B511ACE7,نعيمة طاهر مصطفى العلمي,64649,مفسوخ,,,
حضانة نعيمه العلمي,,,,,,KG-HASH-8225BD37,نعيمه طاهر مصطفى العلمي,135071,مفسوخ,,,
حضانة النهى,,,,,,KG-HASH-FE413CA4,نها سليمان محمد النسور,97500,جدد,,,
حضانة ماما روال,,,,,,KG-HASH-4BFAC9DD,نها عطا خليل ابو الشعر,229454,قائم,,,
حضانة مذاق الشهد,,,,,,KG-HASH-79BEDF38,نهاد محمد علي قويدر,149139,قائم,,,
حضانة مهجة القلب,,,,,جبل الاميرة رحمة-قرب مركز امن الحسن,797544082,نهايه محمود عساف البدارين,200811,قائم,2.html,فرع الزرقاء,Matched existing record by normalized Arabic nursery name; not appended as duplicate.
حضانة دار براءة االطفال الحديثه,,,,,,KG-HASH-9E69FFD2,نهايه يوسف سالم العتال,14,مفسوخ,,,
حضانة عصافير عمان,,,,,الهاشمي الشمالي حي رغدان خلف العنبتاوي شارع سراقه الانصاري,KG-HASH-11F0D8D1,نوال محمد حسين العوضي,204842,قائم,1.html,فرع شرق عمان,Matched existing record by normalized Arabic nursery name; not appended as duplicate.
حضانة االحالم الذهبيه,,,,,,KG-HASH-C30C7A9E,نور ابراهيم احمد سالمه,76605,مفسوخ,,,
حضانة الطفل الهادي,,,,,,KG-HASH-43E84C72,نور عبدالهادي عطاهللا ماضي,155773,مفسوخ,,,
حضانة حدائق الجنه,,,,,,KG-HASH-793FCD02,نورالهدى عمادالدين بهجت الرفاعي,165070,مفسوخ,,,
حضانة توم وجيري,,,,,عين الباشا,111111111,نورالهدى عمادالدين بهجت الرفاعي,183901,مفسوخ,4.html,فرع السلط,Matched existing record by normalized Arabic nursery name; not appended as duplicate.
حضانة سر التناغم,,,,,اربد / ايدون / دوار اللوازم,797770233,هاشم عبد هللا تركي هيالت,196368,قائم,4.html,فرع اربد,Matched existing record by normalized Arabic nursery name; not appended as duplicate.
حضانة احضان الطفوله,,,,,,KG-HASH-55AE4D17,هاله عايد صالح جرادات,7168,جدد,,,
حضانة و روضة الوان للتعليم المبكر,,,,,,KG-HASH-825F3D04,هالي ابراهيم محمود ابو العنين,115765,قائم,,,
حضانة نيوتن النموذجيه,,,,,,KG-HASH-9E10A49E,هبه حسين علي جرادات,230284,قائم,,,
حضانة الدبدوب المحبوب,,,,,,KG-HASH-C6411BBF,هبه صالح يوسف بحور,232590,مفسوخ,,,
حضانة مرج الزهور االسالمية,,,,,,KG-HASH-8F6F9DF7,هدى كمال يوسف خليل,118451,قائم,,,
حضانة براعم الوردة الجورية,,,,,,KG-HASH-8A7D7927,هدى محمد وليد بدر البندقجي,194733,مفسوخ,,,
حضانة ضحكتي,,,,,,KG-HASH-3B96B3EC,هدى هاني علي القصاص,178772,قائم,,,
حضانة نطاق االلوان المرحة,,,,,,KG-HASH-CE384051,هديل باسم زيدان الطوالبه,225718,قائم,,,
حضانة بذور الغد,,,,,اسكان الجيش شارع عبدالقادر الزغول شارع النهضه باتجاه ابوعليا,KG-HASH-E15E4A21,هديل محمد عبد الكريم ابو محفوظ,196329,قائم,4.html,فرع شرق عمان,Matched existing record by normalized Arabic nursery name; not appended as duplicate.
حضانة فيء الرحمن,,,,,,KG-HASH-AFABD324,هديل موفق سالم المجالي,232305,قائم,,,
حضانة رغد النموذجية,,,,,اربد المزار الشمالي قرب الدفاع المدني,776174419,هناء قاسم محمد الجراح,182456,مفسوخ,4.html,فرع اربد,Matched existing record by normalized Arabic nursery name; not appended as duplicate.
حضانة السنافر,,,,,,KG-HASH-BB9D46D3,هناء محمد علي الكردي,57040,مفسوخ,,,
حضانة البيت االنيق,,,,,,KG-HASH-25A1D559,هنادا سامي داود شكاخوه,170540,مفسوخ,,,
حضانة هند وشيماء,,,,,الجبيهه/ قرب جسر ياجوز/قرب بقالة H N,799058051,هند فاروق فارس حموده,194826,مفسوخ,1.html,فرع شمال عمان,Matched existing record by normalized Arabic nursery name; not appended as duplicate.
حضانة عبد العزيز النموذجيه,,,,,,KG-HASH-9C744C1C,هيا سامي احمد محسن,211727,مفسوخ,,,
حضانة دار الطفل جنيفا,,,,,,KG-HASH-485EF57E,هيا فاهد شبيب العدوان,71825,مفسوخ,,,
حضانة جنة الحال,,,,,,KG-HASH-1E7DDC70,هيام النجداوي وشريكتها,2278,مفسوخ,,,
حضانة عالم االلوان,,,,,,KG-HASH-F638D51E,هيام خليل محمد الجدوع,214551,مفسوخ,,,
حضانة العربية,,,,,,KG-HASH-D6C21836,هيام رفعت محمد البشتاوي,4854,مفسوخ,,,
حضانة وروضة اناغيم الطيور,,,,,,KG-HASH-0DD015CD,هيام محمود قاسم ابوعاقولة,2580,موقوف,,,
حضانة النور الساطع,,,,,الزرقاء الجديدة البتراوي ش??,795338564,هيثم رسمي عطا هللا الطراونه,216284,قائم,1.html,فرع الزرقاء,Matched existing record by normalized Arabic nursery name; not appended as duplicate.
حضانة تمارا النموذجيه,,,,,,KG-HASH-65F93D95,هيثم سبع محمد البرق,89974,مفسوخ,,,
حضانة روابي عجلون النموذجيه,,,,,,KG-HASH-1785A13C,وجدان سالم حسن بني مرتضى,223684,مفسوخ,,,
حضانة ليان ولين,,,,,,KG-HASH-B824A01B,وسيم رزق محمود سليم,230304,مفسوخ,,,
حضانة االم الحنونه,,,,,,KG-HASH-1C3E0BE6,وصال عبد القادر محمد عساف,216491,مفسوخ,,,
حضانة روح البراءه,,,,,شارع خالده بنت الاسود حي الكوم الغربي,789102895,وفاء عبد الرحمن حسن جادهللا,231340,قائم,3.html,فرع شرق عمان,Matched existing record by normalized Arabic nursery name; not appended as duplicate.
حضانة القطط الصغيره,,,,,تلاع العلي بجانب البشيتي للتجهيزات بنايه 3,KG-HASH-24FE2863,وفاق حامد صبحي حمالس,161547,قائم,1.html,فرع شمال عمان,Matched existing record by normalized Arabic nursery name; not appended as duplicate.
حضانة سولين,,,,,,KG-HASH-7290660D,وليد فايز محمد حجير,5569,مفسوخ,,,
حضانة ادريا لالطفال,,,,,,KG-HASH-0F53A0FC,يادرانكا ايفان انجليكو بوشيتش,2755,مفسوخ,,,
حضانة سكر نبات,,,,,الجندويل قبل المخابرات/u turn/ثم اول دخلة يمين ثم اول دخلة ش,5827054,ياسمين مصطفى نديم الخليلي,159660,قائم,3.html,فرع اليوبيل,Matched existing record by normalized Arabic nursery name; not appended as duplicate.
حضانة ساندي,,,,,,KG-HASH-2BB430D8,ياسمين مهدي فوزي جزر,194128,محجوز,,,
حضانة كارمن,,,,,,KG-HASH-B62F04A6,ياسمينه عبدالمجيد محمد استيتو,107252,محجوز,,,
روضة و حضانة زهرة ايلول لالطفال,,,,,,KG-HASH-B8B88751,يامن على مصطفى الديري,193073,مفسوخ,,,
حضانة الرياده العلميه,,,,,,KG-HASH-5E11D1A3,يسرى نايف محمد العسود,81605,مفسوخ,,,
حضانة يوسف مسعود,,,,,,KG-HASH-B304D0CF,يوسف رافت يوسف مسعود,211425,قائم,,,
حضانة ابي عبيدة النموذجية,,,,,,KG-HASH-E1EAF7FD,يوسف علي مجلي الجراح,2636,مفسوخ,,,
روضة أيوب,Ayoub KG,عمان,عمان,الشميساني,شارع أحمد أوكلة النصور,KG-AM-0394,,,,,,
روضة و حضانة نحن الأطفال,Nahnu Al-Atfal Nursery & KG,عمان,عمان,جبل الحسين,شارع عز الدين القسام,KG-AM-0395,,,,,,
حضانة وروضة صنلايت,Sunlight Nursery & Pre-School,عمان,عمان,الرابية,شارع نهاوند – الرابية,KG-AM-0396,,,,,,
روضة و حضانة عالم الصغار,Aalam Al-Sighar Nursery & KG,عمان,عمان,الشميساني,شارع أسيد بن ثعلبة,KG-AM-0397,,,,,,
حضانة كُن طفلًا,Kun Tiflan Nursery,عمان,عمان,اليوبيل,شارع تعز,KG-AM-0398,,,,,,
حضانة تري توبس,Tree Tops Nursery,عمان,عمان,الشميساني,شارع عبد الحميد كرامي,KG-HASH-AE47A5BB-5,,,,,,
روضة هابي هارت,Happy Heart Kindergarten,عمان,عمان,اليوبيل,مجمع النور – شارع محمد بن غطوس,KG-AM-0399,,,,,,
حضانة بامبل بي,Bumble Bee Preschool,عمان,عمان,الرابية,شارع تبريز,KG-AM-0400,,,,,,
حضانة الما وايلا,Alma and Ayla Nursery,عمان,عمان,ضاحية الرشيد,قبل سكن أميمة,KG-HASH-5755C175-4,,,,1.html,فرع شمال عمان,Matched existing record by normalized Arabic nursery name; not appended as duplicate.
حضانة ليديبرد,Ladybird Nursery,عمان,عمان,الشميساني,شارع يوسف بن تاشفين,KG-AM-0401,,,,,,
حضانة داندون,Dandoon Nursery,عمان,عمان,خلدا,شارع عبد الله الأعزب,KG-AM-0402,,,,,,
حضانة إيرلي بيرد (تلاع العلي),Early Bird Nursery (Tala Al-Ali),عمان,عمان,تلاع العلي,مجمع 44 – شارع عبد الحليم عباس,KG-AM-0403,,,,,,
روضة الطفل السعيد,Al-Tifl Al-Saeed KG,عمان,عمان,شرق عمان,ماركا الشمالية – حمزة,KG-HASH-BCCAE8EB-4,,,,,,
حضانة هيا سبراوتس,Haya Sprouts Preschool,عمان,عمان,خلدا,شاكر بن زيد,KG-AM-0404,,,,,,
حضانة بيتي الصغير,My Little Home Nursery,عمان,عمان,شمال عمان,يوسف بن تاشفين 20 – الشميساني,KG-HASH-A45EF066-4,,,,1.html,فرع شمال عمان,Matched existing record by normalized Arabic nursery name; not appended as duplicate.
روضة كيدز واي,Kids Way Kindergarten,عمان,عمان,خلدا,شارع الأوزاعي – مجمع 11,KG-AM-0405,,,,,,
حضانة جريت بيجينينجز,Great Beginnings Child Care,عمان,عمان,جبل الحسين,شارع إسماعيل بابوق,KG-HASH-3561F16A-4,,,,,,
حضانة ليتل ستيبس,Little Steps Nursery,عمان,عمان,خلدا,شارع الشيخ حسين الجسر,KG-AM-0406,,,,,,
حضانة رايت ستارت,Right Start Nursery,عمان,عمان,اليوبيل,اليوبيل,KG-AM-0407,,,,,,
روضة الأصدقاء المبدعين,Creative Friends KG,عمان,عمان,خلدا,شارع عبد الله بن مسعود 20,KG-AM-0408,,,,,,
حضانة الجيل القادم,Next Generation Nursery,عمان,عمان,شمال عمان,المدينة الرياضية – شمس الدين الذهبي,KG-HASH-26164CE9-4,,,,1.html,فرع شمال عمان,Matched existing record by normalized Arabic nursery name; not appended as duplicate.
حضانة ليتل فلاورز,Little Flowers Day Nursery,عمان,عمان,خلدا,خلدا,KG-AM-0409,,,,,,
حضانة كيدز ستيبس,Kids Steps Nursery,عمان,عمان,الرابية,شارع تلمسان – مجمع 5,KG-AM-0410,,,,,,
حضانة شيري تري,Cherry Tree Nursery,عمان,عمان,جبل الحسين,شارع محمد جمجوم – مجمع 2,KG-AM-0411,,,,,,
حضانة ثراء كيدز,Thraa Kids Nursery,عمان,عمان,شرق عمان,شرق عمان,KG-AM-0412,,,,,,
حضانة الفقاعة المضحكة,Funny Bubble Nursery,عمان,عمان,أم السماق,شارع عطيوي المجالي – بناية 26,KG-HASH-68475EC4-9,,,,5.html,فرع شمال عمان,Matched existing record by normalized Arabic nursery name; not appended as duplicate.
حضانة طيور المحبة,Birds of Love Nursery,عمان,عمان,جبل عمان,دوار ثاني – شارع المعتصم 55,KG-HASH-39B76A94-10,,,,5.html,فرع عمان المركز,Matched existing record by normalized Arabic nursery name; not appended as duplicate.
حضانة ريتان,Ritan Nursery,إربد,إربد,الحي الشرقي,خلف حلويات الكت والكات,KG-HASH-63C89E6F-9,,,,5.html,فرع اربد,Matched existing record by normalized Arabic nursery name; not appended as duplicate.
حضانة الطفل الأمثل,Best Child Care Nursery,الزرقاء,الزرقاء,البتراوي,حي البتراوي,KG-HASH-9D52338B-10,,,,,,
حضانة أطفال الرونق,Ronaq Kids Nursery,عمان,عمان,الرونق,شارع محمد علي حسين الكردي – عمارة 30,KG-HASH-F80BBEEE-4,,,,5.html,فرع اليوبيل,Matched existing record by normalized Arabic nursery name; not appended as duplicate.
حضانة البالون,Balloon Nursery,عمان,عمان,الدوار السابع,بجانب فندق جنيفا,KG-HASH-B3A79E1B-4,,,,5.html,فرع اليوبيل,Matched existing record by normalized Arabic nursery name; not appended as duplicate.
حضانة براعم الرمثا التعليمية والنموذجية,Baraem Al-Ramtha Educational & Model Nursery,الرمثا,الرمثا,الرئيسي,الرئيسي,KG-HASH-E7F2DA07-4,,,,5.html,فرع اليرموك,Matched existing record by normalized Arabic nursery name; not appended as duplicate.
حضانة النبات السليم,Healthy Plant Nursery,عمان,عمان,طبربور,حي الشهيد الجنوبي,KG-HASH-F9974F8A-4,,,,,,
حضانة أرض النجوم,Land of Stars Nursery,عمان,عمان,ضاحية الرشيد,مقابل مدرسة تقارب,KG-HASH-2AB7CA43-5,,,,5.html,فرع شمال عمان,Matched existing record by normalized Arabic nursery name; not appended as duplicate.
حضانة صقور العزة,Falcons of Pride Nursery,عمان,عمان,أبو نصير,شارع السعادة,KG-HASH-0CF80CD3-4,,,,5.html,فرع شرق عمان,Matched existing record by normalized Arabic nursery name; not appended as duplicate.
حضانة أطفال التوت البري,Wild Berry Kids Nursery,عمان,عمان,اليوبيل,شارع عبدالله غوشة – بجانب مسجد أحد,KG-HASH-6F0E538C-4,,,,5.html,فرع اليوبيل,Matched existing record by normalized Arabic nursery name; not appended as duplicate.
حضانة أنس وأمير,Anas & Amir Nursery,عمان,عمان,الجبيهة,حي الريان – شارع المريري,KG-HASH-4EF9D4C1-4,,,,5.html,فرع شمال عمان,Matched existing record by normalized Arabic nursery name; not appended as duplicate.
حضانة ألوان الفرح للأطفال,Colors of Joy Nursery,عمان,عمان,شرق عمان,حي العبداللات – بجانب مدرسة الكندي,KG-HASH-74D75DC4-4,,,,5.html,فرع شرق عمان,Matched existing record by normalized Arabic nursery name; not appended as duplicate.
حضانة أحمد وضحى,Ahmed & Dahaa Nursery,إربد,إربد,الصريح,الصريح,KG-HASH-09CFD651-4,,,,5.html,فرع اربد,Matched existing record by normalized Arabic nursery name; not appended as duplicate.
حضانة البداية السعيدة النموذجية,Happy Beginning Model Nursery,عمان,عمان,اليوبيل,شارع المدينة المنورة,KG-HASH-660684B1-4,,,,5.html,فرع اليوبيل,Matched existing record by normalized Arabic nursery name; not appended as duplicate.
حضانة أنا وأخي نمرح,Me & My Brother Play Nursery,مادبا,مادبا,اليرموك,شارع اليرموك,KG-HASH-9CFA6D03-4,,,,,,
حضانة جود وميرا,Jood & Mira Nursery,الزرقاء,الزرقاء,جبل المغير,قرب صيدلية شمع العسل,KG-HASH-39A390C9-4,,,,5.html,فرع الزرقاء,Matched existing record by normalized Arabic nursery name; not appended as duplicate.
حضانة ضوء القمر,Moonlight Nursery,عمان,عمان,الصويفية,قرب قرية الصويفية – شارع زكي الصويتي,KG-HASH-A1634816-4,,,,,,
حضانة بيت الحلوة للأطفال,Sweet Home Kids Nursery,عمان,عمان,الجاردنز,خلف مدارس الرأي – عمارة 20,KG-HASH-D1B5B898-4,,,,5.html,فرع شمال عمان,Matched existing record by normalized Arabic nursery name; not appended as duplicate.
حضانة الطفل العربي,Arab Child Nursery,إربد,إربد,الحي الشرقي,قرب أسواق المؤسسة العسكرية,KG-HASH-B8E907D2-4,,,,5.html,فرع اربد,Matched existing record by normalized Arabic nursery name; not appended as duplicate.
حضانة حبايبنا,Our Darlings Nursery,إربد,إربد,النعيمة,النعيمة,KG-HASH-946430F8-4,,,,5.html,فرع اربد,Matched existing record by normalized Arabic nursery name; not appended as duplicate.
حضانة الخطوات التعليمية,Educational Steps Nursery,عجلون,عجلون,عبين,خلف مطعم داريا – شارع إربد–عجلون,KG-HASH-A36C5601-4,,,,5.html,فرع عجلون,Matched existing record by normalized Arabic nursery name; not appended as duplicate.
حضانة فوفو ودودو,Fufu & Dodo Model Nursery,عمان,عمان,مرج الحمام,حي الأمير حمزة,KG-HASH-CC4AA39E-4,,,,,,
حضانة ورود المستقبل,Future Roses Nursery,عمان,عمان,الرونق,شارع الأصبه – بناية 6,KG-HASH-9EBF0C55-5,,,,5.html,فرع اليوبيل,Matched existing record by normalized Arabic nursery name; not appended as duplicate.
حضانة الانطباعات الأولى,First Impressions Nursery,إربد,إربد,الراهبات الوردية,غرب مسجد أبو دلو,KG-HASH-18EA009C-4,,,,5.html,فرع اربد,Matched existing record by normalized Arabic nursery name; not appended as duplicate.
حضانة بابا سنفور,Papa Smurf Nursery,إربد,إربد,إربد,إربد,KG-HASH-C96222D2-4,,,,5.html,فرع اربد,Matched existing record by normalized Arabic nursery name; not appended as duplicate.
حضانة جمعية الشابات المسيحية الخيرية-الفحيص,YWCA Al-Fuheis Nursery,البلقاء,السلط,الفحيص,خلف بيت الفحيص – شارع صبيان الحصان,KG-HASH-E90DA012-4,,,,5.html,فرع السلط,Matched existing record by normalized Arabic nursery name; not appended as duplicate.
حضانة رياحين الجنة,Breezes of Paradise Nursery,عمان,عمان,شرق عمان,الهاشمي الشمالي – شارع الحارث العبدي,KG-HASH-5E4BFD57-4,,,,5.html,فرع شرق عمان,Matched existing record by normalized Arabic nursery name; not appended as duplicate.
حضانة خمسة وستون 65,65 Nursery,البلقاء,السلط,المدينة الرياضية,قرب مدارس السلط الأهلية,KG-HASH-B9CFA36F-4,,,,5.html,فرع السلط,Matched existing record by normalized Arabic nursery name; not appended as duplicate.
حضانة جنة الورد,Rose Paradise Nursery,عجلون,عجلون,عين جنا,مبنى البلدية – وسط البلد,KG-HASH-9224266E-4,,,,5.html,فرع عجلون,Matched existing record by normalized Arabic nursery name; not appended as duplicate.
حضانة الكلمات الأولى,First Words Nursery,عمان,عمان,الصويفية,شارع سعيد المفتي – عمارة 16,KG-HASH-B7734AB4-5,,,,5.html,فرع اليوبيل,Matched existing record by normalized Arabic nursery name; not appended as duplicate.
حضانة زين ونانا,Zain & Nana Nursery,البلقاء,السلط,أم عليه,الشارع الرئيسي,KG-HASH-B22FB8B1-4,,,,5.html,فرع السلط,Matched existing record by normalized Arabic nursery name; not appended as duplicate.
حضانة أفضل مكان لطفلك,Best Place for Your Child Nursery,إربد,إربد,إربد,.,KG-HASH-52700EB7-4,,,,5.html,فرع اربد,Matched existing record by normalized Arabic nursery name; not appended as duplicate.
حضانة زهور الليلك,Lilac Flowers Nursery,عمان,عمان,اليوبيل,مقابل مركز صحي أم السوس,KG-HASH-DC055CFC-4,,,,5.html,فرع اليوبيل,Matched existing record by normalized Arabic nursery name; not appended as duplicate.
المستوى الرفيع المتميز للتعليم,High Level Distinguished Education,عمان,عمان,الشميساني,شارع ابن الفارض 11,KG-HASH-CE292D29-4,,,,5.html,فرع عمان المركز,Matched existing record by normalized Arabic nursery name; not appended as duplicate.
حضانة المملكة الصغيرة,Small Kingdom Nursery,عمان,عمان,ضاحية الياسمين,شارع حفصة بنت عمرو 35,KG-HASH-4409DD81-4,,,,5.html,فرع جنوب عمان,Matched existing record by normalized Arabic nursery name; not appended as duplicate.
حضانة أحلام المستقبل النموذجية,Dreams of the Future Model Nursery,مادبا,مادبا,الخطابية,الخطابية,KG-HASH-38D0B96A-4,,,,5.html,فرع مادبا,Matched existing record by normalized Arabic nursery name; not appended as duplicate.
حضانة عبق الربيع,Spring Fragrance Nursery,عمان,عمان,شرق عمان,طبربور – شارع قمر اليافي مقابل حلويات نفيسة,KG-HASH-6C1C8513-4,,,,5.html,فرع شرق عمان,Matched existing record by normalized Arabic nursery name; not appended as duplicate.
حضانة الانامل الذهبية,Golden Fingers Nursery,عمان,عمان,شرق عمان,ماركا الشمالية – شارع فاطمة الزهراء – مسجد فاطمة الزهراء,KG-HASH-4235AA00-6,,,,4.html,فرع شرق عمان,Matched existing record by normalized Arabic nursery name; not appended as duplicate.
حضانة حكايتي الصغيرة,My Little Story Nursery,عمان,عمان,الجبيهة,مقابل الجمعية العلمية الملكية – ط الأرضي,KG-HASH-41922AC3-6,,,,4.html,فرع شمال عمان,Matched existing record by normalized Arabic nursery name; not appended as duplicate.
حضانة براعم السكر,Sugar Buds Nursery,العقبة,العقبة,السكنية الثالثة,شارع العباسيين – بجانب مسجد سعد بن أبي وقاص,KG-HASH-4AA4B4D3-6,,,,4.html,فرع العقبه,Matched existing record by normalized Arabic nursery name; not appended as duplicate.
حضانة درجات صغيرة,Small Steps Nursery,عمان,عمان,اليوبيل,دوار البرديني – قرب مدارس الإشراق,KG-HASH-FF9AE220-6,,,,4.html,فرع اليوبيل,Matched existing record by normalized Arabic nursery name; not appended as duplicate.
حضانة أشكال النموذجية,Shapes Model Nursery,إربد,إربد,خلف مستشفى إربد التخصصي,0772155227,KG-IR-0008,,,,,,
حضانة لطفولة أرقى,Finer Childhood Nursery,الزرقاء,الزرقاء,مدينة الشرق,قرب دوار الطيارة,KG-HASH-0BA37A4E-6,,,,4.html,فرع الزرقاء,Matched existing record by normalized Arabic nursery name; not appended as duplicate.
حضانة سلمى وزين,Salma & Zain Nursery,البلقاء,السلط,البقيع,البقيع,KG-HASH-2761F2DE-6,,,,,,
حضانة هلا وغلا,Hala & Ghala Nursery,عمان,عمان,شرق عمان,طبربور – قرب إسكان الجيش – حديقة العهد والوفا – يوسف بني ياسين 9,KG-HASH-4CB76A0C-6,,,,4.html,فرع شرق عمان,Matched existing record by normalized Arabic nursery name; not appended as duplicate.
حضانة من الألف إلى الياء,From A to Z Nursery,عمان,عمان,جنوب عمان,مرج الحمام – إسكان عالية – فيلا 30,KG-AM-0413,,,,,,
حضانة الطفل السعيد,Happy Child Nursery,عمان,عمان,شرق عمان,ماركا الشمالية – حمزة – قرب مدرسة الشريف حسين,KG-HASH-0635148B-8,,,,4.html,فرع شرق عمان,Matched existing record by normalized Arabic nursery name; not appended as duplicate.
حضانة بدايات عظيمة,Great Beginnings Nursery,عمان,عمان,جبل الحسين,شارع إسماعيل بابوق 5,KG-HASH-6AD2B97C-8,,,,4.html,فرع عمان المركز,Matched existing record by normalized Arabic nursery name; not appended as duplicate.
حضانة ديمة النموذجية,Dima Model Nursery,البلقاء,السلط,شفا العامرية,شفا العامرية,KG-HASH-756B81D8-6,,,,4.html,فرع السلط,Matched existing record by normalized Arabic nursery name; not appended as duplicate.
حضانة ضحكات الطفولة,Childhood Laughter Nursery,عمان,عمان,الشميساني,بناية 39 – شارع معروف الرصافي,KG-HASH-16722FFC-6,,,,4.html,فرع عمان المركز,Matched existing record by normalized Arabic nursery name; not appended as duplicate.
حضانة الأطفال السعداء,Happy Children Nursery,عمان,عمان,اليوبيل,مرج الحمام – شارع نالتشك – قرب مطعم دنيا المشاوي,KG-HASH-BE5F5773-6,,,,4.html,فرع اليوبيل,Matched existing record by normalized Arabic nursery name; not appended as duplicate.
حضانة جوان النموذجية,Jawan Model Nursery,الزرقاء,الزرقاء,الهاشمية,الحي الشرقي,KG-HASH-EBD119C2-6,,,,3.html; 4.html,فرع الزرقاء,Matched existing record by normalized Arabic nursery name; not appended as duplicate.
حضانة نور الجبيهة,Nour Al-Jubeiha Nursery,عمان,عمان,الجبيهة,شارع مفلح اللوزي – بناية 32 – مقابل مفروشات شهوان,KG-HASH-68257B5B-6,,,,4.html,فرع شمال عمان,Matched existing record by normalized Arabic nursery name; not appended as duplicate.
حضانة وروضة رونق المودة,Ronaq Al-Mawaddah Nursery & KG,عمان,عمان,البيادر,شارع خضر قردن – مقابل النادي الأهلي,KG-HASH-0A2E8BF3-7,,,,,,
حضانة بريق النمارق,Briq Al-Namarq Nursery,البلقاء,السلط,البقعان,بجانب مدرسة فاطمة الزهراء,KG-HASH-C98B3A42-6,,,,4.html,فرع السلط,Matched existing record by normalized Arabic nursery name; not appended as duplicate.
حضانة الأرض السعيدة,Happy Land Nursery,عمان,عمان,جنوب عمان,المقابلين – حي الصحابة – شارع عبد الكريم الخطاب,KG-HASH-A21959BA-6,,,,4.html,فرع جنوب عمان,Matched existing record by normalized Arabic nursery name; not appended as duplicate.
حضانة الحمامي,Al-Hammami Nursery,عمان,عمان,الجبيهة,شارع الريان – أم زويتينة,KG-HASH-6C739D9A-6,,,,4.html,فرع شمال عمان,Matched existing record by normalized Arabic nursery name; not appended as duplicate.
أكاديمية مدرسة وروضة جنى دان,Jana Dan Academy & KG,الزرقاء,الزرقاء,بيرين,خلف النبعة,KG-HASH-63D4D1AC-6,,,,,,
حضانة شذى الورد,Shatha Al-Ward Nursery,عمان,عمان,شرق عمان,طبربور – شارع عجاج الهبارنة – قرب مسجد عباد الرحمن,KG-HASH-E4A8221D-6,,,,4.html,فرع شرق عمان,Matched existing record by normalized Arabic nursery name; not appended as duplicate.
حضانة بذور الغد,Seeds of Tomorrow Nursery,عمان,عمان,شرق عمان,إسكان الجيش – شارع عبدالقادر الزغول – باتجاه أبو عليا,KG-HASH-B85BE7B2-6,,,,,,
حضانة ناريمان النموذجية,Nariman Model Nursery,الرمثا,الرمثا,الرمثا,مقابل مدرسة جمانة,KG-HASH-A5004523-6,,,,4.html,فرع اليرموك,Matched existing record by normalized Arabic nursery name; not appended as duplicate.
حضانة كوكب المرح الطفولي,Fun Planet Childhood Nursery,العقبة,العقبة,الثامنة,قرب مسجد الكالوتي,KG-HASH-1E3C633A-6,,,,4.html,فرع العقبه,Matched existing record by normalized Arabic nursery name; not appended as duplicate.
حضانة ورود الربيع,Spring Roses Nursery,البلقاء,السلط,ماحص,شارع المدارس,KG-HASH-3D270AC1-6,,,,4.html,فرع السلط,Matched existing record by normalized Arabic nursery name; not appended as duplicate.
حضانة حسام وسبأ الحديثة,Husam & Saba Modern Nursery,إربد,إربد,الحصن,الحي الشرقي – شارع الكلية,KG-HASH-5DF86710-6,,,,5.html,فرع اربد,Matched existing record by normalized Arabic nursery name; not appended as duplicate.
حضانة تكوين,Takween Nursery,عمان,عمان,شمال عمان,طلوع الجاذبية – قرب سوبرماركت ياهلا,KG-HASH-9112EFC2-6,,,,5.html,فرع شمال عمان,Matched existing record by normalized Arabic nursery name; not appended as duplicate.
حضانة الفطاحلة النموذجية,Al-Fatahilah Model Nursery,إربد,إربد,الحي الجنوبي,جنوب غرب دوار صحارى – 300 متر,KG-HASH-6FF73128-6,,,,5.html,فرع اربد,Matched existing record by normalized Arabic nursery name; not appended as duplicate.
حضانة بيت السكاكر,Candy House Nursery,إربد,إربد,الراهبات الوردية,خلف مستشفى الراهبات الوردية – بجانب السور,KG-HASH-B3342EDC-6,,,,5.html,فرع اربد,Matched existing record by normalized Arabic nursery name; not appended as duplicate.
حضانة القلب السعيد,Happy Heart Nursery,عمان,عمان,شرق عمان,ضاحية الأمير حسن – قرب مطعم الهنيني,KG-HASH-D57300DD-6,,,,5.html,فرع شرق عمان,Matched existing record by normalized Arabic nursery name; not appended as duplicate.
حضانة كوخ الدب,Bear Cabin Nursery,الزرقاء,الزرقاء,الجبل الشمالي,شارع الملك عبد الله الثاني,KG-HASH-7F0FA9DD-6,,,,5.html,فرع الزرقاء,Matched existing record by normalized Arabic nursery name; not appended as duplicate.
حضانة الفقاعة المضحكة,Funny Bubble Nursery,عمان,عمان,أم السماق,شارع عطيوي المجالي – بناية 26,KG-HASH-68475EC4-10,,,,,,
حضانة طيور المحبة,Birds of Love Nursery,عمان,عمان,جبل عمان,دوار ثاني – شارع المعتصم 55 – بجانب عمارة قناة الجزيرة,KG-HASH-39B76A94-11,,,,,,
حضانة ريتان,Ritan Nursery,إربد,إربد,الحي الشرقي,خلف حلويات الكت والكات,KG-HASH-63C89E6F-10,,,,,,
حضانة الطفل الأمثل,Best Child Nursery,الزرقاء,الزرقاء,البتراوي,حي البتراوي,KG-HASH-9D52338B-11,,,,,,
حضانة الانامل الذهبية,Golden Fingers Nursery,عمان,عمان,شرق عمان,ماركا الشمالية – شارع فاطمة الزهراء – مسجد فاطمة الزهراء,KG-HASH-4235AA00-7,,,,,,
حضانة حكايتي الصغيرة,My Little Story Nursery,عمان,عمان,الجبيهة,مقابل الجمعية العلمية الملكية – ط الأرضي,KG-HASH-41922AC3-7,,,,,,
حضانة براعم السكر,Sugar Buds Nursery,العقبة,العقبة,السكنية الثالثة,شارع العباسيين – بجانب مسجد سعد بن أبي وقاص,KG-HASH-4AA4B4D3-7,,,,,,
حضانة درجات صغيرة,Small Steps Nursery,عمان,عمان,اليوبيل,دوار البرديني – قرب مدارس الإشراق,KG-HASH-FF9AE220-7,,,,,,
حضانة أشكال النموذجية,Shapes Model Nursery,إربد,إربد,خلف مستشفى إربد التخصصي,0772155227,KG-IR-0009,,,,,,
حضانة لطفولة أرقى,Finer Childhood Nursery,الزرقاء,الزرقاء,مدينة الشرق,قرب دوار الطيارة,KG-HASH-0BA37A4E-7,,,,,,
حضانة سلمى وزين,Salma & Zain Nursery,البلقاء,السلط,البقيع,البقيع,KG-HASH-2761F2DE-7,,,,,,
حضانة هلا وغلا,Hala & Ghala Nursery,عمان,عمان,شرق عمان,طبربور – قرب إسكان الجيش – حديقة العهد والوفا – يوسف بني ياسين 9,KG-HASH-4CB76A0C-7,,,,,,
حضانة من الألف إلى الياء,From A to Z Nursery,عمان,عمان,جنوب عمان,مرج الحمام – إسكان عالية – فيلا 30,KG-AM-0414,,,,,,
حضانة الطفل السعيد,Happy Child Nursery,عمان,عمان,شرق عمان,ماركا الشمالية – حمزة – قرب مدرسة الشريف حسين,KG-HASH-0635148B-9,,,,,,
حضانة بدايات عظيمة,Great Beginnings Nursery,عمان,عمان,جبل الحسين,شارع إسماعيل بابوق 5,KG-HASH-6AD2B97C-9,,,,,,
حضانة ديمة النموذجية,Dima Model Nursery,البلقاء,السلط,شفا العامرية,شفا العامرية,KG-HASH-756B81D8-7,,,,,,
حضانة ضحكات الطفولة,Childhood Laughter Nursery,عمان,عمان,الشميساني,بناية 39 – شارع معروف الرصافي,KG-HASH-16722FFC-7,,,,,,
حضانة الأطفال السعداء,Happy Children Nursery,عمان,عمان,اليوبيل,مرج الحمام – شارع نالتشك – قرب مطعم دنيا المشاوي,KG-HASH-BE5F5773-7,,,,,,
حضانة جوان النموذجية,Jawan Model Nursery,الزرقاء,الزرقاء,الهاشمية,الحي الشرقي,KG-HASH-EBD119C2-7,,,,,,
حضانة نور الجبيهة,Nour Al-Jubeiha Nursery,عمان,عمان,الجبيهة,شارع مفلح اللوزي – بناية 32 – مقابل مفروشات شهوان,KG-HASH-68257B5B-7,,,,,,
حضانة وروضة رونق المودة,Ronaq Al-Mawaddah Nursery & KG,عمان,عمان,البيادر,شارع خضر قردن – مقابل النادي الأهلي,KG-HASH-0A2E8BF3-8,,,,,,
حضانة بريق النمارق,Briq Al-Namarq Nursery,البلقاء,السلط,البقعان,بجانب مدرسة فاطمة الزهراء,KG-HASH-C98B3A42-7,,,,,,
حضانة الأرض السعيدة,Happy Land Nursery,عمان,عمان,جنوب عمان,المقابلين – حي الصحابة – شارع عبد الكريم الخطاب,KG-HASH-A21959BA-7,,,,,,
حضانة الحمامي,Al-Hammami Nursery,عمان,عمان,الجبيهة,شارع الريان – أم زويتينة,KG-HASH-6C739D9A-7,,,,,,
أكاديمية مدرسة وروضة جنى دان,Jana Dan Academy & KG,الزرقاء,الزرقاء,بيرين,خلف النبعة,KG-HASH-63D4D1AC-7,,,,,,
حضانة شذى الورد,Shatha Al-Ward Nursery,عمان,عمان,شرق عمان,طبربور – شارع عجاج الهبارنة – قرب مسجد عباد الرحمن,KG-HASH-E4A8221D-7,,,,,,
حضانة بذور الغد,Seeds of Tomorrow Nursery,عمان,عمان,شرق عمان,إسكان الجيش – شارع عبدالقادر الزغول – باتجاه أبو عليا,KG-HASH-B85BE7B2-7,,,,,,
حضانة ناريمان النموذجية,Nariman Model Nursery,الرمثا,الرمثا,الرمثا,مقابل مدرسة جمانة,KG-HASH-A5004523-7,,,,,,
حضانة كوكب المرح الطفولي,Fun Planet Childhood Nursery,العقبة,العقبة,الثامنة,قرب مسجد الكالوتي,KG-HASH-1E3C633A-7,,,,,,
حضانة ورود الربيع,Spring Roses Nursery,البلقاء,السلط,ماحص,شارع المدارس,KG-HASH-3D270AC1-7,,,,,,
حضانة حسام وسبأ الحديثة,Husam & Saba Modern Nursery,إربد,إربد,الحصن,الحي الشرقي – شارع الكلية,KG-HASH-5DF86710-7,,,,,,
حضانة تكوين,Takween Nursery,عمان,عمان,شمال عمان,طلوع الجاذبية – قرب سوبرماركت ياهلا,KG-HASH-9112EFC2-7,,,,,,
حضانة الفطاحلة النموذجية,Al-Fatahilah Model Nursery,إربد,إربد,الحي الجنوبي,جنوب غرب دوار صحارى – 300 متر,KG-HASH-6FF73128-7,,,,,,
حضانة بيت السكاكر,Candy House Nursery,إربد,إربد,الراهبات الوردية,خلف مستشفى الراهبات الوردية – بجانب السور,KG-HASH-B3342EDC-7,,,,,,
حضانة القلب السعيد,Happy Heart Nursery,عمان,عمان,شرق عمان,ضاحية الأمير حسن – قرب مطعم الهنيني,KG-HASH-D57300DD-7,,,,,,
حضانة كوخ الدب,Bear Cabin Nursery,الزرقاء,الزرقاء,الجبل الشمالي,شارع الملك عبد الله الثاني,KG-HASH-7F0FA9DD-7,,,,,,
حضانة الفقاعة المضحكة,Funny Bubble Nursery,عمان,عمان,أم السماق,شارع عطيوي المجالي – بناية 26,KG-HASH-68475EC4-11,,,,,,
حضانة طيور المحبة,Birds of Love Nursery,عمان,عمان,جبل عمان,دوار ثاني – شارع المعتصم 55 – بجانب عمارة قناة الجزيرة,KG-HASH-39B76A94-12,,,,,,
حضانة ريتان,Ritan Nursery,إربد,إربد,الحي الشرقي,خلف حلويات الكت والكات,KG-HASH-63C89E6F-11,,,,,,
حضانة الطفل الأمثل,Best Child Nursery,الزرقاء,الزرقاء,البتراوي,حي البتراوي,KG-HASH-9D52338B-12,,,,,,
حضانة اليوم السعيد,Al-Yawm Al-Saeed Nursery,عمان,عمان,بسمان/جبل النزهة,شارع الكويتية – بناية 15,KG-HASH-2B4CE2CE-4,,,,1.html,فرع شرق عمان,Matched existing record by normalized Arabic nursery name; not appended as duplicate.
حضانة فرح النموذجية,Farah Model Nursery,عمان,عمان,جبل الحسين,دوار الداخلية – نزول سرفيس العبدلي,KG-HASH-AA9129EC-4,,,,1.html,فرع عمان المركز,Matched existing record by normalized Arabic nursery name; not appended as duplicate.
روضة وحضانة نداء الطفولة,Nadaa Al-Tufulah Nursery & KG,عمان,عمان,شمال عمان,شارع البلدية بعد البنك الإسلامي مقابل ملحمة الخليل,KG-AM-0415,,,,1.html,فرع شمال عمان,Matched existing record by normalized Arabic nursery name; not appended as duplicate.
حضانة سيسو النموذجية,Siso Model Nursery,عمان,عمان,خلدا,قرب دوار السكر – مقابل سامح مول,KG-HASH-467ED77E-4,,,,1.html,فرع شمال عمان,Matched existing record by normalized Arabic nursery name; not appended as duplicate.
روضة ومدارس أكاديمية ريتال الدولية,Rital International Academy,عمان,عمان,ياجوز,تقاطع جسر ياجوز – شارع الأردن,KG-HASH-9932B088-4,,,,,,
حضانة قوس قزح النموذجية,Rainbow Model Nursery,عمان,عمان,الشميساني,الشميساني,KG-HASH-30C80BA5-4,,,,1.html,فرع عمان المركز,Matched existing record by normalized Arabic nursery name; not appended as duplicate.
شركة إبداع الطفولة,Ebdaa Al-Tufulah,عمان,عمان,شمال عمان,شارع شريفة زين – خلف روان كيك,KG-HASH-407914AF-4,,,,1.html,فرع شمال عمان,Matched existing record by normalized Arabic nursery name; not appended as duplicate.
حضانة الصياد الصغير,Little Hunter Nursery,عمان,عمان,جنوب عمان,مرج الحمام – شارع محمد بن طلال,KG-HASH-0D22143D-4,,,,,,
الشجرة المباركة للتعليم والاستثمار,Blessed Tree Education,عمان,عمان,شمال عمان,إشارة جبري – خلف بهجت سنتر,KG-HASH-3A27D298-3,,,,1.html,فرع شمال عمان,Matched existing record by normalized Arabic nursery name; not appended as duplicate.
حضانة نطاق الألوان المرحة,Color Range Fun Nursery,عمان,عمان,شرق عمان,شفا بدران – بجانب أكاديمية ريماس,KG-HASH-2605B857-4,,,,1.html,فرع شرق عمان,Matched existing record by normalized Arabic nursery name; not appended as duplicate.
حضانة زهور صغيرة,Little Flowers Nursery,عمان,عمان,الشميساني,شارع الفيحاء,KG-HASH-4E0BEFAA-4,,,,1.html,فرع عمان المركز,Matched existing record by normalized Arabic nursery name; not appended as duplicate.
حضانة المشاكس الصغير,Little Mischief Nursery,عمان,عمان,أم أذينة,شارع الكوفة – بناية 71,KG-HASH-0E557CFF-6,,,,1.html,فرع عمان المركز,Matched existing record by normalized Arabic nursery name; not appended as duplicate.
حضانة عبق عجلون النموذجية,Abq Ajloun Model Nursery,عجلون,عجلون,عبين,شارع إربد – مقابل صالة النورس,KG-HASH-5601454A-4,,,,,,
مؤسسة المنهل التربوية,Al-Manhal Educational Institution,عمان,عمان,الجامعة الأردنية,إسكان الجامعة الأردنية,KG-HASH-91358FF4-4,,,,,,
حضانة النحلة الصغيرة,Little Bee Nursery,عمان,عمان,الجاردنز,دخلة مطعم السروات,KG-AM-0416,,,,1.html,فرع شمال عمان,Matched existing record by normalized Arabic nursery name; not appended as duplicate.
حضانة مملكة السكر,Sugar Kingdom Nursery,عمان,عمان,شرق عمان,طبربور – شارع أسعد بن زرارة,KG-HASH-49966BEA-4,,,,1.html,فرع شرق عمان,Matched existing record by normalized Arabic nursery name; not appended as duplicate.
حضانة طوق الياسمين,Tawq Al-Yasmin Nursery,عمان,عمان,شرق عمان,طبربور – مظهر علاونة – بجانب موسيقات القوات,KG-HASH-984DF634-7,,,,,,
حضانة قمم الأشجار,Tree Tops Nursery,عمان,عمان,الشميساني,عبد الحميد كرامي – بناية 8,KG-HASH-D2C447CD-5,,,,1.html,فرع عمان المركز,Matched existing record by normalized Arabic nursery name; not appended as duplicate.
حضانة الخيوط اللامعة,Shining Threads Nursery,عمان,عمان,أبو السوس,إسكان الأمانة – حي الصنوبر,KG-HASH-FCF5F87B-4,,,,1.html,فرع اليوبيل,Matched existing record by normalized Arabic nursery name; not appended as duplicate.
حضانة الما وأيلا,Alma & Ayla Nursery,عمان,عمان,شمال عمان,ضاحية الرشيد – قبل سكن أميمة,KG-HASH-46291761-4,,,,,,
حضانة ماما رولا,Mama Rola Nursery,عمان,عمان,شرق عمان,شفا بدران – حي ذهيبة – خلف الكلحة – بناية 3,KG-HASH-51336EBC-4,,,,,,
حضانة حبات التوت,Raspberry Seeds Nursery,عمان,عمان,مرج الحمام,شارع مويى النهار,KG-AM-0417,,,,1.html,فرع اليوبيل,Matched existing record by normalized Arabic nursery name; not appended as duplicate.
حضانة أطفال تمارا,Tamara Kids Nursery,عمان,عمان,شمال عمان,خلف مطعم طواحين,KG-HASH-D54CBE34-4,,,,1.html,فرع شمال عمان,Matched existing record by normalized Arabic nursery name; not appended as duplicate.
حضانة أزهار بيسان,Bisan Flowers Nursery,عمان,عمان,شرق عمان,الهاشمي الشمالي – حي نايفة – مقابل وزارة الصحة,KG-HASH-F0D51A7A-4,,,,1.html,فرع شرق عمان,Matched existing record by normalized Arabic nursery name; not appended as duplicate.
حضانة دانة الدولية,Dana International Nursery,عمان,عمان,شمال عمان,تلاع العلي – خلف الهوليدي إن,KG-HASH-21F6AEA4-4,,,,1.html,فرع شمال عمان,Matched existing record by normalized Arabic nursery name; not appended as duplicate.
حضانة سالي وسلمى,Sally & Salma Nursery,عمان,عمان,شمال عمان,الجبيهة – مقابل الأحدث سابقاً,KG-HASH-50F99C52-4,,,,1.html,فرع شمال عمان,Matched existing record by normalized Arabic nursery name; not appended as duplicate.
حضانة وسيم النموذجية,Waseem Model Nursery,عمان,عمان,جنوب عمان,الأشرفية – حي أم تينة,KG-HASH-A737AF34-4,,,,1.html,فرع جنوب عمان,Matched existing record by normalized Arabic nursery name; not appended as duplicate.
حضانة النحلة جولي,Jolly Bee Nursery,عمان,عمان,شرق عمان,طبربور – بجانب جامعة العلوم الإسلامية,KG-HASH-F9383D91-4,,,,1.html,فرع شرق عمان,Matched existing record by normalized Arabic nursery name; not appended as duplicate.
حضانة الأكواخ الملونة,Colored Cabins Nursery,عمان,عمان,الشميساني,شارع الجاحظ – مقابل مجمع السعيد,KG-HASH-89BDD1D1-7,,,,1.html,فرع شمال عمان,Matched existing record by normalized Arabic nursery name; not appended as duplicate.
حضانة النجوم المتلألئة,Twinkling Stars Nursery,عمان,عمان,اليوبيل,مرج الحمام – شارع نايف بن عاصم,KG-HASH-68E974B2-4,,,,,,
حضانة جنتي للأطفال,My Paradise Nursery,عمان,عمان,شمال عمان,خلدا – شارع المعارف – قرب مدرسة المعارف,KG-HASH-43031B1B-4,,,,1.html,فرع شمال عمان,Matched existing record by normalized Arabic nursery name; not appended as duplicate.
حضانة ميرا والمى,Mira & Al-Mi Nursery,عمان,عمان,جنوب عمان,شارع فايزة المعارجة,KG-HASH-7A601E38-4,,,,,,
حضانة عصافير الكرك,Karak Sparrows Nursery,الكرك,الكرك,الكرك,الثنية – الشارع الرئيسي,KG-HASH-B864861A-5,,,,1.html,فرع الكرك,Matched existing record by normalized Arabic nursery name; not appended as duplicate.
حضانة القطط الصغيرة,Little Kittens Nursery,عمان,عمان,شمال عمان,تلاع العلي – بجانب البشيتي – بناية 3,KG-HASH-F761251C-4,,,,,,
حضانة الطفل الحسن,Good Child Nursery,عمان,عمان,اليوبيل,بيادر وادي السير – الجندويل,KG-HASH-9B7848CF-4,,,,1.html,فرع اليوبيل,Matched existing record by normalized Arabic nursery name; not appended as duplicate.
روضة وحضانة أنا الصغير,Ana Al-Saghir Nursery & KG,عمان,عمان,شمال عمان,خرجا – دخلة مدارس الدر المنثور,KG-HASH-1070AA6D-4,,,,1.html,فرع شمال عمان,Matched existing record by normalized Arabic nursery name; not appended as duplicate.
حضانة القلب الكبير,Big Heart Nursery,إربد,إربد,إربد,قرب مضافة أبو سالم,KG-HASH-B233B2FD-4,,,,1.html,فرع اربد,Matched existing record by normalized Arabic nursery name; not appended as duplicate.
حضانة قرية التوت العالمية,Global Berry Village Nursery,عمان,عمان,عمان المركز,دوار الكيلو – خلف البرجر كنج – عمارة 46,KG-HASH-6E5273CC-4,,,,1.html,فرع عمان المركز,Matched existing record by normalized Arabic nursery name; not appended as duplicate.
حضانة الجيل القادم,Next Generation Nursery,عمان,عمان,شمال عمان,المدينة الرياضية – شمس الدين الذهبي,KG-AM-0418,,,,,,
حضانة الانامل الذهبية,Golden Fingers Nursery,عمان,عمان,شرق عمان,ماركا الشمالية – شارع فاطمة الزهراء – مسجد فاطمة الزهراء,KG-HASH-4235AA00-8,,,,,,
حضانة حكايتي الصغيرة,My Little Story Nursery,عمان,عمان,الجبيهة,مقابل الجمعية العلمية الملكية – ط الأرضي,KG-HASH-41922AC3-8,,,,,,
حضانة براعم السكر,Sugar Buds Nursery,العقبة,العقبة,السكنية الثالثة,شارع العباسيين – بجانب مسجد سعد بن أبي وقاص,KG-HASH-4AA4B4D3-8,,,,,,
حضانة درجات صغيرة,Small Steps Nursery,عمان,عمان,اليوبيل,دوار البرديني – قرب مدارس الإشراق,KG-HASH-FF9AE220-8,,,,,,
حضانة أشكال النموذجية,Shapes Model Nursery,إربد,إربد,خلف مستشفى إربد التخصصي,0772155227,KG-IR-0010,,,,,,
حضانة لطفولة أرقى,Finer Childhood Nursery,الزرقاء,الزرقاء,مدينة الشرق,قرب دوار الطيارة,KG-HASH-0BA37A4E-8,,,,,,
حضانة سلمى وزين,Salma & Zain Nursery,البلقاء,السلط,البقيع,البقيع,KG-HASH-2761F2DE-8,,,,,,
حضانة هلا وغلا,Hala & Ghala Nursery,عمان,عمان,شرق عمان,طبربور – قرب إسكان الجيش – حديقة العهد والوفا – يوسف بني ياسين 9,KG-HASH-4CB76A0C-8,,,,,,
حضانة من الألف إلى الياء,From A to Z Nursery,عمان,عمان,جنوب عمان,مرج الحمام – إسكان عالية – فيلا 30,KG-AM-0419,,,,,,
حضانة الطفل السعيد,Happy Child Nursery,عمان,عمان,شرق عمان,ماركا الشمالية – حمزة – قرب مدرسة الشريف حسين,KG-HASH-0635148B-10,,,,,,
حضانة بدايات عظيمة,Great Beginnings Nursery,عمان,عمان,جبل الحسين,شارع إسماعيل بابوق 5,KG-HASH-6AD2B97C-10,,,,,,
حضانة ديمة النموذجية,Dima Model Nursery,البلقاء,السلط,شفا العامرية,شفا العامرية,KG-HASH-756B81D8-8,,,,,,
حضانة ضحكات الطفولة,Childhood Laughter Nursery,عمان,عمان,الشميساني,بناية 39 – شارع معروف الرصافي,KG-HASH-16722FFC-8,,,,,,
حضانة الأطفال السعداء,Happy Children Nursery,عمان,عمان,اليوبيل,مرج الحمام – شارع نالتشك – قرب مطعم دنيا المشاوي,KG-HASH-BE5F5773-8,,,,,,
حضانة جوان النموذجية,Jawan Model Nursery,الزرقاء,الزرقاء,الهاشمية,الحي الشرقي,KG-HASH-EBD119C2-8,,,,,,
حضانة نور الجبيهة,Nour Al-Jubeiha Nursery,عمان,عمان,الجبيهة,شارع مفلح اللوزي – بناية 32 – مقابل مفروشات شهوان,KG-HASH-68257B5B-8,,,,,,
حضانة وروضة رونق المودة,Ronaq Al-Mawaddah Nursery & KG,عمان,عمان,البيادر,شارع خضر قردن – مقابل النادي الأهلي,KG-HASH-0A2E8BF3-9,,,,,,
حضانة بريق النمارق,Briq Al-Namarq Nursery,البلقاء,السلط,البقعان,بجانب مدرسة فاطمة الزهراء,KG-HASH-C98B3A42-8,,,,,,
حضانة الأرض السعيدة,Happy Land Nursery,عمان,عمان,جنوب عمان,المقابلين – حي الصحابة – شارع عبد الكريم الخطاب,KG-HASH-A21959BA-8,,,,,,
حضانة الحمامي,Al-Hammami Nursery,عمان,عمان,الجبيهة,شارع الريان – أم زويتينة,KG-HASH-6C739D9A-8,,,,,,
أكاديمية مدرسة وروضة جنى دان,Jana Dan Academy & KG,الزرقاء,الزرقاء,بيرين,خلف النبعة,KG-HASH-63D4D1AC-8,,,,,,
حضانة شذى الورد,Shatha Al-Ward Nursery,عمان,عمان,شرق عمان,طبربور – شارع عجاج الهبارنة – قرب مسجد عباد الرحمن,KG-HASH-E4A8221D-8,,,,,,
حضانة بذور الغد,Seeds of Tomorrow Nursery,عمان,عمان,شرق عمان,إسكان الجيش – شارع عبدالقادر الزغول – باتجاه أبو عليا,KG-HASH-B85BE7B2-8,,,,,,
حضانة ناريمان النموذجية,Nariman Model Nursery,الرمثا,الرمثا,الرمثا,مقابل مدرسة جمانة,KG-HASH-A5004523-8,,,,,,
حضانة كوكب المرح الطفولي,Fun Planet Childhood Nursery,العقبة,العقبة,الثامنة,قرب مسجد الكالوتي,KG-HASH-1E3C633A-8,,,,,,
حضانة ورود الربيع,Spring Roses Nursery,البلقاء,السلط,ماحص,شارع المدارس,KG-HASH-3D270AC1-8,,,,,,
حضانة حسام وسبأ الحديثة,Husam & Saba Modern Nursery,إربد,إربد,الحصن,الحي الشرقي – شارع الكلية,KG-HASH-5DF86710-8,,,,,,
حضانة تكوين,Takween Nursery,عمان,عمان,شمال عمان,طلوع الجاذبية – قرب سوبرماركت ياهلا,KG-HASH-9112EFC2-8,,,,,,
حضانة الفطاحلة النموذجية,Al-Fatahilah Model Nursery,إربد,إربد,الحي الجنوبي,جنوب غرب دوار صحارى – 300 متر,KG-HASH-6FF73128-8,,,,,,
حضانة بيت السكاكر,Candy House Nursery,إربد,إربد,الراهبات الوردية,خلف مستشفى الراهبات الوردية – بجانب السور,KG-HASH-B3342EDC-8,,,,,,
حضانة القلب السعيد,Happy Heart Nursery,عمان,عمان,شرق عمان,ضاحية الأمير حسن – قرب مطعم الهنيني,KG-HASH-D57300DD-8,,,,,,
حضانة كوخ الدب,Bear Cabin Nursery,الزرقاء,الزرقاء,الجبل الشمالي,شارع الملك عبد الله الثاني,KG-HASH-7F0FA9DD-8,,,,,,
حضانة الفقاعة المضحكة,Funny Bubble Nursery,عمان,عمان,أم السماق,شارع عطيوي المجالي – بناية 26,KG-HASH-68475EC4-12,,,,,,
حضانة طيور المحبة,Birds of Love Nursery,عمان,عمان,جبل عمان,دوار ثاني – شارع المعتصم 55 – بجانب عمارة قناة الجزيرة,KG-HASH-39B76A94-13,,,,,,
حضانة ريتان,Ritan Nursery,إربد,إربد,الحي الشرقي,خلف حلويات الكت والكات,KG-HASH-63C89E6F-12,,,,,,
حضانة الطفل الأمثل,Best Child Nursery,الزرقاء,الزرقاء,البتراوي,حي البتراوي,KG-HASH-9D52338B-13,,,,,,
حضانة اليوم السعيد,Al-Yawm Al-Saeed Nursery,عمان,عمان,بسمان/جبل النزهة,شارع الكويتية – بناية 15,KG-HASH-2B4CE2CE-5,,,,,,
حضانة فرح النموذجية,Farah Model Nursery,عمان,عمان,جبل الحسين,دوار الداخلية – نزول سرفيس العبدلي,KG-HASH-AA9129EC-5,,,,,,
روضة وحضانة نداء الطفولة,Nadaa Al-Tufulah Nursery & KG,عمان,عمان,شمال عمان,شارع البلدية بعد البنك الإسلامي مقابل ملحمة الخليل,KG-AM-0420,,,,,,
حضانة سيسو النموذجية,Siso Model Nursery,عمان,عمان,خلدا,قرب دوار السكر – مقابل سامح مول,KG-HASH-467ED77E-5,,,,,,
روضة ومدارس أكاديمية ريتال الدولية,Rital International Academy,عمان,عمان,ياجوز,تقاطع جسر ياجوز – شارع الأردن,KG-HASH-9932B088-5,,,,,,
حضانة قوس قزح النموذجية,Rainbow Model Nursery,عمان,عمان,الشميساني,الشميساني,KG-HASH-30C80BA5-5,,,,,,
شركة إبداع الطفولة,Ebdaa Al-Tufulah,عمان,عمان,شمال عمان,شارع شريفة زين – خلف روان كيك,KG-HASH-407914AF-5,,,,,,
حضانة الصياد الصغير,Little Hunter Nursery,عمان,عمان,جنوب عمان,مرج الحمام – شارع محمد بن طلال,KG-HASH-0D22143D-5,,,,,,
الشجرة المباركة للتعليم والاستثمار,Blessed Tree Education,عمان,عمان,شمال عمان,إشارة جبري – خلف بهجت سنتر,KG-HASH-3A27D298-4,,,,,,
حضانة نطاق الألوان المرحة,Color Range Fun Nursery,عمان,عمان,شرق عمان,شفا بدران – بجانب أكاديمية ريماس,KG-HASH-2605B857-5,,,,,,
حضانة زهور صغيرة,Little Flowers Nursery,عمان,عمان,الشميساني,شارع الفيحاء,KG-HASH-4E0BEFAA-5,,,,,,
حضانة المشاكس الصغير,Little Mischief Nursery,عمان,عمان,أم أذينة,شارع الكوفة – بناية 71,KG-HASH-0E557CFF-7,,,,,,
حضانة عبق عجلون النموذجية,Abq Ajloun Model Nursery,عجلون,عجلون,عبين,شارع إربد – مقابل صالة النورس,KG-HASH-5601454A-5,,,,,,
مؤسسة المنهل التربوية,Al-Manhal Educational Institution,عمان,عمان,الجامعة الأردنية,إسكان الجامعة الأردنية,KG-HASH-91358FF4-5,,,,,,
حضانة النحلة الصغيرة,Little Bee Nursery,عمان,عمان,الجاردنز,دخلة مطعم السروات,KG-AM-0421,,,,,,
حضانة مملكة السكر,Sugar Kingdom Nursery,عمان,عمان,شرق عمان,طبربور – شارع أسعد بن زرارة,KG-HASH-49966BEA-5,,,,,,
حضانة طوق الياسمين,Tawq Al-Yasmin Nursery,عمان,عمان,شرق عمان,طبربور – مظهر علاونة – بجانب موسيقات القوات,KG-HASH-984DF634-8,,,,,,
حضانة قمم الأشجار,Tree Tops Nursery,عمان,عمان,الشميساني,عبد الحميد كرامي – بناية 8,KG-HASH-D2C447CD-6,,,,,,
حضانة الخيوط اللامعة,Shining Threads Nursery,عمان,عمان,أبو السوس,إسكان الأمانة – حي الصنوبر,KG-HASH-FCF5F87B-5,,,,,,
حضانة الما وأيلا,Alma & Ayla Nursery,عمان,عمان,شمال عمان,ضاحية الرشيد – قبل سكن أميمة,KG-HASH-46291761-5,,,,,,
حضانة ماما رولا,Mama Rola Nursery,عمان,عمان,شرق عمان,شفا بدران – حي ذهيبة – خلف الكلحة – بناية 3,KG-HASH-51336EBC-5,,,,,,
حضانة حبات التوت,Raspberry Seeds Nursery,عمان,عمان,مرج الحمام,شارع مويى النهار,KG-AM-0422,,,,,,
حضانة أطفال تمارا,Tamara Kids Nursery,عمان,عمان,شمال عمان,خلف مطعم طواحين,KG-HASH-D54CBE34-5,,,,,,
حضانة أزهار بيسان,Bisan Flowers Nursery,عمان,عمان,شرق عمان,الهاشمي الشمالي – حي نايفة – مقابل وزارة الصحة,KG-HASH-F0D51A7A-5,,,,,,
حضانة دانة الدولية,Dana International Nursery,عمان,عمان,شمال عمان,تلاع العلي – خلف الهوليدي إن,KG-HASH-21F6AEA4-5,,,,,,
حضانة سالي وسلمى,Sally & Salma Nursery,عمان,عمان,شمال عمان,الجبيهة – مقابل الأحدث سابقاً,KG-HASH-50F99C52-5,,,,,,
حضانة وسيم النموذجية,Waseem Model Nursery,عمان,عمان,جنوب عمان,الأشرفية – حي أم تينة,KG-HASH-A737AF34-5,,,,,,
حضانة النحلة جولي,Jolly Bee Nursery,عمان,عمان,شرق عمان,طبربور – بجانب جامعة العلوم الإسلامية,KG-HASH-F9383D91-5,,,,,,
حضانة الأكواخ الملونة,Colored Cabins Nursery,عمان,عمان,الشميساني,شارع الجاحظ – مقابل مجمع السعيد,KG-HASH-89BDD1D1-8,,,,,,
حضانة النجوم المتلألئة,Twinkling Stars Nursery,عمان,عمان,اليوبيل,مرج الحمام – شارع نايف بن عاصم,KG-HASH-68E974B2-5,,,,,,
حضانة جنتي للأطفال,My Paradise Nursery,عمان,عمان,شمال عمان,خلدا – شارع المعارف – قرب مدرسة المعارف,KG-HASH-43031B1B-5,,,,,,
حضانة ميرا والمى,Mira & Al-Mi Nursery,عمان,عمان,جنوب عمان,شارع فايزة المعارجة,KG-HASH-7A601E38-5,,,,,,
حضانة عصافير الكرك,Karak Sparrows Nursery,الكرك,الكرك,الكرك,الثنية – الشارع الرئيسي,KG-HASH-B864861A-6,,,,,,
حضانة القطط الصغيرة,Little Kittens Nursery,عمان,عمان,شمال عمان,تلاع العلي – بجانب البشيتي – بناية 3,KG-HASH-F761251C-5,,,,,,
حضانة الطفل الحسن,Good Child Nursery,عمان,عمان,اليوبيل,بيادر وادي السير – الجندويل,KG-HASH-9B7848CF-5,,,,,,
روضة وحضانة أنا الصغير,Ana Al-Saghir Nursery & KG,عمان,عمان,شمال عمان,خرجا – دخلة مدارس الدر المنثور,KG-HASH-1070AA6D-5,,,,,,
حضانة القلب الكبير,Big Heart Nursery,إربد,إربد,إربد,قرب مضافة أبو سالم,KG-HASH-B233B2FD-5,,,,,,
حضانة قرية التوت العالمية,Global Berry Village Nursery,عمان,عمان,عمان المركز,دوار الكيلو – خلف البرجر كنج – عمارة 46,KG-HASH-6E5273CC-5,,,,,,
حضانة الجيل القادم,Next Generation Nursery,عمان,عمان,شمال عمان,المدينة الرياضية – شمس الدين الذهبي,KG-AM-0423,,,,,,
حضانة التباشير البيضاء,White Chalk Nursery,عمان,عمان,بين الدوار 6 وال7,شارع التباشير,KG-HASH-846C96F7-3,,,,,,
حضانة مونلايت,Moonlight Nursery,عمان,عمان,الشميساني,الشميساني,KG-AM-0424,,,,,,
حضانة فيرست ووردز,First Words Preschool,عمان,عمان,الصويفية,شارع سعيد المفتي – عمارة 16,KG-HASH-DDDF528F-4,,,,,,
روضة ومدرسة ليلى للتعليم الحديث,Leila Modern Education KG & School,عمان,عمان,طبربور,شارع محمد العويدات – مجمع 2,KG-AM-0425,,,,,,
حضانة ليتل ليرنرز,Little Learners Nursery,عمان,عمان,الرابية,شارع أنور الخطيب,KG-AM-0426,,,,,,
حضانة العلمي الممتع,Fun Science Nursery,عمان,عمان,اليوبيل,شارع عبد الله غوشة,KG-AM-0427,,,,,,
حضانة ميني مي,Mini Me Nursery,عمان,عمان,خلدا,شارع الأمير زيد,KG-AM-0428,,,,,,
حضانة الانطلاقة,Al Intilaqa Nursery,عمان,عمان,الصويفية,شارع بخيت العيسى,KG-HASH-526522B6-3,,,,,,
حضانة كوكون,Cocoon Nursery,عمان,عمان,الرابية,شارع محمد الخماش,KG-AM-0429,,,,,,
حضانة زهور المستقبل,Future Flowers Nursery,عمان,عمان,الرونق,شارع الأسبح – فيلا 6,KG-HASH-F845F6B6-4,,,,,,
حضانة نهج المعرفة,Nahj Al-Ma’rifa KG,عمان,عمان,الدوار الثامن,الدوار الثامن,KG-AM-0430,,,,,,
روضة بوك أند براش,Book n Brush KG,عمان,عمان,الصويفية,شارع زهدي عصفور,KG-AM-0431,,,,,,
حضانة البدايات المشرقة,Bright Beginnings Nursery,عمان,عمان,أم أذينة,شارع الدمام 48,KG-HASH-D7CFF932-3,,,,,,
حضانة وروضة وورلد كرياتيف,Creative World Nursery & KG,عمان,عمان,الرابية,شارع إبراهيم القطان 22,KG-AM-0432,,,,,,
حضانة الأطفال السعداء (2),Happy Kids Nursery (2),عمان,عمان,السهل,السهل,KG-AM-0433,,,,,,
حضانة السندريلا,Cinderella Nursery,عمان,عمان,جبل الحسين,شارع الملك عبد الله الثاني 2,KG-HASH-0A54A420-3,,,,,,
روضة ينابيع العلم,Yanabe’ Al-Ilm KG,عمان,عمان,البيادر,مقسم العطار – شارع البيادر,KG-AM-0434,,,,,,
حضانة السوبر ناني,Super Nanny Nursery,عمان,عمان,المرج,المرج,KG-HASH-63B6BE81-3,,,,,,
حضانة ميلكي تيث,Milky Teeth KG Nursery,عمان,عمان,خلدا,خلدا,KG-AM-0435,,,,,,
حضانة ستارفيش,Starfish Nursery,عمان,عمان,الرابية,شارع أنوارين مسمار 4,KG-AM-0436,,,,,,
حضانة ليتل هاندز,Little Hands Nursery,عمان,عمان,خلدا,خلدا,KG-AM-0437,,,,,,
حضانة وروضة ستيبينج ستون,Stepping Stone Preschool & Nursery,عمان,عمان,أم السماق,شارع أرتيريا 50,KG-AM-0438,,,,,,
حضانة آدم كيدز,Adam Kids Nursery,عمان,عمان,عبدون,عبدون,KG-AM-0439,,,,,,
حضانة رونق المودة,Ronaq Al-Mawaddah Nursery,عمان,عمان,البيادر,شارع خضر قردن – مقابل النادي الأهلي,KG-HASH-AFC636DF-4,,,,,,
حضانة أمبريلا,Umbrella Nursery,عمان,عمان,اليوبيل,اليوبيل,KG-AM-0440,,,,,,
حضانة وروضة المتفوقين أكاديمي,Al Mutafawqeen Academy KG & School,عمان,عمان,خلدا,شارع أيوب السختياني 14,KG-AM-0441,,,,,,
حضانة منزلي الكبير,My Big House Nursery,عمان,عمان,الشميساني,شارع الشريف ناصر بن جميل 78,KG-AM-0442,,,,,,
روضة أكاديمية الأطفال الرائعين,Wonderful Kids Academy KG,عمان,عمان,اليوبيل,شارع محمد العجلوني,KG-AM-0443,,,,,,
حضانة وروضة كراميل,Caramel Nursery & KG,عمان,عمان,خلدا,شارع الأميرة زينب 63,KG-AM-0444,,,,,,
حضانة بز بي,BuzzBee Nursery,عمان,عمان,خلدا,خلدا,KG-AM-0445,,,,,,
روضة وابه,Wabe KG,عمان,عمان,طبربور,شارع صدقي أبو شقرة,KG-AM-0446,,,,,,
حضانة سيفتي هاوس,Safety House Nursery,عمان,عمان,خلدا,شارع المعارف – خلدا,KG-AM-0447,,,,,,
حضانة ليتل بي,Little Bee Nursery,عمان,عمان,اليوبيل,اليوبيل,KG-AM-0448,,,,,,
روضة و حضانة هيل هاوس,Hill House KG & Nursery,عمان,عمان,الشميساني,شارع محمد علي بدير 37,KG-AM-0449,,,,,,
حضانة الأكواخ الملونة,Al-Akwakh Al-Mulawwanah Nursery,عمان,عمان,الشميساني,شارع الجاحظ – مقابل مجمع السعيد التجاري,KG-HASH-89BDD1D1-9,,,,,,
حضانة سويت آند نوتي,Sweet and Naughty Nursery,عمان,عمان,الشميساني,الشميساني,KG-AM-0450,,,,,,
حضانة كيدز فالي,Kids Valley Nursery,عمان,عمان,الشميساني,شارع يوسف بن تاشفين 5,KG-AM-0451,,,,,,
حضانة ليتل جاردن,Little Garden Pre & Nursery,عمان,عمان,خلدا,خلدا,KG-AM-0452,,,,,,
حضانة راقي الدولية,Raqi International Preschool,عمان,عمان,الرابية,شارع رفاعة بن أوس 46,KG-AM-0453,,,,,,
حضانة السلام,Al-Salam Nursery,عمان,عمان,الكرسي,الكرسي,KG-AM-0454,,,,,,
حضانة ستدي بلاي,Study Play KG,عمان,عمان,خلدا,شارع الشيخ حسين الجسر 44,KG-AM-0455,,,,,,
حضانة فيرست ستيب,First Step Nursery,عمان,عمان,اليوبيل,اليوبيل,KG-AM-0456,,,,,,
حضانة كينزي,Kenzi KG,عمان,عمان,طبربور,شارع فاضل أحمد خليفة 20,KG-AM-0457,,,,,,
حضانة ليتل بروفيسورز أكاديمي,Little Professors Academy,عمان,عمان,خلدا,شارع أبهى 11,KG-AM-0458,,,,,,
حضانة زين,Zain Nursery,عمان,عمان,اليوبيل,شارع الإخلاص 31,KG-AM-0459,,,,,,
حضانة وروضة ليونز كينجدوم,Lions Kingdom Nursery & Pre-school,عمان,عمان,دابوق,شارع يثرب 9,KG-AM-0460,,,,,,
روضة و حضانة المجد الوطنية,Al Majd National Academy KG,عمان,عمان,خلدا,شارع الفقهاء – مجمع 4,KG-AM-0461,,,,,,
حضانة وايت لاينز,White Lines Nursery,عمان,عمان,خلدا,شارع أم الدنانير – خلدا,KG-AM-0462,,,,,,
حضانة لارا,Lara Nursery,عمان,عمان,تلاع العلي,خلف سوبر ماركت الأهالي,KG-HASH-4E021CE0-3,,,,1.html,فرع شمال عمان,Matched existing record by normalized Arabic nursery name; not appended as duplicate.
حضانة المشاكس الصغير,Al-Mushakis Al-Saghir Nursery,عمان,عمان,أم أذينة,أم أذينة الشرقي,KG-HASH-0E557CFF-8,,,,,,
حضانة عطر الجوري,Atr Al-Jouri Nursery,عمان,عمان,الياسمين,شارع محمد سالم الثوايب,KG-AM-0463,,,,,,
حضانة وروضة هابي فايسيز,Happy Faces Nursery & Preschool,عمان,عمان,اليوبيل,شارع ثويبة بن حرملة,KG-AM-0464,,,,,,
حضانة آرت كير,Art Care Nursery,عمان,عمان,خلدا,شارع عروة بن أذينة,KG-AM-0465,,,,,,
حضانة وروضة ستيب باي ستيب,Step By Step Preschool,عمان,عمان,الرابية,شارع وديع قسطندي 3,KG-AM-0466,,,,,,
حضانة وروضة ليتل لاند,Little Land Nursery & Preschool,عمان,عمان,الشميساني,شارع الأشعري 15,KG-AM-0467,,,,,,
حضانة دانا,Dana Nursery,عمان,عمان,خلدا,كنيسة كرم إمسيح – خلدا,KG-AM-0468,,,,,,
حضانة بانان دي كير,Banan Daycare,عمان,عمان,اليوبيل,شارع موسى الساكت 76,KG-AM-0469,,,,,,
حضانة طوق الياسمين,Tawq Al-Yasmin Nursery,عمان,عمان,طبربور,مظهر علاونة – بجانب موسيقات القوات المسلحة,KG-HASH-984DF634-9,,,,,,
حضانة كولورز تري,Colors Tree Nursery,عمان,عمان,خلدا,شارع عيسى أبو قدوم 6,KG-AM-0470,,,,,,
حضانة كرادل تو كرايون,Cradle to Crayon Nursery,عمان,عمان,اليوبيل,شارع أحمد عرابي,KG-AM-0471,,,,,,
روضة أيوب,Ayoub KG,عمان,عمان,الشميساني,شارع أحمد أوكلة النصور,KG-AM-0472,,,,,,
روضة و حضانة نحن الأطفال,Nahnu Al-Atfal Nursery & KG,عمان,عمان,جبل الحسين,شارع عز الدين القسام,KG-AM-0473,,,,,,
حضانة وروضة صنلايت,Sunlight Nursery & Pre-School,عمان,عمان,الرابية,شارع نهاوند – الرابية,KG-AM-0474,,,,,,
روضة و حضانة عالم الصغار,Aalam Al-Sighar Nursery & KG,عمان,عمان,الشميساني,شارع أسيد بن ثعلبة,KG-AM-0475,,,,,,
حضانة كُن طفلًا,Kun Tiflan Nursery,عمان,عمان,اليوبيل,شارع تعز,KG-AM-0476,,,,,,
حضانة تري توبس,Tree Tops Nursery,عمان,عمان,الشميساني,شارع عبد الحميد كرامي,KG-HASH-AE47A5BB-6,,,,,,
روضة هابي هارت,Happy Heart Kindergarten,عمان,عمان,اليوبيل,مجمع النور – شارع محمد بن غطوس,KG-AM-0477,,,,,,
حضانة بامبل بي,Bumble Bee Preschool,عمان,عمان,الرابية,شارع تبريز,KG-AM-0478,,,,,,
حضانة الما وايلا,Alma and Ayla Nursery,عمان,عمان,ضاحية الرشيد,قبل سكن أميمة,KG-HASH-5755C175-5,,,,,,
حضانة ليديبرد,Ladybird Nursery,عمان,عمان,الشميساني,شارع يوسف بن تاشفين,KG-AM-0479,,,,,,
حضانة داندون,Dandoon Nursery,عمان,عمان,خلدا,شارع عبد الله الأعزب,KG-AM-0480,,,,,,
حضانة إيرلي بيرد (تلاع العلي),Early Bird Nursery (Tala Al-Ali),عمان,عمان,تلاع العلي,مجمع 44 – شارع عبد الحليم عباس,KG-AM-0481,,,,,,
روضة الطفل السعيد,Al-Tifl Al-Saeed KG,عمان,عمان,شرق عمان,ماركا الشمالية – حمزة,KG-HASH-BCCAE8EB-5,,,,,,
حضانة هيا سبراوتس,Haya Sprouts Preschool,عمان,عمان,خلدا,شاكر بن زيد,KG-AM-0482,,,,,,
حضانة بيتي الصغير,My Little Home Nursery,عمان,عمان,شمال عمان,يوسف بن تاشفين 20 – الشميساني,KG-HASH-A45EF066-5,,,,,,
روضة كيدز واي,Kids Way Kindergarten,عمان,عمان,خلدا,شارع الأوزاعي – مجمع 11,KG-AM-0483,,,,,,
حضانة جريت بيجينينجز,Great Beginnings Child Care,عمان,عمان,جبل الحسين,شارع إسماعيل بابوق,KG-HASH-3561F16A-5,,,,,,
حضانة ليتل ستيبس,Little Steps Nursery,عمان,عمان,خلدا,شارع الشيخ حسين الجسر,KG-AM-0484,,,,,,
حضانة رايت ستارت,Right Start Nursery,عمان,عمان,اليوبيل,اليوبيل,KG-AM-0485,,,,,,
روضة الأصدقاء المبدعين,Creative Friends KG,عمان,عمان,خلدا,شارع عبد الله بن مسعود 20,KG-AM-0486,,,,,,
حضانة الجيل القادم,Next Generation Nursery,عمان,عمان,شمال عمان,المدينة الرياضية – شمس الدين الذهبي,KG-HASH-26164CE9-5,,,,,,
حضانة ليتل فلاورز,Little Flowers Day Nursery,عمان,عمان,خلدا,خلدا,KG-AM-0487,,,,,,
حضانة كيدز ستيبس,Kids Steps Nursery,عمان,عمان,الرابية,شارع تلمسان – مجمع 5,KG-AM-0488,,,,,,
حضانة شيري تري,Cherry Tree Nursery,عمان,عمان,جبل الحسين,شارع محمد جمجوم – مجمع 2,KG-AM-0489,,,,,,
حضانة ثراء كيدز,Thraa Kids Nursery,عمان,عمان,شرق عمان,شرق عمان,KG-AM-0490,,,,,,
حضانة الفقاعة المضحكة,Funny Bubble Nursery,عمان,عمان,أم السماق,شارع عطيوي المجالي – بناية 26,KG-HASH-68475EC4-13,,,,,,
حضانة طيور المحبة,Birds of Love Nursery,عمان,عمان,جبل عمان,دوار ثاني – شارع المعتصم 55,KG-HASH-39B76A94-14,,,,,,
حضانة ريتان,Ritan Nursery,إربد,إربد,الحي الشرقي,خلف حلويات الكت والكات,KG-HASH-63C89E6F-13,,,,,,
حضانة الطفل الأمثل,Best Child Care Nursery,الزرقاء,الزرقاء,البتراوي,حي البتراوي,KG-HASH-9D52338B-14,,,,,,
حضانة أطفال الرونق,Ronaq Kids Nursery,عمان,عمان,الرونق,شارع محمد علي حسين الكردي – عمارة 30,KG-HASH-F80BBEEE-5,,,,,,
حضانة البالون,Balloon Nursery,عمان,عمان,الدوار السابع,بجانب فندق جنيفا,KG-HASH-B3A79E1B-5,,,,,,
حضانة براعم الرمثا التعليمية والنموذجية,Baraem Al-Ramtha Educational & Model Nursery,الرمثا,الرمثا,الرئيسي,الرئيسي,KG-HASH-E7F2DA07-5,,,,,,
حضانة النبات السليم,Healthy Plant Nursery,عمان,عمان,طبربور,حي الشهيد الجنوبي,KG-HASH-F9974F8A-5,,,,,,
حضانة أرض النجوم,Land of Stars Nursery,عمان,عمان,ضاحية الرشيد,مقابل مدرسة تقارب,KG-HASH-2AB7CA43-6,,,,,,
حضانة صقور العزة,Falcons of Pride Nursery,عمان,عمان,أبو نصير,شارع السعادة,KG-HASH-0CF80CD3-5,,,,,,
حضانة أطفال التوت البري,Wild Berry Kids Nursery,عمان,عمان,اليوبيل,شارع عبدالله غوشة – بجانب مسجد أحد,KG-HASH-6F0E538C-5,,,,,,
حضانة أنس وأمير,Anas & Amir Nursery,عمان,عمان,الجبيهة,حي الريان – شارع المريري,KG-HASH-4EF9D4C1-5,,,,,,
حضانة ألوان الفرح للأطفال,Colors of Joy Nursery,عمان,عمان,شرق عمان,حي العبداللات – بجانب مدرسة الكندي,KG-HASH-74D75DC4-5,,,,,,
حضانة أحمد وضحى,Ahmed & Dahaa Nursery,إربد,إربد,الصريح,الصريح,KG-HASH-09CFD651-5,,,,,,
حضانة البداية السعيدة النموذجية,Happy Beginning Model Nursery,عمان,عمان,اليوبيل,شارع المدينة المنورة,KG-HASH-660684B1-5,,,,,,
حضانة أنا وأخي نمرح,Me & My Brother Play Nursery,مادبا,مادبا,اليرموك,شارع اليرموك,KG-HASH-9CFA6D03-5,,,,,,
حضانة جود وميرا,Jood & Mira Nursery,الزرقاء,الزرقاء,جبل المغير,قرب صيدلية شمع العسل,KG-HASH-39A390C9-5,,,,,,
حضانة ضوء القمر,Moonlight Nursery,عمان,عمان,الصويفية,قرب قرية الصويفية – شارع زكي الصويتي,KG-HASH-A1634816-5,,,,,,
حضانة بيت الحلوة للأطفال,Sweet Home Kids Nursery,عمان,عمان,الجاردنز,خلف مدارس الرأي – عمارة 20,KG-HASH-D1B5B898-5,,,,,,
حضانة الطفل العربي,Arab Child Nursery,إربد,إربد,الحي الشرقي,قرب أسواق المؤسسة العسكرية,KG-HASH-B8E907D2-5,,,,,,
حضانة حبايبنا,Our Darlings Nursery,إربد,إربد,النعيمة,النعيمة,KG-HASH-946430F8-5,,,,,,
حضانة الخطوات التعليمية,Educational Steps Nursery,عجلون,عجلون,عبين,خلف مطعم داريا – شارع إربد–عجلون,KG-HASH-A36C5601-5,,,,,,
حضانة فوفو ودودو,Fufu & Dodo Model Nursery,عمان,عمان,مرج الحمام,حي الأمير حمزة,KG-HASH-CC4AA39E-5,,,,,,
حضانة ورود المستقبل,Future Roses Nursery,عمان,عمان,الرونق,شارع الأصبه – بناية 6,KG-HASH-9EBF0C55-6,,,,,,
حضانة الانطباعات الأولى,First Impressions Nursery,إربد,إربد,الراهبات الوردية,غرب مسجد أبو دلو,KG-HASH-18EA009C-5,,,,,,
حضانة بابا سنفور,Papa Smurf Nursery,إربد,إربد,إربد,إربد,KG-HASH-C96222D2-5,,,,,,
حضانة جمعية الشابات المسيحية الخيرية-الفحيص,YWCA Al-Fuheis Nursery,البلقاء,السلط,الفحيص,خلف بيت الفحيص – شارع صبيان الحصان,KG-HASH-E90DA012-5,,,,,,
حضانة رياحين الجنة,Breezes of Paradise Nursery,عمان,عمان,شرق عمان,الهاشمي الشمالي – شارع الحارث العبدي,KG-HASH-5E4BFD57-5,,,,,,
حضانة خمسة وستون 65,65 Nursery,البلقاء,السلط,المدينة الرياضية,قرب مدارس السلط الأهلية,KG-HASH-B9CFA36F-5,,,,,,
حضانة جنة الورد,Rose Paradise Nursery,عجلون,عجلون,عين جنا,مبنى البلدية – وسط البلد,KG-HASH-9224266E-5,,,,,,
حضانة الكلمات الأولى,First Words Nursery,عمان,عمان,الصويفية,شارع سعيد المفتي – عمارة 16,KG-HASH-B7734AB4-6,,,,,,
حضانة زين ونانا,Zain & Nana Nursery,البلقاء,السلط,أم عليه,الشارع الرئيسي,KG-HASH-B22FB8B1-5,,,,,,
حضانة أفضل مكان لطفلك,Best Place for Your Child Nursery,إربد,إربد,إربد,,KG-HASH-52700EB7-5,,,,,,
حضانة زهور الليلك,Lilac Flowers Nursery,عمان,عمان,اليوبيل,مقابل مركز صحي أم السوس,KG-HASH-DC055CFC-5,,,,,,
المستوى الرفيع المتميز للتعليم,High Level Distinguished Education,عمان,عمان,الشميساني,شارع ابن الفارض 11,KG-HASH-CE292D29-5,,,,,,
حضانة المملكة الصغيرة,Small Kingdom Nursery,عمان,عمان,ضاحية الياسمين,شارع حفصة بنت عمرو 35,KG-HASH-4409DD81-5,,,,,,
حضانة أحلام المستقبل النموذجية,Dreams of the Future Model Nursery,مادبا,مادبا,الخطابية,الخطابية,KG-HASH-38D0B96A-5,,,,,,
حضانة عبق الربيع,Spring Fragrance Nursery,عمان,عمان,شرق عمان,طبربور – شارع قمر اليافي مقابل حلويات نفيسة,KG-HASH-6C1C8513-5,,,,,,
حضانة الانامل الذهبية,Golden Fingers Nursery,عمان,عمان,شرق عمان,ماركا الشمالية – شارع فاطمة الزهراء – مسجد فاطمة الزهراء,KG-HASH-4235AA00-9,,,,,,
حضانة حكايتي الصغيرة,My Little Story Nursery,عمان,عمان,الجبيهة,مقابل الجمعية العلمية الملكية – ط الأرضي,KG-HASH-41922AC3-9,,,,,,
حضانة براعم السكر,Sugar Buds Nursery,العقبة,العقبة,السكنية الثالثة,شارع العباسيين – بجانب مسجد سعد بن أبي وقاص,KG-HASH-4AA4B4D3-9,,,,,,
حضانة درجات صغيرة,Small Steps Nursery,عمان,عمان,اليوبيل,دوار البرديني – قرب مدارس الإشراق,KG-HASH-FF9AE220-9,,,,,,
حضانة أشكال النموذجية,Shapes Model Nursery,إربد,إربد,خلف مستشفى إربد التخصصي,0772155227,KG-IR-0011,,,,,,
حضانة لطفولة أرقى,Finer Childhood Nursery,الزرقاء,الزرقاء,مدينة الشرق,قرب دوار الطيارة,KG-HASH-0BA37A4E-9,,,,,,
حضانة سلمى وزين,Salma & Zain Nursery,البلقاء,السلط,البقيع,البقيع,KG-HASH-2761F2DE-9,,,,,,
حضانة هلا وغلا,Hala & Ghala Nursery,عمان,عمان,شرق عمان,طبربور – قرب إسكان الجيش – حديقة العهد والوفا – يوسف بني ياسين 9,KG-HASH-4CB76A0C-9,,,,,,
حضانة من الألف إلى الياء,From A to Z Nursery,عمان,عمان,جنوب عمان,مرج الحمام – إسكان عالية – فيلا 30,KG-AM-0491,,,,,,
حضانة الطفل السعيد,Happy Child Nursery,عمان,عمان,شرق عمان,ماركا الشمالية – حمزة – قرب مدرسة الشريف حسين,KG-HASH-0635148B-11,,,,,,
حضانة بدايات عظيمة,Great Beginnings Nursery,عمان,عمان,جبل الحسين,شارع إسماعيل بابوق 5,KG-HASH-6AD2B97C-11,,,,,,
حضانة ديمة النموذجية,Dima Model Nursery,البلقاء,السلط,شفا العامرية,شفا العامرية,KG-HASH-756B81D8-9,,,,,,
حضانة ضحكات الطفولة,Childhood Laughter Nursery,عمان,عمان,الشميساني,بناية 39 – شارع معروف الرصافي,KG-HASH-16722FFC-9,,,,,,
حضانة الأطفال السعداء,Happy Children Nursery,عمان,عمان,اليوبيل,مرج الحمام – شارع نالتشك – قرب مطعم دنيا المشاوي,KG-HASH-BE5F5773-9,,,,,,
حضانة جوان النموذجية,Jawan Model Nursery,الزرقاء,الزرقاء,الهاشمية,الحي الشرقي,KG-HASH-EBD119C2-9,,,,,,
حضانة نور الجبيهة,Nour Al-Jubeiha Nursery,عمان,عمان,الجبيهة,شارع مفلح اللوزي – بناية 32 – مقابل مفروشات شهوان,KG-HASH-68257B5B-9,,,,,,
حضانة وروضة رونق المودة,Ronaq Al-Mawaddah Nursery & KG,عمان,عمان,البيادر,شارع خضر قردن – مقابل النادي الأهلي,KG-HASH-0A2E8BF3-10,,,,,,
حضانة بريق النمارق,Briq Al-Namarq Nursery,البلقاء,السلط,البقعان,بجانب مدرسة فاطمة الزهراء,KG-HASH-C98B3A42-9,,,,,,
حضانة الأرض السعيدة,Happy Land Nursery,عمان,عمان,جنوب عمان,المقابلين – حي الصحابة – شارع عبد الكريم الخطاب,KG-HASH-A21959BA-9,,,,,,
حضانة الحمامي,Al-Hammami Nursery,عمان,عمان,الجبيهة,شارع الريان – أم زويتينة,KG-HASH-6C739D9A-9,,,,,,
أكاديمية مدرسة وروضة جنى دان,Jana Dan Academy & KG,الزرقاء,الزرقاء,بيرين,خلف النبعة,KG-HASH-63D4D1AC-9,,,,,,
حضانة شذى الورد,Shatha Al-Ward Nursery,عمان,عمان,شرق عمان,طبربور – شارع عجاج الهبارنة – قرب مسجد عباد الرحمن,KG-HASH-E4A8221D-9,,,,,,
حضانة بذور الغد,Seeds of Tomorrow Nursery,عمان,عمان,شرق عمان,إسكان الجيش – شارع عبدالقادر الزغول – باتجاه أبو عليا,KG-HASH-B85BE7B2-9,,,,,,
حضانة ناريمان النموذجية,Nariman Model Nursery,الرمثا,الرمثا,الرمثا,مقابل مدرسة جمانة,KG-HASH-A5004523-9,,,,,,
حضانة كوكب المرح الطفولي,Fun Planet Childhood Nursery,العقبة,العقبة,الثامنة,قرب مسجد الكالوتي,KG-HASH-1E3C633A-9,,,,,,
حضانة ورود الربيع,Spring Roses Nursery,البلقاء,السلط,ماحص,شارع المدارس,KG-HASH-3D270AC1-9,,,,,,
حضانة حسام وسبأ الحديثة,Husam & Saba Modern Nursery,إربد,إربد,الحصن,الحي الشرقي – شارع الكلية,KG-HASH-5DF86710-9,,,,,,
حضانة تكوين,Takween Nursery,عمان,عمان,شمال عمان,طلوع الجاذبية – قرب سوبرماركت ياهلا,KG-HASH-9112EFC2-9,,,,,,
حضانة الفطاحلة النموذجية,Al-Fatahilah Model Nursery,إربد,إربد,الحي الجنوبي,جنوب غرب دوار صحارى – 300 متر,KG-HASH-6FF73128-9,,,,,,
حضانة بيت السكاكر,Candy House Nursery,إربد,إربد,الراهبات الوردية,خلف مستشفى الراهبات الوردية – بجانب السور,KG-HASH-B3342EDC-9,,,,,,
حضانة القلب السعيد,Happy Heart Nursery,عمان,عمان,شرق عمان,ضاحية الأمير حسن – قرب مطعم الهنيني,KG-HASH-D57300DD-9,,,,,,
حضانة كوخ الدب,Bear Cabin Nursery,الزرقاء,الزرقاء,الجبل الشمالي,شارع الملك عبد الله الثاني,KG-HASH-7F0FA9DD-9,,,,,,
حضانة طيور المحبة,Birds of Love Nursery,عمان,عمان,جبل عمان,دوار ثاني – شارع المعتصم 55 – بجانب عمارة قناة الجزيرة,KG-HASH-39B76A94-15,,,,,,
حضانة الطفل الأمثل,Best Child Nursery,الزرقاء,الزرقاء,البتراوي,حي البتراوي,KG-HASH-9D52338B-15,,,,,,
حضانة اليوم السعيد,Al-Yawm Al-Saeed Nursery,عمان,عمان,بسمان/جبل النزهة,شارع الكويتية – بناية 15,KG-HASH-2B4CE2CE-6,,,,,,
حضانة فرح النموذجية,Farah Model Nursery,عمان,عمان,جبل الحسين,دوار الداخلية – نزول سرفيس العبدلي,KG-HASH-AA9129EC-6,,,,,,
روضة وحضانة نداء الطفولة,Nadaa Al-Tufulah Nursery & KG,عمان,عمان,شمال عمان,شارع البلدية بعد البنك الإسلامي مقابل ملحمة الخليل,KG-AM-0492,,,,,,
حضانة سيسو النموذجية,Siso Model Nursery,عمان,عمان,خلدا,قرب دوار السكر – مقابل سامح مول,KG-HASH-467ED77E-6,,,,,,
روضة ومدارس أكاديمية ريتال الدولية,Rital International Academy,عمان,عمان,ياجوز,تقاطع جسر ياجوز – شارع الأردن,KG-HASH-9932B088-6,,,,,,
حضانة قوس قزح النموذجية,Rainbow Model Nursery,عمان,عمان,الشميساني,الشميساني,KG-HASH-30C80BA5-6,,,,,,
شركة إبداع الطفولة,Ebdaa Al-Tufulah,عمان,عمان,شمال عمان,شارع شريفة زين – خلف روان كيك,KG-HASH-407914AF-6,,,,,,
حضانة الصياد الصغير,Little Hunter Nursery,عمان,عمان,جنوب عمان,مرج الحمام – شارع محمد بن طلال,KG-HASH-0D22143D-6,,,,,,
الشجرة المباركة للتعليم والاستثمار,Blessed Tree Education,عمان,عمان,شمال عمان,إشارة جبري – خلف بهجت سنتر,KG-HASH-3A27D298-5,,,,,,
حضانة نطاق الألوان المرحة,Color Range Fun Nursery,عمان,عمان,شرق عمان,شفا بدران – بجانب أكاديمية ريماس,KG-HASH-2605B857-6,,,,,,
حضانة زهور صغيرة,Little Flowers Nursery,عمان,عمان,الشميساني,شارع الفيحاء,KG-HASH-4E0BEFAA-6,,,,,,
حضانة المشاكس الصغير,Little Mischief Nursery,عمان,عمان,أم أذينة,شارع الكوفة – بناية 71,KG-HASH-0E557CFF-9,,,,,,
حضانة عبق عجلون النموذجية,Abq Ajloun Model Nursery,عجلون,عجلون,عبين,شارع إربد – مقابل صالة النورس,KG-HASH-5601454A-6,,,,,,
مؤسسة المنهل التربوية,Al-Manhal Educational Institution,عمان,عمان,الجامعة الأردنية,إسكان الجامعة الأردنية,KG-HASH-91358FF4-6,,,,,,
حضانة النحلة الصغيرة,Little Bee Nursery,عمان,عمان,الجاردنز,دخلة مطعم السروات,KG-AM-0493,,,,,,
حضانة مملكة السكر,Sugar Kingdom Nursery,عمان,عمان,شرق عمان,طبربور – شارع أسعد بن زرارة,KG-HASH-49966BEA-6,,,,,,
حضانة طوق الياسمين,Tawq Al-Yasmin Nursery,عمان,عمان,شرق عمان,طبربور – مظهر علاونة – بجانب موسيقات القوات,KG-HASH-984DF634-10,,,,,,
حضانة قمم الأشجار,Tree Tops Nursery,عمان,عمان,الشميساني,عبد الحميد كرامي – بناية 8,KG-HASH-D2C447CD-7,,,,,,
حضانة الخيوط اللامعة,Shining Threads Nursery,عمان,عمان,أبو السوس,إسكان الأمانة – حي الصنوبر,KG-HASH-FCF5F87B-6,,,,,,
حضانة الما وأيلا,Alma & Ayla Nursery,عمان,عمان,شمال عمان,ضاحية الرشيد – قبل سكن أميمة,KG-HASH-46291761-6,,,,,,
حضانة ماما رولا,Mama Rola Nursery,عمان,عمان,شرق عمان,شفا بدران – حي ذهيبة – خلف الكلحة – بناية 3,KG-HASH-51336EBC-6,,,,,,
حضانة حبات التوت,Raspberry Seeds Nursery,عمان,عمان,مرج الحمام,شارع مويى النهار,KG-AM-0494,,,,,,
حضانة أطفال تمارا,Tamara Kids Nursery,عمان,عمان,شمال عمان,خلف مطعم طواحين,KG-HASH-D54CBE34-6,,,,,,
حضانة أزهار بيسان,Bisan Flowers Nursery,عمان,عمان,شرق عمان,الهاشمي الشمالي – حي نايفة – مقابل وزارة الصحة,KG-HASH-F0D51A7A-6,,,,,,
حضانة دانة الدولية,Dana International Nursery,عمان,عمان,شمال عمان,تلاع العلي – خلف الهوليدي إن,KG-HASH-21F6AEA4-6,,,,,,
حضانة سالي وسلمى,Sally & Salma Nursery,عمان,عمان,شمال عمان,الجبيهة – مقابل الأحدث سابقاً,KG-HASH-50F99C52-6,,,,,,
حضانة وسيم النموذجية,Waseem Model Nursery,عمان,عمان,جنوب عمان,الأشرفية – حي أم تينة,KG-HASH-A737AF34-6,,,,,,
حضانة النحلة جولي,Jolly Bee Nursery,عمان,عمان,شرق عمان,طبربور – بجانب جامعة العلوم الإسلامية,KG-HASH-F9383D91-6,,,,,,
حضانة الأكواخ الملونة,Colored Cabins Nursery,عمان,عمان,الشميساني,شارع الجاحظ – مقابل مجمع السعيد,KG-HASH-89BDD1D1-10,,,,,,
حضانة النجوم المتلألئة,Twinkling Stars Nursery,عمان,عمان,اليوبيل,مرج الحمام – شارع نايف بن عاصم,KG-HASH-68E974B2-6,,,,,,
حضانة جنتي للأطفال,My Paradise Nursery,عمان,عمان,شمال عمان,خلدا – شارع المعارف – قرب مدرسة المعارف,KG-HASH-43031B1B-6,,,,,,
حضانة ميرا والمى,Mira & Al-Mi Nursery,عمان,عمان,جنوب عمان,شارع فايزة المعارجة,KG-HASH-7A601E38-6,,,,,,
حضانة عصافير الكرك,Karak Sparrows Nursery,الكرك,الكرك,الكرك,الثنية – الشارع الرئيسي,KG-HASH-B864861A-7,,,,,,
حضانة القطط الصغيرة,Little Kittens Nursery,عمان,عمان,شمال عمان,تلاع العلي – بجانب البشيتي – بناية 3,KG-HASH-F761251C-6,,,,,,
حضانة الطفل الحسن,Good Child Nursery,عمان,عمان,اليوبيل,بيادر وادي السير – الجندويل,KG-HASH-9B7848CF-6,,,,,,
روضة وحضانة أنا الصغير,Ana Al-Saghir Nursery & KG,عمان,عمان,شمال عمان,خرجا – دخلة مدارس الدر المنثور,KG-HASH-1070AA6D-6,,,,,,
حضانة القلب الكبير,Big Heart Nursery,إربد,إربد,إربد,قرب مضافة أبو سالم,KG-HASH-B233B2FD-6,,,,,,
حضانة قرية التوت العالمية,Global Berry Village Nursery,عمان,عمان,عمان المركز,دوار الكيلو – خلف البرجر كنج – عمارة 46,KG-HASH-6E5273CC-6,,,,,,
حضانة الجيل القادم,Next Generation Nursery,عمان,عمان,شمال عمان,المدينة الرياضية – شمس الدين الذهبي,KG-HASH-26164CE9-6,,,,,,
حضانة التباشير البيضاء,White Chalk Nursery,عمان,عمان,بين الدوار 6 وال7,شارع التباشير,KG-HASH-846C96F7-4,,,,,,
حضانة مونلايت,Moonlight Nursery,عمان,عمان,الشميساني,الشميساني,KG-AM-0495,,,,,,
حضانة فيرست ووردز,First Words Preschool,عمان,عمان,الصويفية,شارع سعيد المفتي – عمارة 16,KG-HASH-DDDF528F-5,,,,,,
روضة ومدرسة ليلى للتعليم الحديث,Leila Modern Education KG & School,عمان,عمان,طبربور,شارع محمد العويدات – مجمع 2,KG-AM-0496,,,,,,
حضانة ليتل ليرنرز,Little Learners Nursery,عمان,عمان,الرابية,شارع أنور الخطيب,KG-AM-0497,,,,,,
حضانة العلمي الممتع,Fun Science Nursery,عمان,عمان,اليوبيل,شارع عبد الله غوشة,KG-AM-0498,,,,,,
حضانة ميني مي,Mini Me Nursery,عمان,عمان,خلدا,شارع الأمير زيد,KG-AM-0499,,,,,,
حضانة الانطلاقة,Al Intilaqa Nursery,عمان,عمان,الصويفية,شارع بخيت العيسى,KG-HASH-526522B6-4,,,,,,
حضانة كوكون,Cocoon Nursery,عمان,عمان,الرابية,شارع محمد الخماش,KG-AM-0500,,,,,,
حضانة زهور المستقبل,Future Flowers Nursery,عمان,عمان,الرونق,شارع الأسبح – فيلا 6,KG-HASH-F845F6B6-5,,,,,,
حضانة نهج المعرفة,Nahj Al-Ma’rifa KG,عمان,عمان,الدوار الثامن,الدوار الثامن,KG-AM-0501,,,,,,
روضة بوك أند براش,Book n Brush KG,عمان,عمان,الصويفية,شارع زهدي عصفور,KG-AM-0502,,,,,,
حضانة البدايات المشرقة,Bright Beginnings Nursery,عمان,عمان,أم أذينة,شارع الدمام 48,KG-HASH-D7CFF932-4,,,,,,
حضانة وروضة وورلد كرياتيف,Creative World Nursery & KG,عمان,عمان,الرابية,شارع إبراهيم القطان 22,KG-AM-0503,,,,,,
حضانة الأطفال السعداء (2),Happy Kids Nursery (2),عمان,عمان,السهل,السهل,KG-AM-0504,,,,,,
حضانة السندريلا,Cinderella Nursery,عمان,عمان,جبل الحسين,شارع الملك عبد الله الثاني 2,KG-HASH-0A54A420-4,,,,,,
روضة ينابيع العلم,Yanabe’ Al-Ilm KG,عمان,عمان,البيادر,مقسم العطار – شارع البيادر,KG-AM-0505,,,,,,
حضانة السوبر ناني,Super Nanny Nursery,عمان,عمان,المرج,المرج,KG-HASH-63B6BE81-4,,,,,,
حضانة ميلكي تيث,Milky Teeth KG Nursery,عمان,عمان,خلدا,خلدا,KG-AM-0506,,,,,,
حضانة ستارفيش,Starfish Nursery,عمان,عمان,الرابية,شارع أنوارين مسمار 4,KG-AM-0507,,,,,,
حضانة ليتل هاندز,Little Hands Nursery,عمان,عمان,خلدا,خلدا,KG-AM-0508,,,,,,
حضانة وروضة ستيبينج ستون,Stepping Stone Preschool & Nursery,عمان,عمان,أم السماق,شارع أرتيريا 50,KG-AM-0509,,,,,,
حضانة آدم كيدز,Adam Kids Nursery,عمان,عمان,عبدون,عبدون,KG-AM-0510,,,,,,
حضانة رونق المودة,Ronaq Al-Mawaddah Nursery,عمان,عمان,البيادر,شارع خضر قردن – مقابل النادي الأهلي,KG-HASH-AFC636DF-5,,,,,,
حضانة أمبريلا,Umbrella Nursery,عمان,عمان,اليوبيل,اليوبيل,KG-AM-0511,,,,,,
حضانة وروضة المتفوقين أكاديمي,Al Mutafawqeen Academy KG & School,عمان,عمان,خلدا,شارع أيوب السختياني 14,KG-AM-0512,,,,,,
حضانة منزلي الكبير,My Big House Nursery,عمان,عمان,الشميساني,شارع الشريف ناصر بن جميل 78,KG-AM-0513,,,,,,
روضة أكاديمية الأطفال الرائعين,Wonderful Kids Academy KG,عمان,عمان,اليوبيل,شارع محمد العجلوني,KG-AM-0514,,,,,,
حضانة وروضة كراميل,Caramel Nursery & KG,عمان,عمان,خلدا,شارع الأميرة زينب 63,KG-AM-0515,,,,,,
حضانة بز بي,BuzzBee Nursery,عمان,عمان,خلدا,خلدا,KG-AM-0516,,,,,,
روضة وابه,Wabe KG,عمان,عمان,طبربور,شارع صدقي أبو شقرة,KG-AM-0517,,,,,,
حضانة سيفتي هاوس,Safety House Nursery,عمان,عمان,خلدا,شارع المعارف – خلدا,KG-AM-0518,,,,,,
حضانة ليتل بي,Little Bee Nursery,عمان,عمان,اليوبيل,اليوبيل,KG-AM-0519,,,,,,
روضة و حضانة هيل هاوس,Hill House KG & Nursery,عمان,عمان,الشميساني,شارع محمد علي بدير 37,KG-AM-0520,,,,,,
حضانة سويت آند نوتي,Sweet and Naughty Nursery,عمان,عمان,الشميساني,الشميساني,KG-AM-0521,,,,,,
حضانة كيدز فالي,Kids Valley Nursery,عمان,عمان,الشميساني,شارع يوسف بن تاشفين 5,KG-AM-0522,,,,,,
حضانة ليتل جاردن,Little Garden Pre & Nursery,عمان,عمان,خلدا,خلدا,KG-AM-0523,,,,,,
حضانة راقي الدولية,Raqi International Preschool,عمان,عمان,الرابية,شارع رفاعة بن أوس 46,KG-AM-0524,,,,,,
حضانة السلام,Al-Salam Nursery,عمان,عمان,الكرسي,الكرسي,KG-AM-0525,,,,,,
حضانة ستدي بلاي,Study Play KG,عمان,عمان,خلدا,شارع الشيخ حسين الجسر 44,KG-AM-0526,,,,,,
حضانة فيرست ستيب,First Step Nursery,عمان,عمان,اليوبيل,اليوبيل,KG-AM-0527,,,,,,
حضانة كينزي,Kenzi KG,عمان,عمان,طبربور,شارع فاضل أحمد خليفة 20,KG-AM-0528,,,,,,
حضانة ليتل بروفيسورز أكاديمي,Little Professors Academy,عمان,عمان,خلدا,شارع أبهى 11,KG-AM-0529,,,,,,
حضانة زين,Zain Nursery,عمان,عمان,اليوبيل,شارع الإخلاص 31,KG-AM-0530,,,,,,
حضانة وروضة ليونز كينجدوم,Lions Kingdom Nursery & Pre-school,عمان,عمان,دابوق,شارع يثرب 9,KG-AM-0531,,,,,,
روضة و حضانة المجد الوطنية,Al Majd National Academy KG,عمان,عمان,خلدا,شارع الفقهاء – مجمع 4,KG-AM-0532,,,,,,
حضانة وايت لاينز,White Lines Nursery,عمان,عمان,خلدا,شارع أم الدنانير – خلدا,KG-AM-0533,,,,,,
حضانة لارا,Lara Nursery,عمان,عمان,تلاع العلي,خلف سوبر ماركت الأهالي,KG-HASH-4E021CE0-4,,,,,,
حضانة عطر الجوري,Atr Al-Jouri Nursery,عمان,عمان,الياسمين,شارع محمد سالم الثوايب,KG-AM-0534,,,,,,
حضانة وروضة هابي فايسيز,Happy Faces Nursery & Preschool,عمان,عمان,اليوبيل,شارع ثويبة بن حرملة,KG-AM-0535,,,,,,
حضانة آرت كير,Art Care Nursery,عمان,عمان,خلدا,شارع عروة بن أذينة,KG-AM-0536,,,,,,
حضانة وروضة ستيب باي ستيب,Step By Step Preschool,عمان,عمان,الرابية,شارع وديع قسطندي 3,KG-AM-0537,,,,,,
حضانة وروضة ليتل لاند,Little Land Nursery & Preschool,عمان,عمان,الشميساني,شارع الأشعري 15,KG-AM-0538,,,,,,
حضانة دانا,Dana Nursery,عمان,عمان,خلدا,كنيسة كرم إمسيح – خلدا,KG-AM-0539,,,,,,
حضانة بانان دي كير,Banan Daycare,عمان,عمان,اليوبيل,شارع موسى الساكت 76,KG-AM-0540,,,,,,
حضانة كولورز تري,Colors Tree Nursery,عمان,عمان,خلدا,شارع عيسى أبو قدوم 6,KG-AM-0541,,,,,,
حضانة كرادل تو كرايون,Cradle to Crayon Nursery,عمان,عمان,اليوبيل,شارع أحمد عرابي,KG-AM-0542,,,,,,
روضة أيوب,Ayoub KG,عمان,عمان,الشميساني,شارع أحمد أوكلة النصور,KG-AM-0543,,,,,,
روضة و حضانة نحن الأطفال,Nahnu Al-Atfal Nursery & KG,عمان,عمان,جبل الحسين,شارع عز الدين القسام,KG-AM-0544,,,,,,
حضانة وروضة صنلايت,Sunlight Nursery & Pre-School,عمان,عمان,الرابية,شارع نهاوند – الرابية,KG-AM-0545,,,,,,
روضة و حضانة عالم الصغار,Aalam Al-Sighar Nursery & KG,عمان,عمان,الشميساني,شارع أسيد بن ثعلبة,KG-AM-0546,,,,,,
حضانة كُن طفلًا,Kun Tiflan Nursery,عمان,عمان,اليوبيل,شارع تعز,KG-AM-0547,,,,,,
حضانة تري توبس,Tree Tops Nursery,عمان,عمان,الشميساني,شارع عبد الحميد كرامي,KG-HASH-AE47A5BB-7,,,,,,
روضة هابي هارت,Happy Heart Kindergarten,عمان,عمان,اليوبيل,مجمع النور – شارع محمد بن غطوس,KG-AM-0548,,,,,,
حضانة بامبل بي,Bumble Bee Preschool,عمان,عمان,الرابية,شارع تبريز,KG-AM-0549,,,,,,
حضانة الما وايلا,Alma and Ayla Nursery,عمان,عمان,ضاحية الرشيد,قبل سكن أميمة,KG-HASH-5755C175-6,,,,,,
حضانة ليديبرد,Ladybird Nursery,عمان,عمان,الشميساني,شارع يوسف بن تاشفين,KG-AM-0550,,,,,,
حضانة داندون,Dandoon Nursery,عمان,عمان,خلدا,شارع عبد الله الأعزب,KG-AM-0551,,,,,,
حضانة إيرلي بيرد (تلاع العلي),Early Bird Nursery (Tala Al-Ali),عمان,عمان,تلاع العلي,مجمع 44 – شارع عبد الحليم عباس,KG-AM-0552,,,,,,
روضة الطفل السعيد,Al-Tifl Al-Saeed KG,عمان,عمان,شرق عمان,ماركا الشمالية – حمزة,KG-HASH-BCCAE8EB-6,,,,,,
حضانة هيا سبراوتس,Haya Sprouts Preschool,عمان,عمان,خلدا,شاكر بن زيد,KG-AM-0553,,,,,,
حضانة بيتي الصغير,My Little Home Nursery,عمان,عمان,شمال عمان,يوسف بن تاشفين 20 – الشميساني,KG-HASH-A45EF066-6,,,,,,
روضة كيدز واي,Kids Way Kindergarten,عمان,عمان,خلدا,شارع الأوزاعي – مجمع 11,KG-AM-0554,,,,,,
حضانة جريت بيجينينجز,Great Beginnings Child Care,عمان,عمان,جبل الحسين,شارع إسماعيل بابوق,KG-HASH-3561F16A-6,,,,,,
حضانة ليتل ستيبس,Little Steps Nursery,عمان,عمان,خلدا,شارع الشيخ حسين الجسر,KG-AM-0555,,,,,,
حضانة رايت ستارت,Right Start Nursery,عمان,عمان,اليوبيل,اليوبيل,KG-AM-0556,,,,,,
روضة الأصدقاء المبدعين,Creative Friends KG,عمان,عمان,خلدا,شارع عبد الله بن مسعود 20,KG-AM-0557,,,,,,
حضانة ليتل فلاورز,Little Flowers Day Nursery,عمان,عمان,خلدا,خلدا,KG-AM-0558,,,,,,
حضانة كيدز ستيبس,Kids Steps Nursery,عمان,عمان,الرابية,شارع تلمسان – مجمع 5,KG-AM-0559,,,,,,
حضانة شيري تري,Cherry Tree Nursery,عمان,عمان,جبل الحسين,شارع محمد جمجوم – مجمع 2,KG-AM-0560,,,,,,
حضانة ثراء كيدز,Thraa Kids Nursery,عمان,عمان,شرق عمان,شرق عمان,KG-AM-0561,,,,,,
حضانة الفقاعة المضحكة,Funny Bubble Nursery,عمان,عمان,أم السماق,شارع عطيوي المجالي – بناية 26,KG-HASH-68475EC4-14,,,,,,
حضانة طيور المحبة,Birds of Love Nursery,عمان,عمان,جبل عمان,دوار ثاني – شارع المعتصم 55 – بجانب عمارة قناة الجزيرة,KG-HASH-39B76A94-16,,,,,,
حضانة ريتان,Ritan Nursery,إربد,إربد,الحي الشرقي,خلف حلويات الكت والكات,KG-HASH-63C89E6F-14,,,,,,
حضانة الطفل الأمثل,Best Child Nursery,الزرقاء,الزرقاء,البتراوي,حي البتراوي,KG-HASH-9D52338B-16,,,,,,
حضانة أطفال الرونق,Ronaq Kids Nursery,عمان,عمان,الرونق,شارع محمد علي حسين الكردي – عمارة 30,KG-HASH-F80BBEEE-6,,,,,,
حضانة البالون,Balloon Nursery,عمان,عمان,الدوار السابع,بجانب فندق جنيفا,KG-HASH-B3A79E1B-6,,,,,,
حضانة براعم الرمثا التعليمية والنموذجية,Baraem Al-Ramtha Educational & Model,الرمثا,الرمثا,الرئيسي,الرئيسي,KG-HASH-E7F2DA07-6,,,,,,
حضانة النبات السليم,Healthy Plant Nursery,عمان,عمان,طبربور,حي الشهيد الجنوبي,KG-HASH-F9974F8A-6,,,,,,
حضانة أرض النجوم,Land of Stars Nursery,عمان,عمان,ضاحية الرشيد,مقابل مدرسة تقارب,KG-HASH-2AB7CA43-7,,,,,,
حضانة صقور العزة,Falcons of Pride Nursery,عمان,عمان,أبو نصير,شارع السعادة,KG-HASH-0CF80CD3-6,,,,,,
حضانة أطفال التوت البري,Wild Berry Kids Nursery,عمان,عمان,اليوبيل,شارع عبدالله غوشة – بجانب مسجد أحد,KG-HASH-6F0E538C-6,,,,,,
حضانة أنس وأمير,Anas & Amir Nursery,عمان,عمان,الجبيهة,حي الريان – شارع المريري,KG-HASH-4EF9D4C1-6,,,,,,
حضانة ألوان الفرح للأطفال,Colors of Joy Nursery,عمان,عمان,شرق عمان,حي العبداللات – بجانب مدرسة الكندي,KG-HASH-74D75DC4-6,,,,,,
حضانة أحمد وضحى,Ahmed & Dahaa Nursery,إربد,إربد,الصريح,الصريح,KG-HASH-09CFD651-6,,,,,,
حضانة البداية السعيدة النموذجية,Happy Beginning Model Nursery,عمان,عمان,اليوبيل,شارع المدينة المنورة,KG-HASH-660684B1-6,,,,,,
حضانة أنا وأخي نمرح,Me & My Brother Play Nursery,مادبا,مادبا,اليرموك,شارع اليرموك,KG-HASH-9CFA6D03-6,,,,,,
حضانة جود وميرا,Jood & Mira Nursery,الزرقاء,الزرقاء,جبل المغير,قرب صيدلية شمع العسل,KG-HASH-39A390C9-6,,,,,,
حضانة ضوء القمر,Moonlight Nursery,عمان,عمان,الصويفية,قرب قرية الصويفية – شارع زكي الصويتي,KG-HASH-A1634816-6,,,,,,
حضانة بيت الحلوة للأطفال,Sweet Home Kids Nursery,عمان,عمان,الجاردنز,خلف مدارس الرأي – عمارة 20,KG-HASH-D1B5B898-6,,,,,,
حضانة الطفل العربي,Arab Child Nursery,إربد,إربد,الحي الشرقي,قرب أسواق المؤسسة العسكرية,KG-HASH-B8E907D2-6,,,,,,
حضانة حبايبنا,Our Darlings Nursery,إربد,إربد,النعيمة,النعيمة,KG-HASH-946430F8-6,,,,,,
حضانة الخطوات التعليمية,Educational Steps Nursery,عجلون,عجلون,عبين,خلف مطعم داريا – شارع إربد–عجلون,KG-HASH-A36C5601-6,,,,,,
حضانة فوفو ودودو,Fufu & Dodo Model Nursery,عمان,عمان,مرج الحمام,حي الأمير حمزة,KG-HASH-CC4AA39E-6,,,,,,
حضانة ورود المستقبل,Future Roses Nursery,عمان,عمان,الرونق,شارع الأصبه – بناية 6,KG-HASH-9EBF0C55-7,,,,,,
حضانة الانطباعات الأولى,First Impressions Nursery,إربد,إربد,الراهبات الوردية,غرب مسجد أبو دلو,KG-HASH-18EA009C-6,,,,,,
حضانة بابا سنفور,Papa Smurf Nursery,إربد,إربد,إربد,إربد,KG-HASH-C96222D2-6,,,,,,
حضانة جمعية الشابات المسيحية الخيرية-الفحيص,YWCA Al-Fuheis Nursery,البلقاء,السلط,الفحيص,خلف بيت الفحيص – شارع صبيان الحصان,KG-HASH-E90DA012-6,,,,,,
حضانة رياحين الجنة,Breezes of Paradise Nursery,عمان,عمان,شرق عمان,الهاشمي الشمالي – شارع الحارث العبدي,KG-HASH-5E4BFD57-6,,,,,,
حضانة خمسة وستون 65,65 Nursery,البلقاء,السلط,المدينة الرياضية,قرب مدارس السلط الأهلية,KG-HASH-B9CFA36F-6,,,,,,
حضانة جنة الورد,Rose Paradise Nursery,عجلون,عجلون,عين جنا,مبنى البلدية – وسط البلد,KG-HASH-9224266E-6,,,,,,
حضانة الكلمات الأولى,First Words Nursery,عمان,عمان,الصويفية,شارع سعيد المفتي – عمارة 16,KG-HASH-B7734AB4-7,,,,,,
حضانة زين ونانا,Zain & Nana Nursery,البلقاء,السلط,أم عليه,الشارع الرئيسي,KG-HASH-B22FB8B1-6,,,,,,
حضانة أفضل مكان لطفلك,Best Place for Your Child Nursery,إربد,إربد,إربد,,KG-HASH-52700EB7-6,,,,,,
حضانة زهور الليلك,Lilac Flowers Nursery,عمان,عمان,اليوبيل,مقابل مركز صحي أم السوس,KG-HASH-DC055CFC-6,,,,,,
المستوى الرفيع المتميز للتعليم,High Level Distinguished Education,عمان,عمان,الشميساني,شارع ابن الفارض 11,KG-HASH-CE292D29-6,,,,,,
حضانة المملكة الصغيرة,Small Kingdom Nursery,عمان,عمان,ضاحية الياسمين,شارع حفصة بنت عمرو 35,KG-HASH-4409DD81-6,,,,,,
حضانة أحلام المستقبل النموذجية,Dreams of the Future Model Nursery,مادبا,مادبا,الخطابية,الخطابية,KG-HASH-38D0B96A-6,,,,,,
حضانة عبق الربيع,Spring Fragrance Nursery,عمان,عمان,شرق عمان,طبربور – شارع قمر اليافي مقابل حلويات نفيسة,KG-HASH-6C1C8513-6,,,,,,
حضانة الانامل الذهبية,Golden Fingers Nursery,عمان,عمان,شرق عمان,ماركا الشمالية – شارع فاطمة الزهراء – مسجد فاطمة الزهراء,KG-HASH-4235AA00-10,,,,,,
حضانة حكايتي الصغيرة,My Little Story Nursery,عمان,عمان,الجبيهة,مقابل الجمعية العلمية الملكية – ط الأرضي,KG-HASH-41922AC3-10,,,,,,
حضانة براعم السكر,Sugar Buds Nursery,العقبة,العقبة,السكنية الثالثة,شارع العباسيين – بجانب مسجد سعد بن أبي وقاص,KG-HASH-4AA4B4D3-10,,,,,,
حضانة درجات صغيرة,Small Steps Nursery,عمان,عمان,اليوبيل,دوار البرديني – قرب مدارس الإشراق,KG-HASH-FF9AE220-10,,,,,,
حضانة أشكال النموذجية,Shapes Model Nursery,إربد,إربد,خلف مستشفى إربد التخصصي,0772155227,KG-IR-0012,,,,,,
حضانة لطفولة أرقى,Finer Childhood Nursery,الزرقاء,الزرقاء,مدينة الشرق,قرب دوار الطيارة,KG-HASH-0BA37A4E-10,,,,,,
حضانة سلمى وزين,Salma & Zain Nursery,البلقاء,السلط,البقيع,البقيع,KG-HASH-2761F2DE-10,,,,,,
حضانة هلا وغلا,Hala & Ghala Nursery,عمان,عمان,شرق عمان,طبربور – قرب إسكان الجيش – حديقة العهد والوفا – يوسف بني ياسين 9,KG-HASH-4CB76A0C-10,,,,,,
حضانة من الألف إلى الياء,From A to Z Nursery,عمان,عمان,جنوب عمان,مرج الحمام – إسكان عالية – فيلا 30,KG-AM-0562,,,,,,
حضانة الطفل السعيد,Happy Child Nursery,عمان,عمان,شرق عمان,ماركا الشمالية – حمزة – قرب مدرسة الشريف حسين,KG-HASH-0635148B-12,,,,,,
حضانة بدايات عظيمة,Great Beginnings Nursery,عمان,عمان,جبل الحسين,شارع إسماعيل بابوق 5,KG-HASH-6AD2B97C-12,,,,,,
حضانة ديمة النموذجية,Dima Model Nursery,البلقاء,السلط,شفا العامرية,شفا العامرية,KG-HASH-756B81D8-10,,,,,,
حضانة ضحكات الطفولة,Childhood Laughter Nursery,عمان,عمان,الشميساني,بناية 39 – شارع معروف الرصافي,KG-HASH-16722FFC-10,,,,,,
حضانة الأطفال السعداء,Happy Children Nursery,عمان,عمان,اليوبيل,مرج الحمام – شارع نالتشك – قرب مطعم دنيا المشاوي,KG-HASH-BE5F5773-10,,,,,,
حضانة جوان النموذجية,Jawan Model Nursery,الزرقاء,الزرقاء,الهاشمية,الحي الشرقي,KG-HASH-EBD119C2-10,,,,,,
حضانة نور الجبيهة,Nour Al-Jubeiha Nursery,عمان,عمان,الجبيهة,شارع مفلح اللوزي – بناية 32 – مقابل مفروشات شهوان,KG-HASH-68257B5B-10,,,,,,
حضانة وروضة رونق المودة,Ronaq Al-Mawaddah Nursery & KG,عمان,عمان,البيادر,شارع خضر قردن – مقابل النادي الأهلي,KG-HASH-0A2E8BF3-11,,,,,,
حضانة بريق النمارق,Briq Al-Namarq Nursery,البلقاء,السلط,البقعان,بجانب مدرسة فاطمة الزهراء,KG-HASH-C98B3A42-10,,,,,,
حضانة الأرض السعيدة,Happy Land Nursery,عمان,عمان,جنوب عمان,المقابلين – حي الصحابة – شارع عبد الكريم الخطاب,KG-HASH-A21959BA-10,,,,,,
حضانة الحمامي,Al-Hammami Nursery,عمان,عمان,الجبيهة,شارع الريان – أم زويتينة,KG-HASH-6C739D9A-10,,,,,,
أكاديمية مدرسة وروضة جنى دان,Jana Dan Academy & KG,الزرقاء,الزرقاء,بيرين,خلف النبعة,KG-HASH-63D4D1AC-10,,,,,,
حضانة شذى الورد,Shatha Al-Ward Nursery,عمان,عمان,شرق عمان,طبربور – شارع عجاج الهبارنة – قرب مسجد عباد الرحمن,KG-HASH-E4A8221D-10,,,,,,
حضانة بذور الغد,Seeds of Tomorrow Nursery,عمان,عمان,شرق عمان,إسكان الجيش – شارع عبدالقادر الزغول – باتجاه أبو عليا,KG-HASH-B85BE7B2-10,,,,,,
حضانة ناريمان النموذجية,Nariman Model Nursery,الرمثا,الرمثا,الرمثا,مقابل مدرسة جمانة,KG-HASH-A5004523-10,,,,,,
حضانة كوكب المرح الطفولي,Fun Planet Childhood Nursery,العقبة,العقبة,الثامنة,قرب مسجد الكالوتي,KG-HASH-1E3C633A-10,,,,,,
حضانة ورود الربيع,Spring Roses Nursery,البلقاء,السلط,ماحص,شارع المدارس,KG-HASH-3D270AC1-10,,,,,,
حضانة حسام وسبأ الحديثة,Husam & Saba Modern Nursery,إربد,إربد,الحصن,الحي الشرقي – شارع الكلية,KG-HASH-5DF86710-10,,,,,,
حضانة تكوين,Takween Nursery,عمان,عمان,شمال عمان,طلوع الجاذبية – قرب سوبرماركت ياهلا,KG-HASH-9112EFC2-10,,,,,,
حضانة الفطاحلة النموذجية,Al-Fatahilah Model Nursery,إربد,إربد,الحي الجنوبي,جنوب غرب دوار صحارى – 300 متر,KG-HASH-6FF73128-10,,,,,,
حضانة بيت السكاكر,Candy House Nursery,إربد,إربد,الراهبات الوردية,خلف مستشفى الراهبات الوردية – بجانب السور,KG-HASH-B3342EDC-10,,,,,,
حضانة القلب السعيد,Happy Heart Nursery,عمان,عمان,شرق عمان,ضاحية الأمير حسن – قرب مطعم الهنيني,KG-HASH-D57300DD-10,,,,,,
حضانة كوخ الدب,Bear Cabin Nursery,الزرقاء,الزرقاء,الجبل الشمالي,شارع الملك عبد الله الثاني,KG-HASH-7F0FA9DD-10,,,,,,
حضانة هابي داي,Happy Day Nursery,عمان,عمان,اليوبيل,شارع النزهة 15,KG-AM-0563,,,,,,
حضانة لحن الحياة,Lahn Al-Hayat Nursery,عمان,عمان,جنوب عمان,إسحاق بن حنين – الياسمين – بناية 7,KG-HASH-BFA7C561,,,,2.html,فرع جنوب عمان,Matched existing record by normalized Arabic nursery name; not appended as duplicate.
حضانة طلال ونورة,Talal wa Noura Nursery,عمان,عمان,الرابية,شارع عرار 205,KG-AM-0564,,,,,,
حضانة كيه سيتي,K-City Nursery,عمان,عمان,تلاع العلي,شارع سامر رمّانة,KG-AM-0565,,,,,,
حضانة نجوم المرج النموذجية,Nujoom Al-Murj Model Nursery,عمان,عمان,المرج,المرج,KG-AM-0566,,,,,,
حضانة اليوم السعيد,Al-Yawm Al-Saeed Nursery,عمان,عمان,بسمان/جبل النزهة,شارع الكويتية – بناية 15,KG-HASH-2B4CE2CE-7,,,,,,
حضانة فرح النموذجية,Farah Model Nursery,عمان,عمان,جبل الحسين,دوار الداخلية – نزول سرفيس العبدلي,KG-HASH-AA9129EC-7,,,,,,
روضة وحضانة نداء الطفولة,Nadaa Al-Tufulah Nursery & KG,عمان,عمان,شمال عمان,شارع البلدية بعد البنك الإسلامي مقابل ملحمة الخليل,KG-AM-0567,,,,,,
حضانة سيسو النموذجية,Siso Model Nursery,عمان,عمان,خلدا,قرب دوار السكر – مقابل سامح مول,KG-HASH-467ED77E-7,,,,,,
روضة ومدارس أكاديمية ريتال الدولية,Rital International Academy,عمان,عمان,ياجوز,تقاطع جسر ياجوز – شارع الأردن,KG-HASH-9932B088-7,,,,,,
حضانة قوس قزح النموذجية,Rainbow Model Nursery,عمان,عمان,الشميساني,الشميساني,KG-HASH-30C80BA5-7,,,,,,
شركة إبداع الطفولة,Ebdaa Al-Tufulah,عمان,عمان,شمال عمان,شارع شريفة زين – خلف روان كيك,KG-HASH-407914AF-7,,,,,,
حضانة الصياد الصغير,Little Hunter Nursery,عمان,عمان,جنوب عمان,مرج الحمام – شارع محمد بن طلال,KG-HASH-0D22143D-7,,,,,,
الشجرة المباركة للتعليم والاستثمار,Blessed Tree Education,عمان,عمان,شمال عمان,إشارة جبري – خلف بهجت سنتر,KG-HASH-3A27D298-6,,,,,,
حضانة نطاق الألوان المرحة,Color Range Fun Nursery,عمان,عمان,شرق عمان,شفا بدران – بجانب أكاديمية ريماس,KG-HASH-2605B857-7,,,,,,
حضانة زهور صغيرة,Little Flowers Nursery,عمان,عمان,الشميساني,شارع الفيحاء,KG-HASH-4E0BEFAA-7,,,,,,
حضانة المشاكس الصغير,Little Mischief Nursery,عمان,عمان,أم أذينة,شارع الكوفة – بناية 71,KG-HASH-0E557CFF-10,,,,,,
حضانة عبق عجلون النموذجية,Abq Ajloun Model Nursery,عجلون,عجلون,عبين,شارع إربد – مقابل صالة النورس,KG-HASH-5601454A-7,,,,,,
مؤسسة المنهل التربوية,Al-Manhal Educational Institution,عمان,عمان,الجامعة الأردنية,إسكان الجامعة الأردنية,KG-HASH-91358FF4-7,,,,,,
حضانة النحلة الصغيرة,Little Bee Nursery,عمان,عمان,الجاردنز,دخلة مطعم السروات,KG-AM-0568,,,,,,
حضانة مملكة السكر,Sugar Kingdom Nursery,عمان,عمان,شرق عمان,طبربور – شارع أسعد بن زرارة,KG-HASH-49966BEA-7,,,,,,
حضانة طوق الياسمين,Tawq Al-Yasmin Nursery,عمان,عمان,شرق عمان,طبربور – مظهر علاونة – بجانب موسيقات القوات,KG-HASH-984DF634-11,,,,,,
حضانة قمم الأشجار,Tree Tops Nursery,عمان,عمان,الشميساني,عبد الحميد كرامي – بناية 8,KG-HASH-D2C447CD-8,,,,,,
حضانة الخيوط اللامعة,Shining Threads Nursery,عمان,عمان,أبو السوس,إسكان الأمانة – حي الصنوبر,KG-HASH-FCF5F87B-7,,,,,,
حضانة الما وأيلا,Alma & Ayla Nursery,عمان,عمان,شمال عمان,ضاحية الرشيد – قبل سكن أميمة,KG-HASH-46291761-7,,,,,,
حضانة ماما رولا,Mama Rola Nursery,عمان,عمان,شرق عمان,شفا بدران – حي ذهيبة – خلف الكلحة – بناية 3,KG-HASH-51336EBC-7,,,,,,
حضانة حبات التوت,Raspberry Seeds Nursery,عمان,عمان,مرج الحمام,شارع مويى النهار,KG-AM-0569,,,,,,
حضانة أطفال تمارا,Tamara Kids Nursery,عمان,عمان,شمال عمان,خلف مطعم طواحين,KG-HASH-D54CBE34-7,,,,,,
حضانة أزهار بيسان,Bisan Flowers Nursery,عمان,عمان,شرق عمان,الهاشمي الشمالي – حي نايفة – مقابل وزارة الصحة,KG-HASH-F0D51A7A-7,,,,,,
حضانة دانة الدولية,Dana International Nursery,عمان,عمان,شمال عمان,تلاع العلي – خلف الهوليدي إن,KG-HASH-21F6AEA4-7,,,,,,
حضانة سالي وسلمى,Sally & Salma Nursery,عمان,عمان,شمال عمان,الجبيهة – مقابل الأحدث سابقاً,KG-HASH-50F99C52-7,,,,,,
حضانة وسيم النموذجية,Waseem Model Nursery,عمان,عمان,جنوب عمان,الأشرفية – حي أم تينة,KG-HASH-A737AF34-7,,,,,,
حضانة النحلة جولي,Jolly Bee Nursery,عمان,عمان,شرق عمان,طبربور – بجانب جامعة العلوم الإسلامية,KG-HASH-F9383D91-7,,,,,,
حضانة الأكواخ الملونة,Colored Cabins Nursery,عمان,عمان,الشميساني,شارع الجاحظ – مقابل مجمع السعيد,KG-HASH-89BDD1D1-11,,,,,,
حضانة النجوم المتلألئة,Twinkling Stars Nursery,عمان,عمان,اليوبيل,مرج الحمام – شارع نايف بن عاصم,KG-HASH-68E974B2-7,,,,,,
حضانة جنتي للأطفال,My Paradise Nursery,عمان,عمان,شمال عمان,خلدا – شارع المعارف – قرب مدرسة المعارف,KG-HASH-43031B1B-7,,,,,,
حضانة ميرا والمى,Mira & Al-Mi Nursery,عمان,عمان,جنوب عمان,شارع فايزة المعارجة,KG-HASH-7A601E38-7,,,,,,
حضانة عصافير الكرك,Karak Sparrows Nursery,الكرك,الكرك,الكرك,الثنية – الشارع الرئيسي,KG-HASH-B864861A-8,,,,,,
حضانة القطط الصغيرة,Little Kittens Nursery,عمان,عمان,شمال عمان,تلاع العلي – بجانب البشيتي – بناية 3,KG-HASH-F761251C-7,,,,,,
حضانة الطفل الحسن,Good Child Nursery,عمان,عمان,اليوبيل,بيادر وادي السير – الجندويل,KG-HASH-9B7848CF-7,,,,,,
روضة وحضانة أنا الصغير,Ana Al-Saghir Nursery & KG,عمان,عمان,شمال عمان,خرجا – دخلة مدارس الدر المنثور,KG-HASH-1070AA6D-7,,,,,,
حضانة القلب الكبير,Big Heart Nursery,إربد,إربد,إربد,قرب مضافة أبو سالم,KG-HASH-B233B2FD-7,,,,,,
حضانة قرية التوت العالمية,Global Berry Village Nursery,عمان,عمان,عمان المركز,دوار الكيلو – خلف البرجر كنج – عمارة 46,KG-HASH-6E5273CC-7,,,,,,
حضانة الجيل القادم,Next Generation Nursery,عمان,عمان,شمال عمان,المدينة الرياضية – شمس الدين الذهبي,KG-HASH-26164CE9-7,,,,,,
حضانة التباشير البيضاء,White Chalk Nursery,عمان,عمان,بين الدوار 6 وال7,شارع التباشير,KG-HASH-846C96F7-5,,,,,,
حضانة مونلايت,Moonlight Nursery,عمان,عمان,الشميساني,الشميساني,KG-AM-0570,,,,,,
حضانة فيرست ووردز,First Words Preschool,عمان,عمان,الصويفية,شارع سعيد المفتي – عمارة 16,KG-HASH-DDDF528F-6,,,,,,
روضة ومدرسة ليلى للتعليم الحديث,Leila Modern Education KG & School,عمان,عمان,طبربور,شارع محمد العويدات – مجمع 2,KG-AM-0571,,,,,,
حضانة ليتل ليرنرز,Little Learners Nursery,عمان,عمان,الرابية,شارع أنور الخطيب,KG-AM-0572,,,,,,
حضانة العلمي الممتع,Fun Science Nursery,عمان,عمان,اليوبيل,شارع عبد الله غوشة,KG-AM-0573,,,,,,
حضانة ميني مي,Mini Me Nursery,عمان,عمان,خلدا,شارع الأمير زيد,KG-AM-0574,,,,,,
حضانة الانطلاقة,Al Intilaqa Nursery,عمان,عمان,الصويفية,شارع بخيت العيسى,KG-HASH-526522B6-5,,,,,,
حضانة كوكون,Cocoon Nursery,عمان,عمان,الرابية,شارع محمد الخماش,KG-AM-0575,,,,,,
حضانة زهور المستقبل,Future Flowers Nursery,عمان,عمان,الرونق,شارع الأسبح – فيلا 6,KG-HASH-F845F6B6-6,,,,,,
حضانة نهج المعرفة,Nahj Al-Ma’rifa KG,عمان,عمان,الدوار الثامن,الدوار الثامن,KG-AM-0576,,,,,,
روضة بوك أند براش,Book n Brush KG,عمان,عمان,الصويفية,شارع زهدي عصفور,KG-AM-0577,,,,,,
حضانة البدايات المشرقة,Bright Beginnings Nursery,عمان,عمان,أم أذينة,شارع الدمام 48,KG-HASH-D7CFF932-5,,,,,,
حضانة وروضة وورلد كرياتيف,Creative World Nursery & KG,عمان,عمان,الرابية,شارع إبراهيم القطان 22,KG-AM-0578,,,,,,
حضانة الأطفال السعداء (2),Happy Kids Nursery (2),عمان,عمان,السهل,السهل,KG-AM-0579,,,,,,
حضانة السندريلا,Cinderella Nursery,عمان,عمان,جبل الحسين,شارع الملك عبد الله الثاني 2,KG-HASH-0A54A420-5,,,,,,
روضة ينابيع العلم,Yanabe’ Al-Ilm KG,عمان,عمان,البيادر,مقسم العطار – شارع البيادر,KG-AM-0580,,,,,,
حضانة السوبر ناني,Super Nanny Nursery,عمان,عمان,المرج,المرج,KG-HASH-63B6BE81-5,,,,,,
حضانة ميلكي تيث,Milky Teeth KG Nursery,عمان,عمان,خلدا,خلدا,KG-AM-0581,,,,,,
حضانة ستارفيش,Starfish Nursery,عمان,عمان,الرابية,شارع أنوارين مسمار 4,KG-AM-0582,,,,,,
حضانة ليتل هاندز,Little Hands Nursery,عمان,عمان,خلدا,خلدا,KG-AM-0583,,,,,,
حضانة وروضة ستيبينج ستون,Stepping Stone Preschool & Nursery,عمان,عمان,أم السماق,شارع أرتيريا 50,KG-AM-0584,,,,,,
حضانة آدم كيدز,Adam Kids Nursery,عمان,عمان,عبدون,عبدون,KG-AM-0585,,,,,,
حضانة رونق المودة,Ronaq Al-Mawaddah Nursery,عمان,عمان,البيادر,شارع خضر قردن – مقابل النادي الأهلي,KG-HASH-AFC636DF-6,,,,,,
حضانة أمبريلا,Umbrella Nursery,عمان,عمان,اليوبيل,اليوبيل,KG-AM-0586,,,,,,
حضانة وروضة المتفوقين أكاديمي,Al Mutafawqeen Academy KG & School,عمان,عمان,خلدا,شارع أيوب السختياني 14,KG-AM-0587,,,,,,
حضانة منزلي الكبير,My Big House Nursery,عمان,عمان,الشميساني,شارع الشريف ناصر بن جميل 78,KG-AM-0588,,,,,,
روضة أكاديمية الأطفال الرائعين,Wonderful Kids Academy KG,عمان,عمان,اليوبيل,شارع محمد العجلوني,KG-AM-0589,,,,,,
حضانة وروضة كراميل,Caramel Nursery & KG,عمان,عمان,خلدا,شارع الأميرة زينب 63,KG-AM-0590,,,,,,
حضانة بز بي,BuzzBee Nursery,عمان,عمان,خلدا,خلدا,KG-AM-0591,,,,,,
روضة وابه,Wabe KG,عمان,عمان,طبربور,شارع صدقي أبو شقرة,KG-AM-0592,,,,,,
حضانة سيفتي هاوس,Safety House Nursery,عمان,عمان,خلدا,شارع المعارف – خلدا,KG-AM-0593,,,,,,
حضانة ليتل بي,Little Bee Nursery,عمان,عمان,اليوبيل,اليوبيل,KG-AM-0594,,,,,,
روضة و حضانة هيل هاوس,Hill House KG & Nursery,عمان,عمان,الشميساني,شارع محمد علي بدير 37,KG-AM-0595,,,,,,
حضانة الأكواخ الملونة,Al-Akwakh Al-Mulawwanah Nursery,عمان,عمان,الشميساني,شارع الجاحظ – مقابل مجمع السعيد التجاري,KG-HASH-89BDD1D1-12,,,,,,
حضانة سويت آند نوتي,Sweet and Naughty Nursery,عمان,عمان,الشميساني,الشميساني,KG-AM-0596,,,,,,
حضانة كيدز فالي,Kids Valley Nursery,عمان,عمان,الشميساني,شارع يوسف بن تاشفين 5,KG-AM-0597,,,,,,
حضانة ليتل جاردن,Little Garden Pre & Nursery,عمان,عمان,خلدا,خلدا,KG-AM-0598,,,,,,
حضانة راقي الدولية,Raqi International Preschool,عمان,عمان,الرابية,شارع رفاعة بن أوس 46,KG-AM-0599,,,,,,
حضانة السلام,Al-Salam Nursery,عمان,عمان,الكرسي,الكرسي,KG-AM-0600,,,,,,
حضانة ستدي بلاي,Study Play KG,عمان,عمان,خلدا,شارع الشيخ حسين الجسر 44,KG-AM-0601,,,,,,
حضانة فيرست ستيب,First Step Nursery,عمان,عمان,اليوبيل,اليوبيل,KG-AM-0602,,,,,,
حضانة كينزي,Kenzi KG,عمان,عمان,طبربور,شارع فاضل أحمد خليفة 20,KG-AM-0603,,,,,,
حضانة ليتل بروفيسورز أكاديمي,Little Professors Academy,عمان,عمان,خلدا,شارع أبهى 11,KG-AM-0604,,,,,,
حضانة زين,Zain Nursery,عمان,عمان,اليوبيل,شارع الإخلاص 31,KG-AM-0605,,,,,,
حضانة وروضة ليونز كينجدوم,Lions Kingdom Nursery & Pre-school,عمان,عمان,دابوق,شارع يثرب 9,KG-AM-0606,,,,,,
روضة و حضانة المجد الوطنية,Al Majd National Academy KG,عمان,عمان,خلدا,شارع الفقهاء – مجمع 4,KG-AM-0607,,,,,,
حضانة وايت لاينز,White Lines Nursery,عمان,عمان,خلدا,شارع أم الدنانير – خلدا,KG-AM-0608,,,,,,
حضانة لارا,Lara Nursery,عمان,عمان,تلاع العلي,خلف سوبر ماركت الأهالي,KG-HASH-4E021CE0-5,,,,,,
حضانة المشاكس الصغير,Al-Mushakis Al-Saghir Nursery,عمان,عمان,أم أذينة,أم أذينة الشرقي,KG-HASH-0E557CFF-11,,,,,,
حضانة عطر الجوري,Atr Al-Jouri Nursery,عمان,عمان,الياسمين,شارع محمد سالم الثوايب,KG-AM-0609,,,,,,
حضانة وروضة هابي فايسيز,Happy Faces Nursery & Preschool,عمان,عمان,اليوبيل,شارع ثويبة بن حرملة,KG-AM-0610,,,,,,
حضانة آرت كير,Art Care Nursery,عمان,عمان,خلدا,شارع عروة بن أذينة,KG-AM-0611,,,,,,
حضانة وروضة ستيب باي ستيب,Step By Step Preschool,عمان,عمان,الرابية,شارع وديع قسطندي 3,KG-AM-0612,,,,,,
حضانة وروضة ليتل لاند,Little Land Nursery & Preschool,عمان,عمان,الشميساني,شارع الأشعري 15,KG-AM-0613,,,,,,
حضانة دانا,Dana Nursery,عمان,عمان,خلدا,كنيسة كرم إمسيح – خلدا,KG-AM-0614,,,,,,
حضانة بانان دي كير,Banan Daycare,عمان,عمان,اليوبيل,شارع موسى الساكت 76,KG-AM-0615,,,,,,
حضانة طوق الياسمين,Tawq Al-Yasmin Nursery,عمان,عمان,طبربور,مظهر علاونة – بجانب موسيقات القوات المسلحة,KG-HASH-984DF634-12,,,,,,
حضانة كولورز تري,Colors Tree Nursery,عمان,عمان,خلدا,شارع عيسى أبو قدوم 6,KG-AM-0616,,,,,,
حضانة كرادل تو كرايون,Cradle to Crayon Nursery,عمان,عمان,اليوبيل,شارع أحمد عرابي,KG-AM-0617,,,,,,
روضة أيوب,Ayoub KG,عمان,عمان,الشميساني,شارع أحمد أوكلة النصور,KG-AM-0618,,,,,,
روضة و حضانة نحن الأطفال,Nahnu Al-Atfal Nursery & KG,عمان,عمان,جبل الحسين,شارع عز الدين القسام,KG-AM-0619,,,,,,
حضانة وروضة صنلايت,Sunlight Nursery & Pre-School,عمان,عمان,الرابية,شارع نهاوند – الرابية,KG-AM-0620,,,,,,
روضة و حضانة عالم الصغار,Aalam Al-Sighar Nursery & KG,عمان,عمان,الشميساني,شارع أسيد بن ثعلبة,KG-AM-0621,,,,,,
حضانة كُن طفلًا,Kun Tiflan Nursery,عمان,عمان,اليوبيل,شارع تعز,KG-AM-0622,,,,,,
حضانة تري توبس,Tree Tops Nursery,عمان,عمان,الشميساني,شارع عبد الحميد كرامي,KG-HASH-AE47A5BB-8,,,,,,
روضة هابي هارت,Happy Heart Kindergarten,عمان,عمان,اليوبيل,مجمع النور – شارع محمد بن غطوس,KG-AM-0623,,,,,,
حضانة بامبل بي,Bumble Bee Preschool,عمان,عمان,الرابية,شارع تبريز,KG-AM-0624,,,,,,
حضانة الما وايلا,Alma and Ayla Nursery,عمان,عمان,ضاحية الرشيد,قبل سكن أميمة,KG-HASH-5755C175-7,,,,,,
حضانة ليديبرد,Ladybird Nursery,عمان,عمان,الشميساني,شارع يوسف بن تاشفين,KG-AM-0625,,,,,,
حضانة داندون,Dandoon Nursery,عمان,عمان,خلدا,شارع عبد الله الأعزب,KG-AM-0626,,,,,,
حضانة إيرلي بيرد (تلاع العلي),Early Bird Nursery (Tala Al-Ali),عمان,عمان,تلاع العلي,مجمع 44 – شارع عبد الحليم عباس,KG-AM-0627,,,,,,
روضة الطفل السعيد,Al-Tifl Al-Saeed KG,عمان,عمان,شرق عمان,ماركا الشمالية – حمزة,KG-HASH-BCCAE8EB-7,,,,,,
حضانة هيا سبراوتس,Haya Sprouts Preschool,عمان,عمان,خلدا,شاكر بن زيد,KG-AM-0628,,,,,,
حضانة بيتي الصغير,My Little Home Nursery,عمان,عمان,شمال عمان,يوسف بن تاشفين 20 – الشميساني,KG-HASH-A45EF066-7,,,,,,
روضة كيدز واي,Kids Way Kindergarten,عمان,عمان,خلدا,شارع الأوزاعي – مجمع 11,KG-AM-0629,,,,,,
حضانة جريت بيجينينجز,Great Beginnings Child Care,عمان,عمان,جبل الحسين,شارع إسماعيل بابوق,KG-HASH-3561F16A-7,,,,,,
حضانة ليتل ستيبس,Little Steps Nursery,عمان,عمان,خلدا,شارع الشيخ حسين الجسر,KG-AM-0630,,,,,,
حضانة رايت ستارت,Right Start Nursery,عمان,عمان,اليوبيل,اليوبيل,KG-AM-0631,,,,,,
روضة الأصدقاء المبدعين,Creative Friends KG,عمان,عمان,خلدا,شارع عبد الله بن مسعود 20,KG-AM-0632,,,,,,
حضانة ليتل فلاورز,Little Flowers Day Nursery,عمان,عمان,خلدا,خلدا,KG-AM-0633,,,,,,
حضانة كيدز ستيبس,Kids Steps Nursery,عمان,عمان,الرابية,شارع تلمسان – مجمع 5,KG-AM-0634,,,,,,
حضانة شيري تري,Cherry Tree Nursery,عمان,عمان,جبل الحسين,شارع محمد جمجوم – مجمع 2,KG-AM-0635,,,,,,
حضانة ثراء كيدز,Thraa Kids Nursery,عمان,عمان,شرق عمان,شرق عمان,KG-AM-0636,,,,,,
حضانة الفقاعة المضحكة,Funny Bubble Nursery,عمان,عمان,أم السماق,شارع عطيوي المجالي – بناية 26,KG-HASH-68475EC4-15,,,,,,
حضانة طيور المحبة,Birds of Love Nursery,عمان,عمان,جبل عمان,دوار ثاني – شارع المعتصم 55 – بجانب عمارة قناة الجزيرة,KG-HASH-39B76A94-17,,,,,,
حضانة ريتان,Ritan Nursery,إربد,إربد,الحي الشرقي,خلف حلويات الكت والكات,KG-HASH-63C89E6F-15,,,,,,
حضانة الطفل الأمثل,Best Child Nursery,الزرقاء,الزرقاء,البتراوي,حي البتراوي,KG-HASH-9D52338B-17,,,,,,
حضانة أطفال الرونق,Ronaq Kids Nursery,عمان,عمان,الرونق,شارع محمد علي حسين الكردي – عمارة 30,KG-HASH-F80BBEEE-7,,,,,,
حضانة البالون,Balloon Nursery,عمان,عمان,الدوار السابع,بجانب فندق جنيفا,KG-HASH-B3A79E1B-7,,,,,,
حضانة براعم الرمثا التعليمية والنموذجية,Baraem Al-Ramtha Educational & Model,الرمثا,الرمثا,الرئيسي,الرئيسي,KG-HASH-E7F2DA07-7,,,,,,
حضانة النبات السليم,Healthy Plant Nursery,عمان,عمان,طبربور,حي الشهيد الجنوبي,KG-HASH-F9974F8A-7,,,,,,
حضانة أرض النجوم,Land of Stars Nursery,عمان,عمان,ضاحية الرشيد,مقابل مدرسة تقارب,KG-HASH-2AB7CA43-8,,,,,,
حضانة صقور العزة,Falcons of Pride Nursery,عمان,عمان,أبو نصير,شارع السعادة,KG-HASH-0CF80CD3-7,,,,,,
حضانة أطفال التوت البري,Wild Berry Kids Nursery,عمان,عمان,اليوبيل,شارع عبدالله غوشة – بجانب مسجد أحد,KG-HASH-6F0E538C-7,,,,,,
حضانة أنس وأمير,Anas & Amir Nursery,عمان,عمان,الجبيهة,حي الريان – شارع المريري,KG-HASH-4EF9D4C1-7,,,,,,
حضانة ألوان الفرح للأطفال,Colors of Joy Nursery,عمان,عمان,شرق عمان,حي العبداللات – بجانب مدرسة الكندي,KG-HASH-74D75DC4-7,,,,,,
حضانة أحمد وضحى,Ahmed & Dahaa Nursery,إربد,إربد,الصريح,الصريح,KG-HASH-09CFD651-7,,,,,,
حضانة البداية السعيدة النموذجية,Happy Beginning Model Nursery,عمان,عمان,اليوبيل,شارع المدينة المنورة,KG-HASH-660684B1-7,,,,,,
حضانة أنا وأخي نمرح,Me & My Brother Play Nursery,مادبا,مادبا,اليرموك,شارع اليرموك,KG-HASH-9CFA6D03-7,,,,,,
حضانة جود وميرا,Jood & Mira Nursery,الزرقاء,الزرقاء,جبل المغير,قرب صيدلية شمع العسل,KG-HASH-39A390C9-7,,,,,,
حضانة ضوء القمر,Moonlight Nursery,عمان,عمان,الصويفية,قرب قرية الصويفية – شارع زكي الصويتي,KG-HASH-A1634816-7,,,,,,
حضانة بيت الحلوة للأطفال,Sweet Home Kids Nursery,عمان,عمان,الجاردنز,خلف مدارس الرأي – عمارة 20,KG-HASH-D1B5B898-7,,,,,,
حضانة الطفل العربي,Arab Child Nursery,إربد,إربد,الحي الشرقي,قرب أسواق المؤسسة العسكرية,KG-HASH-B8E907D2-7,,,,,,
حضانة حبايبنا,Our Darlings Nursery,إربد,إربد,النعيمة,النعيمة,KG-HASH-946430F8-7,,,,,,
حضانة الخطوات التعليمية,Educational Steps Nursery,عجلون,عجلون,عبين,خلف مطعم داريا – شارع إربد–عجلون,KG-HASH-A36C5601-7,,,,,,
حضانة فوفو ودودو,Fufu & Dodo Model Nursery,عمان,عمان,مرج الحمام,حي الأمير حمزة,KG-HASH-CC4AA39E-7,,,,,,
حضانة ورود المستقبل,Future Roses Nursery,عمان,عمان,الرونق,شارع الأصبه – بناية 6,KG-HASH-9EBF0C55-8,,,,,,
حضانة الانطباعات الأولى,First Impressions Nursery,إربد,إربد,الراهبات الوردية,غرب مسجد أبو دلو,KG-HASH-18EA009C-7,,,,,,
حضانة بابا سنفور,Papa Smurf Nursery,إربد,إربد,إربد,إربد,KG-HASH-C96222D2-7,,,,,,
حضانة جمعية الشابات المسيحية الخيرية-الفحيص,YWCA Al-Fuheis Nursery,البلقاء,السلط,الفحيص,خلف بيت الفحيص – شارع صبيان الحصان,KG-HASH-E90DA012-7,,,,,,
حضانة رياحين الجنة,Breezes of Paradise Nursery,عمان,عمان,شرق عمان,الهاشمي الشمالي – شارع الحارث العبدي,KG-HASH-5E4BFD57-7,,,,,,
حضانة خمسة وستون 65,65 Nursery,البلقاء,السلط,المدينة الرياضية,قرب مدارس السلط الأهلية,KG-HASH-B9CFA36F-7,,,,,,
حضانة جنة الورد,Rose Paradise Nursery,عجلون,عجلون,عين جنا,مبنى البلدية – وسط البلد,KG-HASH-9224266E-7,,,,,,
حضانة الكلمات الأولى,First Words Nursery,عمان,عمان,الصويفية,شارع سعيد المفتي – عمارة 16,KG-HASH-B7734AB4-8,,,,,,
حضانة زين ونانا,Zain & Nana Nursery,البلقاء,السلط,أم عليه,الشارع الرئيسي,KG-HASH-B22FB8B1-7,,,,,,
حضانة أفضل مكان لطفلك,Best Place for Your Child Nursery,إربد,إربد,إربد,,KG-HASH-52700EB7-7,,,,,,
حضانة زهور الليلك,Lilac Flowers Nursery,عمان,عمان,اليوبيل,مقابل مركز صحي أم السوس,KG-HASH-DC055CFC-7,,,,,,
المستوى الرفيع المتميز للتعليم,High Level Distinguished Education,عمان,عمان,الشميساني,شارع ابن الفارض 11,KG-HASH-CE292D29-7,,,,,,
حضانة المملكة الصغيرة,Small Kingdom Nursery,عمان,عمان,ضاحية الياسمين,شارع حفصة بنت عمرو 35,KG-HASH-4409DD81-7,,,,,,
حضانة أحلام المستقبل النموذجية,Dreams of the Future Model Nursery,مادبا,مادبا,الخطابية,الخطابية,KG-HASH-38D0B96A-7,,,,,,
حضانة عبق الربيع,Spring Fragrance Nursery,عمان,عمان,شرق عمان,طبربور – شارع قمر اليافي مقابل حلويات نفيسة,KG-HASH-6C1C8513-7,,,,,,
حضانة الانامل الذهبية,Golden Fingers Nursery,عمان,عمان,شرق عمان,ماركا الشمالية – شارع فاطمة الزهراء – مسجد فاطمة الزهراء,KG-HASH-4235AA00-11,,,,,,
حضانة حكايتي الصغيرة,My Little Story Nursery,عمان,عمان,الجبيهة,مقابل الجمعية العلمية الملكية – ط الأرضي,KG-HASH-41922AC3-11,,,,,,
حضانة براعم السكر,Sugar Buds Nursery,العقبة,العقبة,السكنية الثالثة,شارع العباسيين – بجانب مسجد سعد بن أبي وقاص,KG-HASH-4AA4B4D3-11,,,,,,
حضانة درجات صغيرة,Small Steps Nursery,عمان,عمان,اليوبيل,دوار البرديني – قرب مدارس الإشراق,KG-HASH-FF9AE220-11,,,,,,
حضانة أشكال النموذجية,Shapes Model Nursery,إربد,إربد,خلف مستشفى إربد التخصصي,0772155227,KG-IR-0013,,,,,,
حضانة لطفولة أرقى,Finer Childhood Nursery,الزرقاء,الزرقاء,مدينة الشرق,قرب دوار الطيارة,KG-HASH-0BA37A4E-11,,,,,,
حضانة سلمى وزين,Salma & Zain Nursery,البلقاء,السلط,البقيع,البقيع,KG-HASH-2761F2DE-11,,,,,,
حضانة هلا وغلا,Hala & Ghala Nursery,عمان,عمان,شرق عمان,طبربور – قرب إسكان الجيش – حديقة العهد والوفا – يوسف بني ياسين 9,KG-HASH-4CB76A0C-11,,,,,,
حضانة من الألف إلى الياء,From A to Z Nursery,عمان,عمان,جنوب عمان,مرج الحمام – إسكان عالية – فيلا 30,KG-AM-0637,,,,,,
حضانة الطفل السعيد,Happy Child Nursery,عمان,عمان,شرق عمان,ماركا الشمالية – حمزة – قرب مدرسة الشريف حسين,KG-HASH-0635148B-13,,,,,,
حضانة بدايات عظيمة,Great Beginnings Nursery,عمان,عمان,جبل الحسين,شارع إسماعيل بابوق 5,KG-HASH-6AD2B97C-13,,,,,,
حضانة ديمة النموذجية,Dima Model Nursery,البلقاء,السلط,شفا العامرية,شفا العامرية,KG-HASH-756B81D8-11,,,,,,
حضانة ضحكات الطفولة,Childhood Laughter Nursery,عمان,عمان,الشميساني,بناية 39 – شارع معروف الرصافي,KG-HASH-16722FFC-11,,,,,,
حضانة الأطفال السعداء,Happy Children Nursery,عمان,عمان,اليوبيل,مرج الحمام – شارع نالتشك – قرب مطعم دنيا المشاوي,KG-HASH-BE5F5773-11,,,,,,
حضانة جوان النموذجية,Jawan Model Nursery,الزرقاء,الزرقاء,الهاشمية,الحي الشرقي,KG-HASH-EBD119C2-11,,,,,,
حضانة نور الجبيهة,Nour Al-Jubeiha Nursery,عمان,عمان,الجبيهة,شارع مفلح اللوزي – بناية 32 – مقابل مفروشات شهوان,KG-HASH-68257B5B-11,,,,,,
حضانة وروضة رونق المودة,Ronaq Al-Mawaddah Nursery & KG,عمان,عمان,البيادر,شارع خضر قردن – مقابل النادي الأهلي,KG-HASH-0A2E8BF3-12,,,,,,
حضانة بريق النمارق,Briq Al-Namarq Nursery,البلقاء,السلط,البقعان,بجانب مدرسة فاطمة الزهراء,KG-HASH-C98B3A42-11,,,,,,
حضانة الأرض السعيدة,Happy Land Nursery,عمان,عمان,جنوب عمان,المقابلين – حي الصحابة – شارع عبد الكريم الخطاب,KG-HASH-A21959BA-11,,,,,,
حضانة الحمامي,Al-Hammami Nursery,عمان,عمان,الجبيهة,شارع الريان – أم زويتينة,KG-HASH-6C739D9A-11,,,,,,
أكاديمية مدرسة وروضة جنى دان,Jana Dan Academy & KG,الزرقاء,الزرقاء,بيرين,خلف النبعة,KG-HASH-63D4D1AC-11,,,,,,
حضانة شذى الورد,Shatha Al-Ward Nursery,عمان,عمان,شرق عمان,طبربور – شارع عجاج الهبارنة – قرب مسجد عباد الرحمن,KG-HASH-E4A8221D-11,,,,,,
حضانة بذور الغد,Seeds of Tomorrow Nursery,عمان,عمان,شرق عمان,إسكان الجيش – شارع عبدالقادر الزغول – باتجاه أبو عليا,KG-HASH-B85BE7B2-11,,,,,,
حضانة ناريمان النموذجية,Nariman Model Nursery,الرمثا,الرمثا,الرمثا,مقابل مدرسة جمانة,KG-HASH-A5004523-11,,,,,,
حضانة كوكب المرح الطفولي,Fun Planet Childhood Nursery,العقبة,العقبة,الثامنة,قرب مسجد الكالوتي,KG-HASH-1E3C633A-11,,,,,,
حضانة ورود الربيع,Spring Roses Nursery,البلقاء,السلط,ماحص,شارع المدارس,KG-HASH-3D270AC1-11,,,,,,
حضانة حسام وسبأ الحديثة,Husam & Saba Modern Nursery,إربد,إربد,الحصن,الحي الشرقي – شارع الكلية,KG-HASH-5DF86710-11,,,,,,
حضانة تكوين,Takween Nursery,عمان,عمان,شمال عمان,طلوع الجاذبية – قرب سوبرماركت ياهلا,KG-HASH-9112EFC2-11,,,,,,
حضانة الفطاحلة النموذجية,Al-Fatahilah Model Nursery,إربد,إربد,الحي الجنوبي,جنوب غرب دوار صحارى – 300 متر,KG-HASH-6FF73128-11,,,,,,
حضانة بيت السكاكر,Candy House Nursery,إربد,إربد,الراهبات الوردية,خلف مستشفى الراهبات الوردية – بجانب السور,KG-HASH-B3342EDC-11,,,,,,
حضانة القلب السعيد,Happy Heart Nursery,عمان,عمان,شرق عمان,ضاحية الأمير حسن – قرب مطعم الهنيني,KG-HASH-D57300DD-11,,,,,,
حضانة كوخ الدب,Bear Cabin Nursery,الزرقاء,الزرقاء,الجبل الشمالي,شارع الملك عبد الله الثاني,KG-HASH-7F0FA9DD-11,,,,,,
حضانة اليوم السعيد,Al-Yawm Al-Saeed Nursery,عمان,عمان,بسمان/جبل النزهة,شارع الكويتية – بناية 15,KG-HASH-2B4CE2CE-8,,,,,,
حضانة فرح النموذجية,Farah Model Nursery,عمان,عمان,جبل الحسين,دوار الداخلية – نزول سرفيس العبدلي,KG-HASH-AA9129EC-8,,,,,,
روضة وحضانة نداء الطفولة,Nadaa Al-Tufulah Nursery & KG,عمان,عمان,شمال عمان,شارع البلدية بعد البنك الإسلامي مقابل ملحمة الخليل,KG-AM-0638,,,,,,
حضانة سيسو النموذجية,Siso Model Nursery,عمان,عمان,خلدا,قرب دوار السكر – مقابل سامح مول,KG-HASH-467ED77E-8,,,,,,
روضة ومدارس أكاديمية ريتال الدولية,Rital International Academy,عمان,عمان,ياجوز,تقاطع جسر ياجوز – شارع الأردن,KG-HASH-9932B088-8,,,,,,
حضانة قوس قزح النموذجية,Rainbow Model Nursery,عمان,عمان,الشميساني,الشميساني,KG-HASH-30C80BA5-8,,,,,,
شركة إبداع الطفولة,Ebdaa Al-Tufulah,عمان,عمان,شمال عمان,شارع شريفة زين – خلف روان كيك,KG-HASH-407914AF-8,,,,,,
حضانة الصياد الصغير,Little Hunter Nursery,عمان,عمان,جنوب عمان,مرج الحمام – شارع محمد بن طلال,KG-HASH-0D22143D-8,,,,,,
الشجرة المباركة للتعليم والاستثمار,Blessed Tree Education,عمان,عمان,شمال عمان,إشارة جبري – خلف بهجت سنتر,KG-HASH-3A27D298-7,,,,,,
حضانة نطاق الألوان المرحة,Color Range Fun Nursery,عمان,عمان,شرق عمان,شفا بدران – بجانب أكاديمية ريماس,KG-HASH-2605B857-8,,,,,,
حضانة زهور صغيرة,Little Flowers Nursery,عمان,عمان,الشميساني,شارع الفيحاء,KG-HASH-4E0BEFAA-8,,,,,,
حضانة المشاكس الصغير,Little Mischief Nursery,عمان,عمان,أم أذينة,شارع الكوفة – بناية 71,KG-HASH-0E557CFF-12,,,,,,
حضانة عبق عجلون النموذجية,Abq Ajloun Model Nursery,عجلون,عجلون,عبين,شارع إربد – مقابل صالة النورس,KG-HASH-5601454A-8,,,,,,
مؤسسة المنهل التربوية,Al-Manhal Educational Institution,عمان,عمان,الجامعة الأردنية,إسكان الجامعة الأردنية,KG-HASH-91358FF4-8,,,,,,
حضانة النحلة الصغيرة,Little Bee Nursery,عمان,عمان,الجاردنز,دخلة مطعم السروات,KG-AM-0639,,,,,,
حضانة مملكة السكر,Sugar Kingdom Nursery,عمان,عمان,شرق عمان,طبربور – شارع أسعد بن زرارة,KG-HASH-49966BEA-8,,,,,,
حضانة طوق الياسمين,Tawq Al-Yasmin Nursery,عمان,عمان,شرق عمان,طبربور – مظهر علاونة – بجانب موسيقات القوات,KG-HASH-984DF634-13,,,,,,
حضانة قمم الأشجار,Tree Tops Nursery,عمان,عمان,الشميساني,عبد الحميد كرامي – بناية 8,KG-HASH-D2C447CD-9,,,,,,
حضانة الخيوط اللامعة,Shining Threads Nursery,عمان,عمان,أبو السوس,إسكان الأمانة – حي الصنوبر,KG-HASH-FCF5F87B-8,,,,,,
حضانة الما وأيلا,Alma & Ayla Nursery,عمان,عمان,شمال عمان,ضاحية الرشيد – قبل سكن أميمة,KG-HASH-46291761-8,,,,,,
حضانة ماما رولا,Mama Rola Nursery,عمان,عمان,شرق عمان,شفا بدران – حي ذهيبة – خلف الكلحة – بناية 3,KG-HASH-51336EBC-8,,,,,,
حضانة حبات التوت,Raspberry Seeds Nursery,عمان,عمان,مرج الحمام,شارع مويى النهار,KG-AM-0640,,,,,,
حضانة أطفال تمارا,Tamara Kids Nursery,عمان,عمان,شمال عمان,خلف مطعم طواحين,KG-HASH-D54CBE34-8,,,,,,
حضانة أزهار بيسان,Bisan Flowers Nursery,عمان,عمان,شرق عمان,الهاشمي الشمالي – حي نايفة – مقابل وزارة الصحة,KG-HASH-F0D51A7A-8,,,,,,
حضانة دانة الدولية,Dana International Nursery,عمان,عمان,شمال عمان,تلاع العلي – خلف الهوليدي إن,KG-HASH-21F6AEA4-8,,,,,,
حضانة سالي وسلمى,Sally & Salma Nursery,عمان,عمان,شمال عمان,الجبيهة – مقابل الأحدث سابقاً,KG-HASH-50F99C52-8,,,,,,
حضانة وسيم النموذجية,Waseem Model Nursery,عمان,عمان,جنوب عمان,الأشرفية – حي أم تينة,KG-HASH-A737AF34-8,,,,,,
حضانة النحلة جولي,Jolly Bee Nursery,عمان,عمان,شرق عمان,طبربور – بجانب جامعة العلوم الإسلامية,KG-HASH-F9383D91-8,,,,,,
حضانة الأكواخ الملونة,Colored Cabins Nursery,عمان,عمان,الشميساني,شارع الجاحظ – مقابل مجمع السعيد,KG-HASH-89BDD1D1-13,,,,,,
حضانة النجوم المتلألئة,Twinkling Stars Nursery,عمان,عمان,اليوبيل,مرج الحمام – شارع نايف بن عاصم,KG-HASH-68E974B2-8,,,,,,
حضانة جنتي للأطفال,My Paradise Nursery,عمان,عمان,شمال عمان,خلدا – شارع المعارف – قرب مدرسة المعارف,KG-HASH-43031B1B-8,,,,,,
حضانة ميرا والمى,Mira & Al-Mi Nursery,عمان,عمان,جنوب عمان,شارع فايزة المعارجة,KG-HASH-7A601E38-8,,,,,,
حضانة عصافير الكرك,Karak Sparrows Nursery,الكرك,الكرك,الكرك,الثنية – الشارع الرئيسي,KG-HASH-B864861A-9,,,,,,
حضانة القطط الصغيرة,Little Kittens Nursery,عمان,عمان,شمال عمان,تلاع العلي – بجانب البشيتي – بناية 3,KG-HASH-F761251C-8,,,,,,
حضانة الطفل الحسن,Good Child Nursery,عمان,عمان,اليوبيل,بيادر وادي السير – الجندويل,KG-HASH-9B7848CF-8,,,,,,
روضة وحضانة أنا الصغير,Ana Al-Saghir Nursery & KG,عمان,عمان,شمال عمان,خرجا – دخلة مدارس الدر المنثور,KG-HASH-1070AA6D-8,,,,,,
حضانة القلب الكبير,Big Heart Nursery,إربد,إربد,إربد,قرب مضافة أبو سالم,KG-HASH-B233B2FD-8,,,,,,
حضانة قرية التوت العالمية,Global Berry Village Nursery,عمان,عمان,عمان المركز,دوار الكيلو – خلف البرجر كنج – عمارة 46,KG-HASH-6E5273CC-8,,,,,,
حضانة الجيل القادم,Next Generation Nursery,عمان,عمان,شمال عمان,المدينة الرياضية – شمس الدين الذهبي,KG-AM-0641,,,,,,
حضانة التباشير البيضاء,White Chalk Nursery,عمان,عمان,بين الدوار 6 وال7,شارع التباشير,KG-HASH-846C96F7-6,,,,,,
حضانة مونلايت,Moonlight Nursery,عمان,عمان,الشميساني,الشميساني,KG-AM-0642,,,,,,
حضانة فيرست ووردز,First Words Preschool,عمان,عمان,الصويفية,شارع سعيد المفتي – عمارة 16,KG-HASH-DDDF528F-7,,,,,,
روضة ومدرسة ليلى للتعليم الحديث,Leila Modern Education KG & School,عمان,عمان,طبربور,شارع محمد العويدات – مجمع 2,KG-AM-0643,,,,,,
حضانة ليتل ليرنرز,Little Learners Nursery,عمان,عمان,الرابية,شارع أنور الخطيب,KG-AM-0644,,,,,,
حضانة العلمي الممتع,Fun Science Nursery,عمان,عمان,اليوبيل,شارع عبد الله غوشة,KG-AM-0645,,,,,,
حضانة ميني مي,Mini Me Nursery,عمان,عمان,خلدا,شارع الأمير زيد,KG-AM-0646,,,,,,
حضانة الانطلاقة,Al Intilaqa Nursery,عمان,عمان,الصويفية,شارع بخيت العيسى,KG-HASH-526522B6-6,,,,,,
حضانة كوكون,Cocoon Nursery,عمان,عمان,الرابية,شارع محمد الخماش,KG-AM-0647,,,,,,
حضانة زهور المستقبل,Future Flowers Nursery,عمان,عمان,الرونق,شارع الأسبح – فيلا 6,KG-HASH-F845F6B6-7,,,,,,
حضانة نهج المعرفة,Nahj Al-Ma’rifa KG,عمان,عمان,الدوار الثامن,الدوار الثامن,KG-AM-0648,,,,,,
روضة بوك أند براش,Book n Brush KG,عمان,عمان,الصويفية,شارع زهدي عصفور,KG-AM-0649,,,,,,
حضانة البدايات المشرقة,Bright Beginnings Nursery,عمان,عمان,أم أذينة,شارع الدمام 48,KG-HASH-D7CFF932-6,,,,,,
حضانة وروضة وورلد كرياتيف,Creative World Nursery & KG,عمان,عمان,الرابية,شارع إبراهيم القطان 22,KG-AM-0650,,,,,,
حضانة الأطفال السعداء (2),Happy Kids Nursery (2),عمان,عمان,السهل,السهل,KG-AM-0651,,,,,,
حضانة السندريلا,Cinderella Nursery,عمان,عمان,جبل الحسين,شارع الملك عبد الله الثاني 2,KG-HASH-0A54A420-6,,,,,,
روضة ينابيع العلم,Yanabe’ Al-Ilm KG,عمان,عمان,البيادر,مقسم العطار – شارع البيادر,KG-AM-0652,,,,,,
حضانة السوبر ناني,Super Nanny Nursery,عمان,عمان,المرج,المرج,KG-HASH-63B6BE81-6,,,,,,
حضانة ميلكي تيث,Milky Teeth KG Nursery,عمان,عمان,خلدا,خلدا,KG-AM-0653,,,,,,
حضانة ستارفيش,Starfish Nursery,عمان,عمان,الرابية,شارع أنوارين مسمار 4,KG-AM-0654,,,,,,
حضانة ليتل هاندز,Little Hands Nursery,عمان,عمان,خلدا,خلدا,KG-AM-0655,,,,,,
حضانة وروضة ستيبينج ستون,Stepping Stone Preschool & Nursery,عمان,عمان,أم السماق,شارع أرتيريا 50,KG-AM-0656,,,,,,
حضانة آدم كيدز,Adam Kids Nursery,عمان,عمان,عبدون,عبدون,KG-AM-0657,,,,,,
حضانة رونق المودة,Ronaq Al-Mawaddah Nursery,عمان,عمان,البيادر,شارع خضر قردن – مقابل النادي الأهلي,KG-HASH-AFC636DF-7,,,,,,
حضانة أمبريلا,Umbrella Nursery,عمان,عمان,اليوبيل,اليوبيل,KG-AM-0658,,,,,,
حضانة وروضة المتفوقين أكاديمي,Al Mutafawqeen Academy KG & School,عمان,عمان,خلدا,شارع أيوب السختياني 14,KG-AM-0659,,,,,,
حضانة منزلي الكبير,My Big House Nursery,عمان,عمان,الشميساني,شارع الشريف ناصر بن جميل 78,KG-AM-0660,,,,,,
روضة أكاديمية الأطفال الرائعين,Wonderful Kids Academy KG,عمان,عمان,اليوبيل,شارع محمد العجلوني,KG-AM-0661,,,,,,
حضانة وروضة كراميل,Caramel Nursery & KG,عمان,عمان,خلدا,شارع الأميرة زينب 63,KG-AM-0662,,,,,,
حضانة بز بي,BuzzBee Nursery,عمان,عمان,خلدا,خلدا,KG-AM-0663,,,,,,
روضة وابه,Wabe KG,عمان,عمان,طبربور,شارع صدقي أبو شقرة,KG-AM-0664,,,,,,
حضانة سيفتي هاوس,Safety House Nursery,عمان,عمان,خلدا,شارع المعارف – خلدا,KG-AM-0665,,,,,,
حضانة ليتل بي,Little Bee Nursery,عمان,عمان,اليوبيل,اليوبيل,KG-AM-0666,,,,,,
روضة و حضانة هيل هاوس,Hill House KG & Nursery,عمان,عمان,الشميساني,شارع محمد علي بدير 37,KG-AM-0667,,,,,,
حضانة الأكواخ الملونة,Al-Akwakh Al-Mulawwanah Nursery,عمان,عمان,الشميساني,شارع الجاحظ – مقابل مجمع السعيد التجاري,KG-HASH-89BDD1D1-14,,,,,,
حضانة سويت آند نوتي,Sweet and Naughty Nursery,عمان,عمان,الشميساني,الشميساني,KG-AM-0668,,,,,,
حضانة كيدز فالي,Kids Valley Nursery,عمان,عمان,الشميساني,شارع يوسف بن تاشفين 5,KG-AM-0669,,,,,,
حضانة ليتل جاردن,Little Garden Pre & Nursery,عمان,عمان,خلدا,خلدا,KG-AM-0670,,,,,,
حضانة راقي الدولية,Raqi International Preschool,عمان,عمان,الرابية,شارع رفاعة بن أوس 46,KG-AM-0671,,,,,,
حضانة السلام,Al-Salam Nursery,عمان,عمان,الكرسي,الكرسي,KG-AM-0672,,,,,,
حضانة ستدي بلاي,Study Play KG,عمان,عمان,خلدا,شارع الشيخ حسين الجسر 44,KG-AM-0673,,,,,,
حضانة فيرست ستيب,First Step Nursery,عمان,عمان,اليوبيل,اليوبيل,KG-AM-0674,,,,,,
حضانة كينزي,Kenzi KG,عمان,عمان,طبربور,شارع فاضل أحمد خليفة 20,KG-AM-0675,,,,,,
حضانة ليتل بروفيسورز أكاديمي,Little Professors Academy,عمان,عمان,خلدا,شارع أبهى 11,KG-AM-0676,,,,,,
حضانة زين,Zain Nursery,عمان,عمان,اليوبيل,شارع الإخلاص 31,KG-AM-0677,,,,,,
حضانة وروضة ليونز كينجدوم,Lions Kingdom Nursery & Pre-school,عمان,عمان,دابوق,شارع يثرب 9,KG-AM-0678,,,,,,
روضة و حضانة المجد الوطنية,Al Majd National Academy KG,عمان,عمان,خلدا,شارع الفقهاء – مجمع 4,KG-AM-0679,,,,,,
حضانة وايت لاينز,White Lines Nursery,عمان,عمان,خلدا,شارع أم الدنانير – خلدا,KG-AM-0680,,,,,,
حضانة لارا,Lara Nursery,عمان,عمان,تلاع العلي,خلف سوبر ماركت الأهالي,KG-HASH-4E021CE0-6,,,,,,
حضانة المشاكس الصغير,Al-Mushakis Al-Saghir Nursery,عمان,عمان,أم أذينة,أم أذينة الشرقي,KG-HASH-0E557CFF-13,,,,,,
حضانة عطر الجوري,Atr Al-Jouri Nursery,عمان,عمان,الياسمين,شارع محمد سالم الثوايب,KG-AM-0681,,,,,,
حضانة وروضة هابي فايسيز,Happy Faces Nursery & Preschool,عمان,عمان,اليوبيل,شارع ثويبة بن حرملة,KG-AM-0682,,,,,,
حضانة آرت كير,Art Care Nursery,عمان,عمان,خلدا,شارع عروة بن أذينة,KG-AM-0683,,,,,,
حضانة وروضة ستيب باي ستيب,Step By Step Preschool,عمان,عمان,الرابية,شارع وديع قسطندي 3,KG-AM-0684,,,,,,
حضانة وروضة ليتل لاند,Little Land Nursery & Preschool,عمان,عمان,الشميساني,شارع الأشعري 15,KG-AM-0685,,,,,,
حضانة دانا,Dana Nursery,عمان,عمان,خلدا,كنيسة كرم إمسيح – خلدا,KG-AM-0686,,,,,,
حضانة بانان دي كير,Banan Daycare,عمان,عمان,اليوبيل,شارع موسى الساكت 76,KG-AM-0687,,,,,,
حضانة طوق الياسمين,Tawq Al-Yasmin Nursery,عمان,عمان,طبربور,مظهر علاونة – بجانب موسيقات القوات المسلحة,KG-HASH-984DF634-14,,,,,,
حضانة كولورز تري,Colors Tree Nursery,عمان,عمان,خلدا,شارع عيسى أبو قدوم 6,KG-AM-0688,,,,,,
حضانة كرادل تو كرايون,Cradle to Crayon Nursery,عمان,عمان,اليوبيل,شارع أحمد عرابي,KG-AM-0689,,,,,,
روضة أيوب,Ayoub KG,عمان,عمان,الشميساني,شارع أحمد أوكلة النصور,KG-AM-0690,,,,,,
روضة و حضانة نحن الأطفال,Nahnu Al-Atfal Nursery & KG,عمان,عمان,جبل الحسين,شارع عز الدين القسام,KG-AM-0691,,,,,,
حضانة وروضة صنلايت,Sunlight Nursery & Pre-School,عمان,عمان,الرابية,شارع نهاوند – الرابية,KG-AM-0692,,,,,,
روضة و حضانة عالم الصغار,Aalam Al-Sighar Nursery & KG,عمان,عمان,الشميساني,شارع أسيد بن ثعلبة,KG-AM-0693,,,,,,
حضانة كُن طفلًا,Kun Tiflan Nursery,عمان,عمان,اليوبيل,شارع تعز,KG-AM-0694,,,,,,
حضانة تري توبس,Tree Tops Nursery,عمان,عمان,الشميساني,شارع عبد الحميد كرامي,KG-HASH-AE47A5BB-9,,,,,,
روضة هابي هارت,Happy Heart Kindergarten,عمان,عمان,اليوبيل,مجمع النور – شارع محمد بن غطوس,KG-AM-0695,,,,,,
حضانة بامبل بي,Bumble Bee Preschool,عمان,عمان,الرابية,شارع تبريز,KG-AM-0696,,,,,,
حضانة الما وايلا,Alma and Ayla Nursery,عمان,عمان,ضاحية الرشيد,قبل سكن أميمة,KG-HASH-5755C175-8,,,,,,
حضانة ليديبرد,Ladybird Nursery,عمان,عمان,الشميساني,شارع يوسف بن تاشفين,KG-AM-0697,,,,,,
حضانة داندون,Dandoon Nursery,عمان,عمان,خلدا,شارع عبد الله الأعزب,KG-AM-0698,,,,,,
حضانة إيرلي بيرد (تلاع العلي),Early Bird Nursery (Tala Al-Ali),عمان,عمان,تلاع العلي,مجمع 44 – شارع عبد الحليم عباس,KG-AM-0699,,,,,,
روضة الطفل السعيد,Al-Tifl Al-Saeed KG,عمان,عمان,شرق عمان,ماركا الشمالية – حمزة,KG-HASH-BCCAE8EB-8,,,,,,
حضانة هيا سبراوتس,Haya Sprouts Preschool,عمان,عمان,خلدا,شاكر بن زيد,KG-AM-0700,,,,,,
حضانة بيتي الصغير,My Little Home Nursery,عمان,عمان,شمال عمان,يوسف بن تاشفين 20 – الشميساني,KG-HASH-A45EF066-8,,,,,,
روضة كيدز واي,Kids Way Kindergarten,عمان,عمان,خلدا,شارع الأوزاعي – مجمع 11,KG-AM-0701,,,,,,
حضانة جريت بيجينينجز,Great Beginnings Child Care,عمان,عمان,جبل الحسين,شارع إسماعيل بابوق,KG-HASH-3561F16A-8,,,,,,
حضانة ليتل ستيبس,Little Steps Nursery,عمان,عمان,خلدا,شارع الشيخ حسين الجسر,KG-AM-0702,,,,,,
حضانة رايت ستارت,Right Start Nursery,عمان,عمان,اليوبيل,اليوبيل,KG-AM-0703,,,,,,
روضة الأصدقاء المبدعين,Creative Friends KG,عمان,عمان,خلدا,شارع عبد الله بن مسعود 20,KG-AM-0704,,,,,,
حضانة الجيل القادم,Next Generation Nursery,عمان,عمان,شمال عمان,المدينة الرياضية – شمس الدين الذهبي,KG-HASH-26164CE9-8,,,,,,
حضانة ليتل فلاورز,Little Flowers Day Nursery,عمان,عمان,خلدا,خلدا,KG-AM-0705,,,,,,
حضانة كيدز ستيبس,Kids Steps Nursery,عمان,عمان,الرابية,شارع تلمسان – مجمع 5,KG-AM-0706,,,,,,
حضانة شيري تري,Cherry Tree Nursery,عمان,عمان,جبل الحسين,شارع محمد جمجوم – مجمع 2,KG-AM-0707,,,,,,
حضانة ثراء كيدز,Thraa Kids Nursery,عمان,عمان,شرق عمان,شرق عمان,KG-AM-0708,,,,,,
حضانة الفقاعة المضحكة,Funny Bubble Nursery,عمان,عمان,أم السماق,شارع عطيوي المجالي – بناية 26,KG-HASH-68475EC4-16,,,,,,
حضانة طيور المحبة,Birds of Love Nursery,عمان,عمان,جبل عمان,دوار ثاني – شارع المعتصم 55,KG-HASH-39B76A94-18,,,,,,
حضانة ريتان,Ritan Nursery,إربد,إربد,الحي الشرقي,خلف حلويات الكت والكات,KG-HASH-63C89E6F-16,,,,,,
حضانة الطفل الأمثل,Best Child Care Nursery,الزرقاء,الزرقاء,البتراوي,حي البتراوي,KG-HASH-9D52338B-18,,,,,,
حضانة أطفال الرونق,Ronaq Kids Nursery,عمان,عمان,الرونق,شارع محمد علي حسين الكردي – عمارة 30,KG-HASH-F80BBEEE-8,,,,,,
حضانة البالون,Balloon Nursery,عمان,عمان,الدوار السابع,بجانب فندق جنيفا,KG-HASH-B3A79E1B-8,,,,,,
حضانة براعم الرمثا التعليمية والنموذجية,Baraem Al-Ramtha Educational & Model Nursery,الرمثا,الرمثا,الرئيسي,الرئيسي,KG-HASH-E7F2DA07-8,,,,,,
حضانة النبات السليم,Healthy Plant Nursery,عمان,عمان,طبربور,حي الشهيد الجنوبي,KG-HASH-F9974F8A-8,,,,,,
حضانة أرض النجوم,Land of Stars Nursery,عمان,عمان,ضاحية الرشيد,مقابل مدرسة تقارب,KG-HASH-2AB7CA43-9,,,,,,
حضانة صقور العزة,Falcons of Pride Nursery,عمان,عمان,أبو نصير,شارع السعادة,KG-HASH-0CF80CD3-8,,,,,,
حضانة أطفال التوت البري,Wild Berry Kids Nursery,عمان,عمان,اليوبيل,شارع عبدالله غوشة – بجانب مسجد أحد,KG-HASH-6F0E538C-8,,,,,,
حضانة أنس وأمير,Anas & Amir Nursery,عمان,عمان,الجبيهة,حي الريان – شارع المريري,KG-HASH-4EF9D4C1-8,,,,,,
حضانة ألوان الفرح للأطفال,Colors of Joy Nursery,عمان,عمان,شرق عمان,حي العبداللات – بجانب مدرسة الكندي,KG-HASH-74D75DC4-8,,,,,,
حضانة أحمد وضحى,Ahmed & Dahaa Nursery,إربد,إربد,الصريح,الصريح,KG-HASH-09CFD651-8,,,,,,
حضانة البداية السعيدة النموذجية,Happy Beginning Model Nursery,عمان,عمان,اليوبيل,شارع المدينة المنورة,KG-HASH-660684B1-8,,,,,,
حضانة أنا وأخي نمرح,Me & My Brother Play Nursery,مادبا,مادبا,اليرموك,شارع اليرموك,KG-HASH-9CFA6D03-8,,,,,,
حضانة جود وميرا,Jood & Mira Nursery,الزرقاء,الزرقاء,جبل المغير,قرب صيدلية شمع العسل,KG-HASH-39A390C9-8,,,,,,
حضانة ضوء القمر,Moonlight Nursery,عمان,عمان,الصويفية,قرب قرية الصويفية – شارع زكي الصويتي,KG-HASH-A1634816-8,,,,,,
حضانة بيت الحلوة للأطفال,Sweet Home Kids Nursery,عمان,عمان,الجاردنز,خلف مدارس الرأي – عمارة 20,KG-HASH-D1B5B898-8,,,,,,
حضانة الطفل العربي,Arab Child Nursery,إربد,إربد,الحي الشرقي,قرب أسواق المؤسسة العسكرية,KG-HASH-B8E907D2-8,,,,,,
حضانة حبايبنا,Our Darlings Nursery,إربد,إربد,النعيمة,النعيمة,KG-HASH-946430F8-8,,,,,,
حضانة الخطوات التعليمية,Educational Steps Nursery,عجلون,عجلون,عبين,خلف مطعم داريا – شارع إربد–عجلون,KG-HASH-A36C5601-8,,,,,,
حضانة فوفو ودودو,Fufu & Dodo Model Nursery,عمان,عمان,مرج الحمام,حي الأمير حمزة,KG-HASH-CC4AA39E-8,,,,,,
حضانة ورود المستقبل,Future Roses Nursery,عمان,عمان,الرونق,شارع الأصبه – بناية 6,KG-HASH-9EBF0C55-9,,,,,,
حضانة الانطباعات الأولى,First Impressions Nursery,إربد,إربد,الراهبات الوردية,غرب مسجد أبو دلو,KG-HASH-18EA009C-8,,,,,,
حضانة بابا سنفور,Papa Smurf Nursery,إربد,إربد,إربد,إربد,KG-HASH-C96222D2-8,,,,,,
حضانة جمعية الشابات المسيحية الخيرية-الفحيص,YWCA Al-Fuheis Nursery,البلقاء,السلط,الفحيص,خلف بيت الفحيص – شارع صبيان الحصان,KG-HASH-E90DA012-8,,,,,,
حضانة رياحين الجنة,Breezes of Paradise Nursery,عمان,عمان,شرق عمان,الهاشمي الشمالي – شارع الحارث العبدي,KG-HASH-5E4BFD57-8,,,,,,
حضانة خمسة وستون 65,65 Nursery,البلقاء,السلط,المدينة الرياضية,قرب مدارس السلط الأهلية,KG-HASH-B9CFA36F-8,,,,,,
حضانة جنة الورد,Rose Paradise Nursery,عجلون,عجلون,عين جنا,مبنى البلدية – وسط البلد,KG-HASH-9224266E-8,,,,,,
حضانة الكلمات الأولى,First Words Nursery,عمان,عمان,الصويفية,شارع سعيد المفتي – عمارة 16,KG-HASH-B7734AB4-9,,,,,,
حضانة زين ونانا,Zain & Nana Nursery,البلقاء,السلط,أم عليه,الشارع الرئيسي,KG-HASH-B22FB8B1-8,,,,,,
حضانة أفضل مكان لطفلك,Best Place for Your Child Nursery,إربد,إربد,إربد,,KG-HASH-52700EB7-8,,,,,,
حضانة زهور الليلك,Lilac Flowers Nursery,عمان,عمان,اليوبيل,مقابل مركز صحي أم السوس,KG-HASH-DC055CFC-8,,,,,,
المستوى الرفيع المتميز للتعليم,High Level Distinguished Education,عمان,عمان,الشميساني,شارع ابن الفارض 11,KG-HASH-CE292D29-8,,,,,,
حضانة المملكة الصغيرة,Small Kingdom Nursery,عمان,عمان,ضاحية الياسمين,شارع حفصة بنت عمرو 35,KG-HASH-4409DD81-8,,,,,,
حضانة أحلام المستقبل النموذجية,Dreams of the Future Model Nursery,مادبا,مادبا,الخطابية,الخطابية,KG-HASH-38D0B96A-8,,,,,,
حضانة عبق الربيع,Spring Fragrance Nursery,عمان,عمان,شرق عمان,طبربور – شارع قمر اليافي مقابل حلويات نفيسة,KG-HASH-6C1C8513-8,,,,,,
حضانة الانامل الذهبية,Golden Fingers Nursery,عمان,عمان,شرق عمان,ماركا الشمالية – شارع فاطمة الزهراء – مسجد فاطمة الزهراء,KG-HASH-4235AA00-12,,,,,,
حضانة حكايتي الصغيرة,My Little Story Nursery,عمان,عمان,الجبيهة,مقابل الجمعية العلمية الملكية – ط الأرضي,KG-HASH-41922AC3-12,,,,,,
حضانة براعم السكر,Sugar Buds Nursery,العقبة,العقبة,السكنية الثالثة,شارع العباسيين – بجانب مسجد سعد بن أبي وقاص,KG-HASH-4AA4B4D3-12,,,,,,
حضانة درجات صغيرة,Small Steps Nursery,عمان,عمان,اليوبيل,دوار البرديني – قرب مدارس الإشراق,KG-HASH-FF9AE220-12,,,,,,
حضانة أشكال النموذجية,Shapes Model Nursery,إربد,إربد,خلف مستشفى إربد التخصصي,0772155227,KG-IR-0014,,,,,,
حضانة لطفولة أرقى,Finer Childhood Nursery,الزرقاء,الزرقاء,مدينة الشرق,قرب دوار الطيارة,KG-HASH-0BA37A4E-12,,,,,,
حضانة سلمى وزين,Salma & Zain Nursery,البلقاء,السلط,البقيع,البقيع,KG-HASH-2761F2DE-12,,,,,,
حضانة هلا وغلا,Hala & Ghala Nursery,عمان,عمان,شرق عمان,طبربور – قرب إسكان الجيش – حديقة العهد والوفا – يوسف بني ياسين 9,KG-HASH-4CB76A0C-12,,,,,,
حضانة من الألف إلى الياء,From A to Z Nursery,عمان,عمان,جنوب عمان,مرج الحمام – إسكان عالية – فيلا 30,KG-AM-0709,,,,,,
حضانة الطفل السعيد,Happy Child Nursery,عمان,عمان,شرق عمان,ماركا الشمالية – حمزة – قرب مدرسة الشريف حسين,KG-HASH-0635148B-14,,,,,,
حضانة بدايات عظيمة,Great Beginnings Nursery,عمان,عمان,جبل الحسين,شارع إسماعيل بابوق 5,KG-HASH-6AD2B97C-14,,,,,,
حضانة ديمة النموذجية,Dima Model Nursery,البلقاء,السلط,شفا العامرية,شفا العامرية,KG-HASH-756B81D8-12,,,,,,
حضانة ضحكات الطفولة,Childhood Laughter Nursery,عمان,عمان,الشميساني,بناية 39 – شارع معروف الرصافي,KG-HASH-16722FFC-12,,,,,,
حضانة الأطفال السعداء,Happy Children Nursery,عمان,عمان,اليوبيل,مرج الحمام – شارع نالتشك – قرب مطعم دنيا المشاوي,KG-HASH-BE5F5773-12,,,,,,
حضانة جوان النموذجية,Jawan Model Nursery,الزرقاء,الزرقاء,الهاشمية,الحي الشرقي,KG-HASH-EBD119C2-12,,,,,,
حضانة نور الجبيهة,Nour Al-Jubeiha Nursery,عمان,عمان,الجبيهة,شارع مفلح اللوزي – بناية 32 – مقابل مفروشات شهوان,KG-HASH-68257B5B-12,,,,,,
حضانة وروضة رونق المودة,Ronaq Al-Mawaddah Nursery & KG,عمان,عمان,البيادر,شارع خضر قردن – مقابل النادي الأهلي,KG-HASH-0A2E8BF3-13,,,,,,
حضانة بريق النمارق,Briq Al-Namarq Nursery,البلقاء,السلط,البقعان,بجانب مدرسة فاطمة الزهراء,KG-HASH-C98B3A42-12,,,,,,
حضانة الأرض السعيدة,Happy Land Nursery,عمان,عمان,جنوب عمان,المقابلين – حي الصحابة – شارع عبد الكريم الخطاب,KG-HASH-A21959BA-12,,,,,,
حضانة الحمامي,Al-Hammami Nursery,عمان,عمان,الجبيهة,شارع الريان – أم زويتينة,KG-HASH-6C739D9A-12,,,,,,
أكاديمية مدرسة وروضة جنى دان,Jana Dan Academy & KG,الزرقاء,الزرقاء,بيرين,خلف النبعة,KG-HASH-63D4D1AC-12,,,,,,
حضانة شذى الورد,Shatha Al-Ward Nursery,عمان,عمان,شرق عمان,طبربور – شارع عجاج الهبارنة – قرب مسجد عباد الرحمن,KG-HASH-E4A8221D-12,,,,,,
حضانة بذور الغد,Seeds of Tomorrow Nursery,عمان,عمان,شرق عمان,إسكان الجيش – شارع عبدالقادر الزغول – باتجاه أبو عليا,KG-HASH-B85BE7B2-12,,,,,,
حضانة ناريمان النموذجية,Nariman Model Nursery,الرمثا,الرمثا,الرمثا,مقابل مدرسة جمانة,KG-HASH-A5004523-12,,,,,,
حضانة كوكب المرح الطفولي,Fun Planet Childhood Nursery,العقبة,العقبة,الثامنة,قرب مسجد الكالوتي,KG-HASH-1E3C633A-12,,,,,,
حضانة ورود الربيع,Spring Roses Nursery,البلقاء,السلط,ماحص,شارع المدارس,KG-HASH-3D270AC1-12,,,,,,
حضانة حسام وسبأ الحديثة,Husam & Saba Modern Nursery,إربد,إربد,الحصن,الحي الشرقي – شارع الكلية,KG-HASH-5DF86710-12,,,,,,
حضانة تكوين,Takween Nursery,عمان,عمان,شمال عمان,طلوع الجاذبية – قرب سوبرماركت ياهلا,KG-HASH-9112EFC2-12,,,,,,
حضانة الفطاحلة النموذجية,Al-Fatahilah Model Nursery,إربد,إربد,الحي الجنوبي,جنوب غرب دوار صحارى – 300 متر,KG-HASH-6FF73128-12,,,,,,
حضانة بيت السكاكر,Candy House Nursery,إربد,إربد,الراهبات الوردية,خلف مستشفى الراهبات الوردية – بجانب السور,KG-HASH-B3342EDC-12,,,,,,
حضانة القلب السعيد,Happy Heart Nursery,عمان,عمان,شرق عمان,ضاحية الأمير حسن – قرب مطعم الهنيني,KG-HASH-D57300DD-12,,,,,,
حضانة كوخ الدب,Bear Cabin Nursery,الزرقاء,الزرقاء,الجبل الشمالي,شارع الملك عبد الله الثاني,KG-HASH-7F0FA9DD-12,,,,,,
حضانة الفقاعة المضحكة,Funny Bubble Nursery,عمان,عمان,أم السماق,شارع عطيوي المجالي – بناية 26,KG-HASH-68475EC4-17,,,,,,
حضانة طيور المحبة,Birds of Love Nursery,عمان,عمان,جبل عمان,دوار ثاني – شارع المعتصم 55 – بجانب عمارة قناة الجزيرة,KG-HASH-39B76A94-19,,,,,,
حضانة ريتان,Ritan Nursery,إربد,إربد,الحي الشرقي,خلف حلويات الكت والكات,KG-HASH-63C89E6F-17,,,,,,
حضانة الطفل الأمثل,Best Child Nursery,الزرقاء,الزرقاء,البتراوي,حي البتراوي,KG-HASH-9D52338B-19,,,,,,
حضانة اليوم السعيد,Al-Yawm Al-Saeed Nursery,عمان,عمان,بسمان/جبل النزهة,شارع الكويتية – بناية 15,KG-HASH-2B4CE2CE-9,,,,,,
حضانة فرح النموذجية,Farah Model Nursery,عمان,عمان,جبل الحسين,دوار الداخلية – نزول سرفيس العبدلي,KG-HASH-AA9129EC-9,,,,,,
روضة وحضانة نداء الطفولة,Nadaa Al-Tufulah Nursery & KG,عمان,عمان,شمال عمان,شارع البلدية بعد البنك الإسلامي مقابل ملحمة الخليل,KG-AM-0710,,,,,,
حضانة سيسو النموذجية,Siso Model Nursery,عمان,عمان,خلدا,قرب دوار السكر – مقابل سامح مول,KG-HASH-467ED77E-9,,,,,,
روضة ومدارس أكاديمية ريتال الدولية,Rital International Academy,عمان,عمان,ياجوز,تقاطع جسر ياجوز – شارع الأردن,KG-HASH-9932B088-9,,,,,,
حضانة قوس قزح النموذجية,Rainbow Model Nursery,عمان,عمان,الشميساني,الشميساني,KG-HASH-30C80BA5-9,,,,,,
شركة إبداع الطفولة,Ebdaa Al-Tufulah,عمان,عمان,شمال عمان,شارع شريفة زين – خلف روان كيك,KG-HASH-407914AF-9,,,,,,
حضانة الصياد الصغير,Little Hunter Nursery,عمان,عمان,جنوب عمان,مرج الحمام – شارع محمد بن طلال,KG-HASH-0D22143D-9,,,,,,
الشجرة المباركة للتعليم والاستثمار,Blessed Tree Education,عمان,عمان,شمال عمان,إشارة جبري – خلف بهجت سنتر,KG-HASH-3A27D298-8,,,,,,
حضانة نطاق الألوان المرحة,Color Range Fun Nursery,عمان,عمان,شرق عمان,شفا بدران – بجانب أكاديمية ريماس,KG-HASH-2605B857-9,,,,,,
حضانة زهور صغيرة,Little Flowers Nursery,عمان,عمان,الشميساني,شارع الفيحاء,KG-HASH-4E0BEFAA-9,,,,,,
حضانة المشاكس الصغير,Little Mischief Nursery,عمان,عمان,أم أذينة,شارع الكوفة – بناية 71,KG-HASH-0E557CFF-14,,,,,,
حضانة عبق عجلون النموذجية,Abq Ajloun Model Nursery,عجلون,عجلون,عبين,شارع إربد – مقابل صالة النورس,KG-HASH-5601454A-9,,,,,,
مؤسسة المنهل التربوية,Al-Manhal Educational Institution,عمان,عمان,الجامعة الأردنية,إسكان الجامعة الأردنية,KG-HASH-91358FF4-9,,,,,,
حضانة النحلة الصغيرة,Little Bee Nursery,عمان,عمان,الجاردنز,دخلة مطعم السروات,KG-AM-0711,,,,,,
حضانة مملكة السكر,Sugar Kingdom Nursery,عمان,عمان,شرق عمان,طبربور – شارع أسعد بن زرارة,KG-HASH-49966BEA-9,,,,,,
حضانة طوق الياسمين,Tawq Al-Yasmin Nursery,عمان,عمان,شرق عمان,طبربور – مظهر علاونة – بجانب موسيقات القوات,KG-HASH-984DF634-15,,,,,,
حضانة قمم الأشجار,Tree Tops Nursery,عمان,عمان,الشميساني,عبد الحميد كرامي – بناية 8,KG-HASH-D2C447CD-10,,,,,,
حضانة الخيوط اللامعة,Shining Threads Nursery,عمان,عمان,أبو السوس,إسكان الأمانة – حي الصنوبر,KG-HASH-FCF5F87B-9,,,,,,
حضانة الما وأيلا,Alma & Ayla Nursery,عمان,عمان,شمال عمان,ضاحية الرشيد – قبل سكن أميمة,KG-HASH-46291761-9,,,,,,
حضانة ماما رولا,Mama Rola Nursery,عمان,عمان,شرق عمان,شفا بدران – حي ذهيبة – خلف الكلحة – بناية 3,KG-HASH-51336EBC-9,,,,,,
حضانة حبات التوت,Raspberry Seeds Nursery,عمان,عمان,مرج الحمام,شارع مويى النهار,KG-AM-0712,,,,,,
حضانة أطفال تمارا,Tamara Kids Nursery,عمان,عمان,شمال عمان,خلف مطعم طواحين,KG-HASH-D54CBE34-9,,,,,,
حضانة أزهار بيسان,Bisan Flowers Nursery,عمان,عمان,شرق عمان,الهاشمي الشمالي – حي نايفة – مقابل وزارة الصحة,KG-HASH-F0D51A7A-9,,,,,,
حضانة دانة الدولية,Dana International Nursery,عمان,عمان,شمال عمان,تلاع العلي – خلف الهوليدي إن,KG-HASH-21F6AEA4-9,,,,,,
حضانة سالي وسلمى,Sally & Salma Nursery,عمان,عمان,شمال عمان,الجبيهة – مقابل الأحدث سابقاً,KG-HASH-50F99C52-9,,,,,,
حضانة وسيم النموذجية,Waseem Model Nursery,عمان,عمان,جنوب عمان,الأشرفية – حي أم تينة,KG-HASH-A737AF34-9,,,,,,
حضانة النحلة جولي,Jolly Bee Nursery,عمان,عمان,شرق عمان,طبربور – بجانب جامعة العلوم الإسلامية,KG-HASH-F9383D91-9,,,,,,
حضانة الأكواخ الملونة,Colored Cabins Nursery,عمان,عمان,الشميساني,شارع الجاحظ – مقابل مجمع السعيد,KG-HASH-89BDD1D1-15,,,,,,
حضانة النجوم المتلألئة,Twinkling Stars Nursery,عمان,عمان,اليوبيل,مرج الحمام – شارع نايف بن عاصم,KG-HASH-68E974B2-9,,,,,,
حضانة جنتي للأطفال,My Paradise Nursery,عمان,عمان,شمال عمان,خلدا – شارع المعارف – قرب مدرسة المعارف,KG-HASH-43031B1B-9,,,,,,
حضانة ميرا والمى,Mira & Al-Mi Nursery,عمان,عمان,جنوب عمان,شارع فايزة المعارجة,KG-HASH-7A601E38-9,,,,,,
حضانة عصافير الكرك,Karak Sparrows Nursery,الكرك,الكرك,الكرك,الثنية – الشارع الرئيسي,KG-HASH-B864861A-10,,,,,,
حضانة القطط الصغيرة,Little Kittens Nursery,عمان,عمان,شمال عمان,تلاع العلي – بجانب البشيتي – بناية 3,KG-HASH-F761251C-9,,,,,,
حضانة الطفل الحسن,Good Child Nursery,عمان,عمان,اليوبيل,بيادر وادي السير – الجندويل,KG-HASH-9B7848CF-9,,,,,,
روضة وحضانة أنا الصغير,Ana Al-Saghir Nursery & KG,عمان,عمان,شمال عمان,خرجا – دخلة مدارس الدر المنثور,KG-HASH-1070AA6D-9,,,,,,
حضانة القلب الكبير,Big Heart Nursery,إربد,إربد,إربد,قرب مضافة أبو سالم,KG-HASH-B233B2FD-9,,,,,,
حضانة قرية التوت العالمية,Global Berry Village Nursery,عمان,عمان,عمان المركز,دوار الكيلو – خلف البرجر كنج – عمارة 46,KG-HASH-6E5273CC-9,,,,,,
حضانة الجيل القادم,Next Generation Nursery,عمان,عمان,شمال عمان,المدينة الرياضية – شمس الدين الذهبي,KG-AM-0713,,,,,,
حضانة التباشير البيضاء,White Chalk Nursery,عمان,عمان,بين الدوار 6 وال7,شارع التباشير,KG-HASH-846C96F7-7,,,,,,
حضانة مونلايت,Moonlight Nursery,عمان,عمان,الشميساني,الشميساني,KG-AM-0714,,,,,,
حضانة فيرست ووردز,First Words Preschool,عمان,عمان,الصويفية,شارع سعيد المفتي – عمارة 16,KG-HASH-DDDF528F-8,,,,,,
روضة ومدرسة ليلى للتعليم الحديث,Leila Modern Education KG & School,عمان,عمان,طبربور,شارع محمد العويدات – مجمع 2,KG-AM-0715,,,,,,
حضانة ليتل ليرنرز,Little Learners Nursery,عمان,عمان,الرابية,شارع أنور الخطيب,KG-AM-0716,,,,,,
حضانة العلمي الممتع,Fun Science Nursery,عمان,عمان,اليوبيل,شارع عبد الله غوشة,KG-AM-0717,,,,,,
حضانة ميني مي,Mini Me Nursery,عمان,عمان,خلدا,شارع الأمير زيد,KG-AM-0718,,,,,,
حضانة الانطلاقة,Al Intilaqa Nursery,عمان,عمان,الصويفية,شارع بخيت العيسى,KG-HASH-526522B6-7,,,,,,
حضانة كوكون,Cocoon Nursery,عمان,عمان,الرابية,شارع محمد الخماش,KG-AM-0719,,,,,,
حضانة زهور المستقبل,Future Flowers Nursery,عمان,عمان,الرونق,شارع الأسبح – فيلا 6,KG-HASH-F845F6B6-8,,,,,,
حضانة نهج المعرفة,Nahj Al-Ma’rifa KG,عمان,عمان,الدوار الثامن,الدوار الثامن,KG-AM-0720,,,,,,
روضة بوك أند براش,Book n Brush KG,عمان,عمان,الصويفية,شارع زهدي عصفور,KG-AM-0721,,,,,,
حضانة البدايات المشرقة,Bright Beginnings Nursery,عمان,عمان,أم أذينة,شارع الدمام 48,KG-HASH-D7CFF932-7,,,,,,
حضانة وروضة وورلد كرياتيف,Creative World Nursery & KG,عمان,عمان,الرابية,شارع إبراهيم القطان 22,KG-AM-0722,,,,,,
حضانة الأطفال السعداء (2),Happy Kids Nursery (2),عمان,عمان,السهل,السهل,KG-AM-0723,,,,,,
حضانة السندريلا,Cinderella Nursery,عمان,عمان,جبل الحسين,شارع الملك عبد الله الثاني 2,KG-HASH-0A54A420-7,,,,,,
روضة ينابيع العلم,Yanabe’ Al-Ilm KG,عمان,عمان,البيادر,مقسم العطار – شارع البيادر,KG-AM-0724,,,,,,
حضانة السوبر ناني,Super Nanny Nursery,عمان,عمان,المرج,المرج,KG-HASH-63B6BE81-7,,,,,,
حضانة ميلكي تيث,Milky Teeth KG Nursery,عمان,عمان,خلدا,خلدا,KG-AM-0725,,,,,,
حضانة ستارفيش,Starfish Nursery,عمان,عمان,الرابية,شارع أنوارين مسمار 4,KG-AM-0726,,,,,,
حضانة ليتل هاندز,Little Hands Nursery,عمان,عمان,خلدا,خلدا,KG-AM-0727,,,,,,
حضانة وروضة ستيبينج ستون,Stepping Stone Preschool & Nursery,عمان,عمان,أم السماق,شارع أرتيريا 50,KG-AM-0728,,,,,,
حضانة آدم كيدز,Adam Kids Nursery,عمان,عمان,عبدون,عبدون,KG-AM-0729,,,,,,
حضانة رونق المودة,Ronaq Al-Mawaddah Nursery,عمان,عمان,البيادر,شارع خضر قردن – مقابل النادي الأهلي,KG-HASH-AFC636DF-8,,,,,,
حضانة أمبريلا,Umbrella Nursery,عمان,عمان,اليوبيل,اليوبيل,KG-AM-0730,,,,,,
حضانة وروضة المتفوقين أكاديمي,Al Mutafawqeen Academy KG & School,عمان,عمان,خلدا,شارع أيوب السختياني 14,KG-AM-0731,,,,,,
حضانة منزلي الكبير,My Big House Nursery,عمان,عمان,الشميساني,شارع الشريف ناصر بن جميل 78,KG-AM-0732,,,,,,
روضة أكاديمية الأطفال الرائعين,Wonderful Kids Academy KG,عمان,عمان,اليوبيل,شارع محمد العجلوني,KG-AM-0733,,,,,,
حضانة وروضة كراميل,Caramel Nursery & KG,عمان,عمان,خلدا,شارع الأميرة زينب 63,KG-AM-0734,,,,,,
حضانة بز بي,BuzzBee Nursery,عمان,عمان,خلدا,خلدا,KG-AM-0735,,,,,,
روضة وابه,Wabe KG,عمان,عمان,طبربور,شارع صدقي أبو شقرة,KG-AM-0736,,,,,,
حضانة سيفتي هاوس,Safety House Nursery,عمان,عمان,خلدا,شارع المعارف – خلدا,KG-AM-0737,,,,,,
حضانة ليتل بي,Little Bee Nursery,عمان,عمان,اليوبيل,اليوبيل,KG-AM-0738,,,,,,
روضة و حضانة هيل هاوس,Hill House KG & Nursery,عمان,عمان,الشميساني,شارع محمد علي بدير 37,KG-AM-0739,,,,,,
حضانة سويت آند نوتي,Sweet and Naughty Nursery,عمان,عمان,الشميساني,الشميساني,KG-AM-0740,,,,,,
حضانة كيدز فالي,Kids Valley Nursery,عمان,عمان,الشميساني,شارع يوسف بن تاشفين 5,KG-AM-0741,,,,,,
حضانة ليتل جاردن,Little Garden Pre & Nursery,عمان,عمان,خلدا,خلدا,KG-AM-0742,,,,,,
حضانة راقي الدولية,Raqi International Preschool,عمان,عمان,الرابية,شارع رفاعة بن أوس 46,KG-AM-0743,,,,,,
حضانة السلام,Al-Salam Nursery,عمان,عمان,الكرسي,الكرسي,KG-AM-0744,,,,,,
حضانة ستدي بلاي,Study Play KG,عمان,عمان,خلدا,شارع الشيخ حسين الجسر 44,KG-AM-0745,,,,,,
حضانة فيرست ستيب,First Step Nursery,عمان,عمان,اليوبيل,اليوبيل,KG-AM-0746,,,,,,
حضانة كينزي,Kenzi KG,عمان,عمان,طبربور,شارع فاضل أحمد خليفة 20,KG-AM-0747,,,,,,
حضانة ليتل بروفيسورز أكاديمي,Little Professors Academy,عمان,عمان,خلدا,شارع أبهى 11,KG-AM-0748,,,,,,
حضانة زين,Zain Nursery,عمان,عمان,اليوبيل,شارع الإخلاص 31,KG-AM-0749,,,,,,
حضانة وروضة ليونز كينجدوم,Lions Kingdom Nursery & Pre-school,عمان,عمان,دابوق,شارع يثرب 9,KG-AM-0750,,,,,,
روضة و حضانة المجد الوطنية,Al Majd National Academy KG,عمان,عمان,خلدا,شارع الفقهاء – مجمع 4,KG-AM-0751,,,,,,
حضانة وايت لاينز,White Lines Nursery,عمان,عمان,خلدا,شارع أم الدنانير – خلدا,KG-AM-0752,,,,,,
حضانة لارا,Lara Nursery,عمان,عمان,تلاع العلي,خلف سوبر ماركت الأهالي,KG-HASH-4E021CE0-7,,,,,,
حضانة المشاكس الصغير,Al-Mushakis Al-Saghir Nursery,عمان,عمان,أم أذينة,أم أذينة الشرقي,KG-HASH-0E557CFF-15,,,,,,
حضانة عطر الجوري,Atr Al-Jouri Nursery,عمان,عمان,الياسمين,شارع محمد سالم الثوايب,KG-AM-0753,,,,,,
حضانة وروضة هابي فايسيز,Happy Faces Nursery & Preschool,عمان,عمان,اليوبيل,شارع ثويبة بن حرملة,KG-AM-0754,,,,,,
حضانة آرت كير,Art Care Nursery,عمان,عمان,خلدا,شارع عروة بن أذينة,KG-AM-0755,,,,,,
حضانة وروضة ستيب باي ستيب,Step By Step Preschool,عمان,عمان,الرابية,شارع وديع قسطندي 3,KG-AM-0756,,,,,,
حضانة وروضة ليتل لاند,Little Land Nursery & Preschool,عمان,عمان,الشميساني,شارع الأشعري 15,KG-AM-0757,,,,,,
حضانة دانا,Dana Nursery,عمان,عمان,خلدا,كنيسة كرم إمسيح – خلدا,KG-AM-0758,,,,,,
حضانة بانان دي كير,Banan Daycare,عمان,عمان,اليوبيل,شارع موسى الساكت 76,KG-AM-0759,,,,,,
حضانة كولورز تري,Colors Tree Nursery,عمان,عمان,خلدا,شارع عيسى أبو قدوم 6,KG-AM-0760,,,,,,
حضانة كرادل تو كرايون,Cradle to Crayon Nursery,عمان,عمان,اليوبيل,شارع أحمد عرابي,KG-AM-0761,,,,,,
روضة أيوب,Ayoub KG,عمان,عمان,الشميساني,شارع أحمد أوكلة النصور,KG-AM-0762,,,,,,
روضة و حضانة نحن الأطفال,Nahnu Al-Atfal Nursery & KG,عمان,عمان,جبل الحسين,شارع عز الدين القسام,KG-AM-0763,,,,,,
حضانة وروضة صنلايت,Sunlight Nursery & Pre-School,عمان,عمان,الرابية,شارع نهاوند – الرابية,KG-AM-0764,,,,,,
روضة و حضانة عالم الصغار,Aalam Al-Sighar Nursery & KG,عمان,عمان,الشميساني,شارع أسيد بن ثعلبة,KG-AM-0765,,,,,,
حضانة كُن طفلًا,Kun Tiflan Nursery,عمان,عمان,اليوبيل,شارع تعز,KG-AM-0766,,,,,,
حضانة هابي داي,Happy Day Nursery,عمان,عمان,اليوبيل,شارع النزهة 15,KG-AM-0767,,,,,,
حضانة لحن الحياة,Lahn Al-Hayat Nursery,عمان,عمان,جنوب عمان,إسحاق بن حنين – الياسمين – بناية 7,KG-HASH-BFA7C561-1,,,,,,
حضانة طلال ونورة,Talal wa Noura Nursery,عمان,عمان,الرابية,شارع عرار 205,KG-AM-0768,,,,,,
حضانة كيه سيتي,K-City Nursery,عمان,عمان,تلاع العلي,شارع سامر رمّانة,KG-AM-0769,,,,,,
حضانة نجوم المرج النموذجية,Nujoom Al-Murj Model Nursery,عمان,عمان,المرج,المرج,KG-AM-0770,,,,,,
حضانة تري توبس,Tree Tops Nursery,عمان,عمان,الشميساني,شارع عبد الحميد كرامي,KG-HASH-AE47A5BB-10,,,,,,
روضة هابي هارت,Happy Heart Kindergarten,عمان,عمان,اليوبيل,مجمع النور – شارع محمد بن غطوس,KG-AM-0771,,,,,,
حضانة بامبل بي,Bumble Bee Preschool,عمان,عمان,الرابية,شارع تبريز,KG-AM-0772,,,,,,
حضانة الما وايلا,Alma and Ayla Nursery,عمان,عمان,ضاحية الرشيد,قبل سكن أميمة,KG-HASH-5755C175-9,,,,,,
حضانة ليديبرد,Ladybird Nursery,عمان,عمان,الشميساني,شارع يوسف بن تاشفين,KG-AM-0773,,,,,,
حضانة داندون,Dandoon Nursery,عمان,عمان,خلدا,شارع عبد الله الأعزب,KG-AM-0774,,,,,,
حضانة إيرلي بيرد (تلاع العلي),Early Bird Nursery (Tala Al-Ali),عمان,عمان,تلاع العلي,مجمع 44 – شارع عبد الحليم عباس,KG-AM-0775,,,,,,
روضة الطفل السعيد,Al-Tifl Al-Saeed KG,عمان,عمان,شرق عمان,ماركا الشمالية – حمزة,KG-HASH-BCCAE8EB-9,,,,,,
حضانة هيا سبراوتس,Haya Sprouts Preschool,عمان,عمان,خلدا,شاكر بن زيد,KG-AM-0776,,,,,,
حضانة بيتي الصغير,My Little Home Nursery,عمان,عمان,شمال عمان,يوسف بن تاشفين 20 – الشميساني,KG-HASH-A45EF066-9,,,,,,
روضة كيدز واي,Kids Way Kindergarten,عمان,عمان,خلدا,شارع الأوزاعي – مجمع 11,KG-AM-0777,,,,,,
حضانة جريت بيجينينجز,Great Beginnings Child Care,عمان,عمان,جبل الحسين,شارع إسماعيل بابوق,KG-HASH-3561F16A-9,,,,,,
حضانة ليتل ستيبس,Little Steps Nursery,عمان,عمان,خلدا,شارع الشيخ حسين الجسر,KG-AM-0778,,,,,,
حضانة رايت ستارت,Right Start Nursery,عمان,عمان,اليوبيل,اليوبيل,KG-AM-0779,,,,,,
روضة الأصدقاء المبدعين,Creative Friends KG,عمان,عمان,خلدا,شارع عبد الله بن مسعود 20,KG-AM-0780,,,,,,
حضانة الجيل القادم,Next Generation Nursery,عمان,عمان,شمال عمان,المدينة الرياضية – شمس الدين الذهبي,KG-HASH-26164CE9-9,,,,,,
حضانة ليتل فلاورز,Little Flowers Day Nursery,عمان,عمان,خلدا,خلدا,KG-AM-0781,,,,,,
حضانة كيدز ستيبس,Kids Steps Nursery,عمان,عمان,الرابية,شارع تلمسان – مجمع 5,KG-AM-0782,,,,,,
حضانة شيري تري,Cherry Tree Nursery,عمان,عمان,جبل الحسين,شارع محمد جمجوم – مجمع 2,KG-AM-0783,,,,,,
حضانة ثراء كيدز,Thraa Kids Nursery,عمان,عمان,شرق عمان,شرق عمان,KG-AM-0784,,,,,,
حضانة الفقاعة المضحكة,Funny Bubble Nursery,عمان,عمان,أم السماق,شارع عطيوي المجالي – بناية 26,KG-HASH-68475EC4-18,,,,,,
حضانة طيور المحبة,Birds of Love Nursery,عمان,عمان,جبل عمان,دوار ثاني – شارع المعتصم 55 – بجانب عمارة قناة الجزيرة,KG-HASH-39B76A94-20,,,,,,
حضانة ريتان,Ritan Nursery,إربد,إربد,الحي الشرقي,خلف حلويات الكت والكات,KG-HASH-63C89E6F-18,,,,,,
حضانة الطفل الأمثل,Best Child Nursery,الزرقاء,الزرقاء,البتراوي,حي البتراوي,KG-HASH-9D52338B-20,,,,,,
حضانة أطفال الرونق,Ronaq Kids Nursery,عمان,عمان,الرونق,شارع محمد علي حسين الكردي – عمارة 30,KG-HASH-F80BBEEE-9,,,,,,
حضانة البالون,Balloon Nursery,عمان,عمان,الدوار السابع,بجانب فندق جنيفا,KG-HASH-B3A79E1B-9,,,,,,
حضانة براعم الرمثا التعليمية والنموذجية,Baraem Al-Ramtha Educational & Model,الرمثا,الرمثا,الرئيسي,الرئيسي,KG-HASH-E7F2DA07-9,,,,,,
حضانة النبات السليم,Healthy Plant Nursery,عمان,عمان,طبربور,حي الشهيد الجنوبي,KG-HASH-F9974F8A-9,,,,,,
حضانة أرض النجوم,Land of Stars Nursery,عمان,عمان,ضاحية الرشيد,مقابل مدرسة تقارب,KG-HASH-2AB7CA43-10,,,,,,
حضانة صقور العزة,Falcons of Pride Nursery,عمان,عمان,أبو نصير,شارع السعادة,KG-HASH-0CF80CD3-9,,,,,,
حضانة أطفال التوت البري,Wild Berry Kids Nursery,عمان,عمان,اليوبيل,شارع عبدالله غوشة – بجانب مسجد أحد,KG-HASH-6F0E538C-9,,,,,,
حضانة أنس وأمير,Anas & Amir Nursery,عمان,عمان,الجبيهة,حي الريان – شارع المريري,KG-HASH-4EF9D4C1-9,,,,,,
حضانة ألوان الفرح للأطفال,Colors of Joy Nursery,عمان,عمان,شرق عمان,حي العبداللات – بجانب مدرسة الكندي,KG-HASH-74D75DC4-9,,,,,,
حضانة أحمد وضحى,Ahmed & Dahaa Nursery,إربد,إربد,الصريح,الصريح,KG-HASH-09CFD651-9,,,,,,
حضانة البداية السعيدة النموذجية,Happy Beginning Model Nursery,عمان,عمان,اليوبيل,شارع المدينة المنورة,KG-HASH-660684B1-9,,,,,,
حضانة أنا وأخي نمرح,Me & My Brother Play Nursery,مادبا,مادبا,اليرموك,شارع اليرموك,KG-HASH-9CFA6D03-9,,,,,,
حضانة جود وميرا,Jood & Mira Nursery,الزرقاء,الزرقاء,جبل المغير,قرب صيدلية شمع العسل,KG-HASH-39A390C9-9,,,,,,
حضانة ضوء القمر,Moonlight Nursery,عمان,عمان,الصويفية,قرب قرية الصويفية – شارع زكي الصويتي,KG-HASH-A1634816-9,,,,,,
حضانة بيت الحلوة للأطفال,Sweet Home Kids Nursery,عمان,عمان,الجاردنز,خلف مدارس الرأي – عمارة 20,KG-HASH-D1B5B898-9,,,,,,
حضانة الطفل العربي,Arab Child Nursery,إربد,إربد,الحي الشرقي,قرب أسواق المؤسسة العسكرية,KG-HASH-B8E907D2-9,,,,,,
حضانة حبايبنا,Our Darlings Nursery,إربد,إربد,النعيمة,النعيمة,KG-HASH-946430F8-9,,,,,,
حضانة الخطوات التعليمية,Educational Steps Nursery,عجلون,عجلون,عبين,خلف مطعم داريا – شارع إربد–عجلون,KG-HASH-A36C5601-9,,,,,,
حضانة فوفو ودودو,Fufu & Dodo Model Nursery,عمان,عمان,مرج الحمام,حي الأمير حمزة,KG-HASH-CC4AA39E-9,,,,,,
حضانة ورود المستقبل,Future Roses Nursery,عمان,عمان,الرونق,شارع الأصبه – بناية 6,KG-HASH-9EBF0C55-10,,,,,,
حضانة الانطباعات الأولى,First Impressions Nursery,إربد,إربد,الراهبات الوردية,غرب مسجد أبو دلو,KG-HASH-18EA009C-9,,,,,,
حضانة بابا سنفور,Papa Smurf Nursery,إربد,إربد,إربد,إربد,KG-HASH-C96222D2-9,,,,,,
حضانة جمعية الشابات المسيحية الخيرية-الفحيص,YWCA Al-Fuheis Nursery,البلقاء,السلط,الفحيص,خلف بيت الفحيص – شارع صبيان الحصان,KG-HASH-E90DA012-9,,,,,,
حضانة رياحين الجنة,Breezes of Paradise Nursery,عمان,عمان,شرق عمان,الهاشمي الشمالي – شارع الحارث العبدي,KG-HASH-5E4BFD57-9,,,,,,
حضانة خمسة وستون 65,65 Nursery,البلقاء,السلط,المدينة الرياضية,قرب مدارس السلط الأهلية,KG-HASH-B9CFA36F-9,,,,,,
حضانة جنة الورد,Rose Paradise Nursery,عجلون,عجلون,عين جنا,مبنى البلدية – وسط البلد,KG-HASH-9224266E-9,,,,,,
حضانة الكلمات الأولى,First Words Nursery,عمان,عمان,الصويفية,شارع سعيد المفتي – عمارة 16,KG-HASH-B7734AB4-10,,,,,,
حضانة زين ونانا,Zain & Nana Nursery,البلقاء,السلط,أم عليه,الشارع الرئيسي,KG-HASH-B22FB8B1-9,,,,,,
حضانة أفضل مكان لطفلك,Best Place for Your Child Nursery,إربد,إربد,إربد,,KG-HASH-52700EB7-9,,,,,,
حضانة زهور الليلك,Lilac Flowers Nursery,عمان,عمان,اليوبيل,مقابل مركز صحي أم السوس,KG-HASH-DC055CFC-9,,,,,,
المستوى الرفيع المتميز للتعليم,High Level Distinguished Education,عمان,عمان,الشميساني,شارع ابن الفارض 11,KG-HASH-CE292D29-9,,,,,,
حضانة المملكة الصغيرة,Small Kingdom Nursery,عمان,عمان,ضاحية الياسمين,شارع حفصة بنت عمرو 35,KG-HASH-4409DD81-9,,,,,,
حضانة أحلام المستقبل النموذجية,Dreams of the Future Model Nursery,مادبا,مادبا,الخطابية,الخطابية,KG-HASH-38D0B96A-9,,,,,,
حضانة عبق الربيع,Spring Fragrance Nursery,عمان,عمان,شرق عمان,طبربور – شارع قمر اليافي مقابل حلويات نفيسة,KG-HASH-6C1C8513-9,,,,,,
حضانة الانامل الذهبية,Golden Fingers Nursery,عمان,عمان,شرق عمان,ماركا الشمالية – شارع فاطمة الزهراء – مسجد فاطمة الزهراء,KG-HASH-4235AA00-13,,,,,,
حضانة حكايتي الصغيرة,My Little Story Nursery,عمان,عمان,الجبيهة,مقابل الجمعية العلمية الملكية – ط الأرضي,KG-HASH-41922AC3-13,,,,,,
حضانة براعم السكر,Sugar Buds Nursery,العقبة,العقبة,السكنية الثالثة,شارع العباسيين – بجانب مسجد سعد بن أبي وقاص,KG-HASH-4AA4B4D3-13,,,,,,
حضانة درجات صغيرة,Small Steps Nursery,عمان,عمان,اليوبيل,دوار البرديني – قرب مدارس الإشراق,KG-HASH-FF9AE220-13,,,,,,
حضانة أشكال النموذجية,Shapes Model Nursery,إربد,إربد,خلف مستشفى إربد التخصصي,0772155227,KG-IR-0015,,,,,,
حضانة لطفولة أرقى,Finer Childhood Nursery,الزرقاء,الزرقاء,مدينة الشرق,قرب دوار الطيارة,KG-HASH-0BA37A4E-13,,,,,,
حضانة سلمى وزين,Salma & Zain Nursery,البلقاء,السلط,البقيع,البقيع,KG-HASH-2761F2DE-13,,,,,,
حضانة هلا وغلا,Hala & Ghala Nursery,عمان,عمان,شرق عمان,طبربور – قرب إسكان الجيش – حديقة العهد والوفا – يوسف بني ياسين 9,KG-HASH-4CB76A0C-13,,,,,,
حضانة من الألف إلى الياء,From A to Z Nursery,عمان,عمان,جنوب عمان,مرج الحمام – إسكان عالية – فيلا 30,KG-AM-0785,,,,,,
حضانة الطفل السعيد,Happy Child Nursery,عمان,عمان,شرق عمان,ماركا الشمالية – حمزة – قرب مدرسة الشريف حسين,KG-HASH-0635148B-15,,,,,,
حضانة بدايات عظيمة,Great Beginnings Nursery,عمان,عمان,جبل الحسين,شارع إسماعيل بابوق 5,KG-HASH-6AD2B97C-15,,,,,,
حضانة ديمة النموذجية,Dima Model Nursery,البلقاء,السلط,شفا العامرية,شفا العامرية,KG-HASH-756B81D8-13,,,,,,
حضانة ضحكات الطفولة,Childhood Laughter Nursery,عمان,عمان,الشميساني,بناية 39 – شارع معروف الرصافي,KG-HASH-16722FFC-13,,,,,,
حضانة الأطفال السعداء,Happy Children Nursery,عمان,عمان,اليوبيل,مرج الحمام – شارع نالتشك – قرب مطعم دنيا المشاوي,KG-HASH-BE5F5773-13,,,,,,
حضانة جوان النموذجية,Jawan Model Nursery,الزرقاء,الزرقاء,الهاشمية,الحي الشرقي,KG-HASH-EBD119C2-13,,,,,,
حضانة نور الجبيهة,Nour Al-Jubeiha Nursery,عمان,عمان,الجبيهة,شارع مفلح اللوزي – بناية 32 – مقابل مفروشات شهوان,KG-HASH-68257B5B-13,,,,,,
حضانة وروضة رونق المودة,Ronaq Al-Mawaddah Nursery & KG,عمان,عمان,البيادر,شارع خضر قردن – مقابل النادي الأهلي,KG-HASH-0A2E8BF3-14,,,,,,
حضانة بريق النمارق,Briq Al-Namarq Nursery,البلقاء,السلط,البقعان,بجانب مدرسة فاطمة الزهراء,KG-HASH-C98B3A42-13,,,,,,
حضانة الأرض السعيدة,Happy Land Nursery,عمان,عمان,جنوب عمان,المقابلين – حي الصحابة – شارع عبد الكريم الخطاب,KG-HASH-A21959BA-13,,,,,,
حضانة الحمامي,Al-Hammami Nursery,عمان,عمان,الجبيهة,شارع الريان – أم زويتينة,KG-HASH-6C739D9A-13,,,,,,
أكاديمية مدرسة وروضة جنى دان,Jana Dan Academy & KG,الزرقاء,الزرقاء,بيرين,خلف النبعة,KG-HASH-63D4D1AC-13,,,,,,
حضانة شذى الورد,Shatha Al-Ward Nursery,عمان,عمان,شرق عمان,طبربور – شارع عجاج الهبارنة – قرب مسجد عباد الرحمن,KG-HASH-E4A8221D-13,,,,,,
حضانة بذور الغد,Seeds of Tomorrow Nursery,عمان,عمان,شرق عمان,إسكان الجيش – شارع عبدالقادر الزغول – باتجاه أبو عليا,KG-HASH-B85BE7B2-13,,,,,,
حضانة ناريمان النموذجية,Nariman Model Nursery,الرمثا,الرمثا,الرمثا,مقابل مدرسة جمانة,KG-HASH-A5004523-13,,,,,,
حضانة كوكب المرح الطفولي,Fun Planet Childhood Nursery,العقبة,العقبة,الثامنة,قرب مسجد الكالوتي,KG-HASH-1E3C633A-13,,,,,,
حضانة ورود الربيع,Spring Roses Nursery,البلقاء,السلط,ماحص,شارع المدارس,KG-HASH-3D270AC1-13,,,,,,
حضانة حسام وسبأ الحديثة,Husam & Saba Modern Nursery,إربد,إربد,الحصن,الحي الشرقي – شارع الكلية,KG-HASH-5DF86710-13,,,,,,
حضانة تكوين,Takween Nursery,عمان,عمان,شمال عمان,طلوع الجاذبية – قرب سوبرماركت ياهلا,KG-HASH-9112EFC2-13,,,,,,
حضانة الفطاحلة النموذجية,Al-Fatahilah Model Nursery,إربد,إربد,الحي الجنوبي,جنوب غرب دوار صحارى – 300 متر,KG-HASH-6FF73128-13,,,,,,
حضانة بيت السكاكر,Candy House Nursery,إربد,إربد,الراهبات الوردية,خلف مستشفى الراهبات الوردية – بجانب السور,KG-HASH-B3342EDC-13,,,,,,
حضانة القلب السعيد,Happy Heart Nursery,عمان,عمان,شرق عمان,ضاحية الأمير حسن – قرب مطعم الهنيني,KG-HASH-D57300DD-13,,,,,,
حضانة كوخ الدب,Bear Cabin Nursery,الزرقاء,الزرقاء,الجبل الشمالي,شارع الملك عبد الله الثاني,KG-HASH-7F0FA9DD-13,,,,,,
حضانة الفقاعة المضحكة,Funny Bubble Nursery,عمان,عمان,أم السماق,شارع عطيوي المجالي – بناية 26,KG-HASH-68475EC4-19,,,,,,
حضانة طيور المحبة,Birds of Love Nursery,عمان,عمان,جبل عمان,دوار ثاني – شارع المعتصم 55 – بجانب عمارة قناة الجزيرة,KG-HASH-39B76A94-21,,,,,,
حضانة ريتان,Ritan Nursery,إربد,إربد,الحي الشرقي,خلف حلويات الكت والكات,KG-HASH-63C89E6F-19,,,,,,
حضانة الطفل الأمثل,Best Child Nursery,الزرقاء,الزرقاء,البتراوي,حي البتراوي,KG-HASH-9D52338B-21,,,,,,
روضة ومدارس اكادميه ريتال الدوليه/شركة التعاون للتعليم والاس,,,,فرع شمال عمان,تقاطع جسر ياجوز شارع الاردن,KG-HASH-E0629C83,,,,1.html,فرع شمال عمان,New unique record extracted from HTML source.
شركة فيصل ورندة البيايضة / حضانة الصياد الصغير,,,,فرع جنوب عمان,مرج الحمام شارع محمد بن طلال بن محمد,KG-HASH-6240C5AF,,,,1.html,فرع جنوب عمان,New unique record extracted from HTML source.
حضانة عبق عجلون النموذجيه خلدون عبد الرحمن قاسم المومني,,,,فرع عجلون,عجلون عبين شارع اربد مقابل صالة النورس,KG-HASH-383AB546,,,,1.html,فرع عجلون,New unique record extracted from HTML source.
شركةمؤسسه المنهل التربويه,,,,فرع شمال عمان,عمان اسكان الجامعه الاردنيه,KG-HASH-C54B3D43,,,,1.html,فرع شمال عمان,New unique record extracted from HTML source.
معتصم و علي حياصات,,,,فرع السلط,الصافح,795773909,,,,1.html,فرع السلط,New unique record extracted from HTML source.
حضانة نبال,,,,فرع السلط,السلط/البقيع,KG-HASH-B0770603,,,,1.html,فرع السلط,New unique record extracted from HTML source.
حضانة بلوتو,,,,فرع اربد,اربد-الحي الشرقي- شرق الملعب البلدي,781074376,,,,1.html,فرع اربد,New unique record extracted from HTML source.
حضانة حلا الحلوين,,,,فرع السلط,قرب جامعة البلقاء-طريق بطنا الرئيسي,797356203,,,,1.html,فرع السلط,New unique record extracted from HTML source.
حضانه شعاع الشمس / نداء حسنى راشد الخزاعى,,,,فرع اليوبيل,وادي السير,795787863,,,,1.html,فرع اليوبيل,New unique record extracted from HTML source.
شركة العبيسات والخضيرات/حضانة طوق الياسمين,,,,فرع شرق عمان,طبربور/مظهر علاونة/بجانب موسيقات القوات المسلحة اسكان الضباط,KG-HASH-33DB6FE2,,,,1.html,فرع شرق عمان,New unique record extracted from HTML source.
نها عطا خليل ابو الشعر / حضانة ماما رولا,,,,فرع شرق عمان,عمان - شفا بدران - حي ذهيبه خلف مطعم الكلحه بناية 3,KG-HASH-9CBD52CC,,,,1.html,فرع شرق عمان,New unique record extracted from HTML source.
حضانة العبقري الصغير,,,,فرع اربد,اربد/ايدون/قرب دوار النسيم,772431780,,,,1.html,فرع اربد,New unique record extracted from HTML source.
حضانة غزل البنات,,,,فرع شرق عمان,طبربور طارق شارع عبد المهدي المراطي مقابل السهل الاخضر,KG-HASH-B8053318,,,,1.html,فرع شرق عمان,New unique record extracted from HTML source.
حضانة ايناس الفراهيد,,,,فرع شمال عمان,تلاع العلي,555555555,,,,1.html,فرع شمال عمان,New unique record extracted from HTML source.
شركة الكروان لتجارة المواد الغذائيه/حضانة البدايات المشرقه الدولية,,,,فرع عمان المركز,عمان ام اذينه,KG-HASH-61390352,,,,1.html,فرع عمان المركز,New unique record extracted from HTML source.
حضانة غاده الاطفال,,,,فرع جنوب عمان,عمان_جبل التاج/قرب محول الكهرباءالشارع الرئيسي,796677798,,,,1.html,فرع جنوب عمان,New unique record extracted from HTML source.
حضانة بيت ستي,,,,فرع اربد,دوار القبه،مقابل شركة الكهرباء,797160145,,,,1.html,فرع اربد,New unique record extracted from HTML source.
حضانة خطوات ناعمة/سابقا حضانة انا واصحابي,,,,فرع شمال عمان,تلاع العلي /خلف اسواق السلطان,791555367,,,,1.html,فرع شمال عمان,New unique record extracted from HTML source.
حضانة اسوار الحديقه الصغيره,,,,فرع شمال عمان,دخلة شركة بيجو بعد الدوار اول دخلة شمال بناية رقم 11,5857570,,,,1.html,فرع شمال عمان,New unique record extracted from HTML source.
حضانة نايا,,,,فرع السلط,الفحيص - طريق البكالوريا,5310967,,,,1.html,فرع السلط,New unique record extracted from HTML source.
حضانة سنابل الربيع النموذجيه,,,,فرع الكرك,البوابه الجنوبيه,796268231,,,,1.html,فرع الكرك,New unique record extracted from HTML source.
حضانة نايا وردينا,,,,فرع السلط,شارع البكالوريا,777727287,,,,1.html,فرع السلط,New unique record extracted from HTML source.
حضانة رؤى النموذجيه,,,,فرع اليوبيل,مرج الحمام - شارع البيان,796633817,,,,1.html,فرع اليوبيل,New unique record extracted from HTML source.
شركة حضانة النجوم المتلالئة,,,,فرع اليوبيل,مرج الحمام شارع نايف بن عاصم,KG-HASH-DC0A85BE,,,,1.html,فرع اليوبيل,New unique record extracted from HTML source.
شركه روضه الانامل المبدعه,,,,فرع اليوبيل,دير غبار,KG-HASH-B6FE751C,,,,1.html,فرع اليوبيل,New unique record extracted from HTML source.
الحضانه البرونزيه,,,,فرع اليوبيل,الصويفيه/ش صلاح طوقان/عماره44,KG-HASH-25EED9C1,,,,1.html,فرع اليوبيل,New unique record extracted from HTML source.
حضانه نور,,,,فرع عمان المركز,الرابيه -الضاحيه الحسين,5524962,,,,1.html,فرع عمان المركز,New unique record extracted from HTML source.
روضة وحضانة ادم,,,,فرع اليوبيل,عبدون الشمالي /شارع علي سيدو الكردي,KG-HASH-5C9404A3,,,,1.html,فرع اليوبيل,New unique record extracted from HTML source.
علا عامر عاشور دعنا- حضانة الكنغر,,,,فرع عمان المركز,ام اذينه-خلف ابراج السادس-الدوار السادس-بجانب المركز الصيني,65524053,,,,1.html,فرع عمان المركز,New unique record extracted from HTML source.
حضانة الق الشميساني,,,,فرع عمان المركز,الشمساني ش عبداللع بن عباس,795614229,,,,1.html,فرع عمان المركز,New unique record extracted from HTML source.
حضانة الخنفساء الصغيرة,,,,فرع شمال عمان,الشميساني خلف السيفوي,790056789,,,,1.html,فرع شمال عمان,New unique record extracted from HTML source.
روضة وحضانة ذكريات الطفوله,,,,فرع اربد,شارع بغداد-غرب اشارة الدرواشة,27263283,,,,1.html,فرع اربد,New unique record extracted from HTML source.
حضانه الطفل الحلو/سويت بيبي,,,,فرع شمال عمان,الشميساني خلف الماريوت قرب وزاره المياه,5656027,,,,1.html,فرع شمال عمان,New unique record extracted from HTML source.
حضانة وروضة المدرسة الذكية للطفل النجم,,,,فرع شمال عمان,ضاحية الرشيد/21/ خلف مركز الحسين للسرطان,799857970,,,,1.html,فرع شمال عمان,New unique record extracted from HTML source.
شركة سماره والدغليس,,,,فرع شمال عمان,قرب دوار خلدا قرب اكاديمية عمان,798393515,,,,1.html,فرع شمال عمان,New unique record extracted from HTML source.
حضانة الاوقات السعيده,,,,فرع شمال عمان,تلاع العلي مقابل مسجد التلاوي,5523087,,,,1.html,فرع شمال عمان,New unique record extracted from HTML source.
حضانة وردي وازرق,,,,فرع شمال عمان,سوق السلطان بعد دخلة صيدلية خالد,796861634,,,,1.html,فرع شمال عمان,New unique record extracted from HTML source.
حضانة اولادي الصغار,,,,فرع شرق عمان,ماركا الجنوبية- نادي السباق-حي الأمير حسن بناية14,772505068,,,,1.html,فرع شرق عمان,New unique record extracted from HTML source.
حضانة جنى ونايا,,,,فرع شرق عمان,شفا بدران الشارع الرئيسي مقابل مجمع مكه المكرمه,799151436,,,,1.html,فرع شرق عمان,New unique record extracted from HTML source.
حضانه احلى الاجواء للاطفال,,,,فرع اليوبيل,ضاحيه الامير راشد,0,,,,1.html,فرع اليوبيل,New unique record extracted from HTML source.
شركة عدنان فقيسي ومحمد القطامي/حضانة الحضن الدافىء,,,,فرع شرق عمان,النصر حي الامير حسن مقابل مدارس الناصر,4911071,,,,1.html,فرع شرق عمان,New unique record extracted from HTML source.
حضانه عايدة,,,,فرع السلط,عين الباشا / التطوير الحضري,KG-HASH-4D461A64,,,,1.html,فرع السلط,New unique record extracted from HTML source.
حضانه هنا لنكبر,,,,فرع اليوبيل,الدوار السابع عماره رقم 2 ط ارضي بجانب السفاره السيريلانكيه,KG-HASH-FD3311DF,,,,1.html,فرع اليوبيل,New unique record extracted from HTML source.
حضانة شجرة الكرز,,,,فرع عمان المركز,جبل الحسين خلف دوار الداخلية - خلف المركز الصحي,4006176,,,,1.html,فرع عمان المركز,New unique record extracted from HTML source.
حضانة طريق المستقبل,,,,فرع اربد,اربد/ خلف مستشفى القواسمي,797021868,,,,1.html,فرع اربد,New unique record extracted from HTML source.
المدارس العمريه المساهمه الخصوصيه المحدوده,,,,فرع شمال عمان,عمان / تلاع العلي / حي البستان,KG-HASH-EBE4269E,,,,1.html,فرع شمال عمان,New unique record extracted from HTML source.
شركة البرج للتربية والتعليم/ مدارس البرج للتربية والتعليم,,,,فرع اليوبيل,الدوار السابع مقابل نادي السيارات الملكي,5885445,,,,1.html,فرع اليوبيل,New unique record extracted from HTML source.
حضانة جمعية الشابات المسيحيه,,,,فرع السلط,الفحيص ام عليق,4721683,,,,1.html,فرع السلط,New unique record extracted from HTML source.
حضانه نعمه الله,,,,فرع شرق عمان,طبربور / منطقه طارق خلف الامانه شارع العيزريه,5051472,,,,1.html,فرع شرق عمان,New unique record extracted from HTML source.
حضانة زهرة التوليب,,,,فرع الزرقاء,الزرقاء/الزرقاء الجديدة/ش.واصل بن عطاء/,772505055,,,,1.html,فرع الزرقاء,New unique record extracted from HTML source.
حضانة الدلال,,,,فرع السلط,السلط - المغاريب,KG-HASH-4C21AA9B,,,,1.html,فرع السلط,New unique record extracted from HTML source.
حضانه جبل التاج النموذجيه,,,,فرع جنوب عمان,اليرموك/حي جبل التاج/ شارع المنسي,795185886,,,,1.html,فرع جنوب عمان,New unique record extracted from HTML source.
حضانة نبات حسن النموذجيه,,,,فرع شرق عمان,طبربور/الشهيد الشمالي/9 ش جميل شاكر/مقابل هيئة الاتصالات,KG-HASH-BFCCA6AA,,,,1.html,فرع شرق عمان,New unique record extracted from HTML source.
حضانة هتوف,,,,فرع اربد,اربد- الحي الشرقي- غرب دوار الشهداء,772155888,,,,1.html,فرع اربد,New unique record extracted from HTML source.
حضانه نيروخ النموذجية,,,,فرع جنوب عمان,الاشرفية شارع حسبان رقم المبنى 11,785898213,,,,1.html,فرع جنوب عمان,New unique record extracted from HTML source.
حضانة ابن العز,,,,فرع شرق عمان,عمان -طبربور - الخزنه ش حسين عبد الله المجاغفه,772180728,,,,1.html,فرع شرق عمان,New unique record extracted from HTML source.
حضانة ارض الحلوى,,,,فرع شمال عمان,بقرب مدارس المعارف,5555555,,,,1.html,فرع شمال عمان,New unique record extracted from HTML source.
حضانة عالم الصغار,,,,فرع عمان المركز,الشميساني / خلف جامع الفيحاء شارع اسيد بن ثعلبه,KG-HASH-7ADE73A6,,,,1.html,فرع عمان المركز,New unique record extracted from HTML source.
حضانة هبوش,,,,فرع شرق عمان,عمان - شفا بدران - ش حمدان الحجاج مقابل مدرسة المبادئ العلمي,778781149,,,,1.html,فرع شرق عمان,New unique record extracted from HTML source.
حضانة احلى عالم,,,,فرع اربد,اربد- ايدون - الشارع الرئيسي,776252046,,,,1.html,فرع اربد,New unique record extracted from HTML source.
شركة حضانة كتيب الاطفال,,,,فرع اليوبيل,مرج الحمام/ضاحية النخيل,787772777,,,,1.html,فرع اليوبيل,New unique record extracted from HTML source.
حضانة العب واكبر,,,,فرع اليوبيل,الجندويل,799816092,,,,1.html,فرع اليوبيل,New unique record extracted from HTML source.
حضانة نكبر ونتعلم معا,,,,فرع اليوبيل,وادي السير حي الروابي شارع عبدالرحمن خليفة,798745578,,,,2.html,فرع اليوبيل,New unique record extracted from HTML source.
حضانة نادي السندباد,,,,فرع شمال عمان,خلف مجمع بهجت جاردنز,790490973,,,,2.html,فرع شمال عمان,New unique record extracted from HTML source.
حضانة متعة التعلم,,,,فرع اربد,بجانب ارابيلا مول دخلة شارع نور رشيد خريس,786716531,,,,2.html,فرع اربد,New unique record extracted from HTML source.
روضه وحضانه جنه الطفل,,,,فرع عمان المركز,جبل اللويبدة /م0مكتبه الجامعه/ م بنك القاهره اللويبده,4636134,,,,2.html,فرع عمان المركز,New unique record extracted from HTML source.
حضانة علاء الدين الحساسنه,,,,فرع الطفيلة,الطفيله/واد زيد/جانب المستشفى العسكري,777684660,,,,2.html,فرع الطفيلة,New unique record extracted from HTML source.
حضانة اشبال المستقبل,,,,فرع السلط,البلقاء/الفحيص/ام النعاج,799224144,,,,2.html,فرع السلط,New unique record extracted from HTML source.
حضانه القلب الطيب النموذجية,,,,فرع السلط,عمان الكماليه شارع الاميره هيا,797980353,,,,2.html,فرع السلط,New unique record extracted from HTML source.
حضانة الام الخارقه,,,,فرع الكرك,الكرك/ الثنية /خلف كازية المناصير,KG-HASH-FCFF9E03,,,,2.html,فرع الكرك,New unique record extracted from HTML source.
روضة ومدارس الابداع التربوي,,,,فرع شمال عمان,قرب دوار المنهل,KG-HASH-91A4559F,,,,2.html,فرع شمال عمان,New unique record extracted from HTML source.
حضانه رتاج,,,,فرع اربد,اربد / الحي الجنوبي / بجانب المحكمه الشرعيه,7103440,,,,2.html,فرع اربد,New unique record extracted from HTML source.
شركة حضانة هورايزن,,,,فرع اليوبيل,عمان وادي السير الروابي شارع البراء بن عازب,KG-HASH-802327E2,,,,2.html,فرع اليوبيل,New unique record extracted from HTML source.
حضانة وروضه زهرة المانوليا,,,,فرع اربد,اربد/ ايدون/ مقابل مدرسة المنارة/ خلف اسواق الديري,799233569,,,,2.html,فرع اربد,New unique record extracted from HTML source.
حضانة أرانب صغيرة,,,,فرع شرق عمان,شفا بدران - مرج الفرس مقابل سوبر ماركت ابو عيسى,790685604,,,,2.html,فرع شرق عمان,New unique record extracted from HTML source.
حضانة قصة نجاح,,,,فرع اربد,اربد/ الحي الشرقي,792121140,,,,2.html,فرع اربد,New unique record extracted from HTML source.
حضانة بنت و ولد,,,,فرع اربد,اربد/ الحي الشرقي/ شارع جرش/ قرب حديقة الزهراء,798604165,,,,2.html,فرع اربد,New unique record extracted from HTML source.
الشركة الاردنبة الامريكية لتعليم اللغات / مركز قاصد الثقافي,,,,فرع شمال عمان,شارع الملكة رانبا,KG-HASH-1C9E4E56,,,,2.html,فرع شمال عمان,New unique record extracted from HTML source.
حضانة نجم البحر,,,,فرع عمان المركز,الرابيه حي السلام / شارع انورين مسمار 4,KG-HASH-AA2CE132,,,,2.html,فرع عمان المركز,New unique record extracted from HTML source.
شركة حضانة ازهار اطفال والعاب,,,,فرع شرق عمان,شفا بدران - حي الكوم - ش.موسى الجهالين بناء 2,798366466,,,,2.html,فرع شرق عمان,New unique record extracted from HTML source.
روضة و حضانة وجه الثلج السعيد,,,,فرع اربد,اربد ايدون شرق دوار العيدات,796946737,,,,2.html,فرع اربد,New unique record extracted from HTML source.
حضانة بلوسوم,,,,فرع شمال عمان,قرب وزارة التعليم العالي,KG-HASH-E3C4BC75,,,,2.html,فرع شمال عمان,New unique record extracted from HTML source.
حضانة وروضة كلية الاطفال,,,,فرع اليوبيل,ضاحية الامير راشد/شارع البديع/مقابل المؤسسة العسكريه,5815215,,,,2.html,فرع اليوبيل,New unique record extracted from HTML source.
حضانه دنيا المرح,,,,فرع شرق عمان,ضاحية الاستقلال/مقابل ديوانا الخدمة المدنية قرب مسجد ابو بكر,797687996,,,,2.html,فرع شرق عمان,New unique record extracted from HTML source.
حضانة وروضة الانطلاقه,,,,فرع اليوبيل,الصويفية / ش حسن بكر العزازي / بنايه/40,5865080,,,,2.html,فرع اليوبيل,New unique record extracted from HTML source.
حضانة عطر الجوري للاطفال,,,,فرع جنوب عمان,الياسمين/شارع محمد سالم ذويب,KG-HASH-670B2F23,,,,2.html,فرع جنوب عمان,New unique record extracted from HTML source.
حضانة طفلي حبيبي,,,,فرع جنوب عمان,جبل التاج شارع الشهيد,795653184,,,,2.html,فرع جنوب عمان,New unique record extracted from HTML source.
سعاد عيسى الخطيب,,,,فرع عمان المركز,جبل الحسين شارع اللد بناية رقم 1,795291205,,,,2.html,فرع عمان المركز,New unique record extracted from HTML source.
حضانه الامومه للتعليم للمبكر,,,,فرع مادبا,مادبا حي العيادات خلف الكارفور,777916236,,,,2.html,فرع مادبا,New unique record extracted from HTML source.
عبدالله العتيبي وشريكته,,,,فرع شرق عمان,الهاشمي الشمالي ش الحارث العيدي اشارة العنبتاوي نزول السوق,780202052,,,,2.html,فرع شرق عمان,New unique record extracted from HTML source.
حضانة الطفل الرغيد,,,,فرع السلط,البلقاء السلط الصبيحي/مثلث الختوم,796222926,,,,2.html,فرع السلط,New unique record extracted from HTML source.
حضانه ليان وبانا,,,,فرع شرق عمان,عمان شفا بدران الكوم الشارع الرئيسي بجانب سلاله مول,785735403,,,,2.html,فرع شرق عمان,New unique record extracted from HTML source.
حضانة اكاديمية الازدهار,,,,فرع شرق عمان,طارق/طبربور/ش يوسف شكري خلف حلويات النجمة / اسكان العين,797456069,,,,2.html,فرع شرق عمان,New unique record extracted from HTML source.
هبه حسين علي جرادات / حضانة نيوتن النموذجيه,,,,فرع اربد,اربد/بشرى,772236988,,,,2.html,فرع اربد,New unique record extracted from HTML source.
محمد يوسف ارشيد منسي,,,,فرع اربد,اربد الحي الجنوبي بجانب مسجد عليا التل,785725644,,,,2.html,فرع اربد,New unique record extracted from HTML source.
حضانة شمس الصباح,,,,فرع جنوب عمان,المقابلين-الحرية-شارع ياسر محمود حجازي,KG-HASH-E94E5C5B,,,,2.html,فرع جنوب عمان,New unique record extracted from HTML source.
حضانة النجمة المضيئه,,,,فرع اليوبيل,الدوار الثامن - شارع النيزك,777469988,,,,2.html,فرع اليوبيل,New unique record extracted from HTML source.
حضانة السلالم الذهبية للاطفال,,,,فرع شمال عمان,المبني يقع على شارعين بيت محسير عمارة رقم 8 خلف قصر اليوسفي,KG-HASH-612AEAEA,,,,2.html,فرع شمال عمان,New unique record extracted from HTML source.
حضانة خطوة النجاح الاردنيه,,,,فرع عمان المركز,ام اذينه قرب وزارة البيئه,5531023,,,,2.html,فرع عمان المركز,New unique record extracted from HTML source.
براعم سما الحمر,,,,فرع السلط,عمان / الكماليه - شارع سراج الجين المخزومي,KG-HASH-D556F975,,,,2.html,فرع السلط,New unique record extracted from HTML source.
شركة شحاده وعزازي,,,,فرع اليوبيل,عمان البيادر حي السهل بجانب دخلة سجاد مناصرة,796775047,,,,2.html,فرع اليوبيل,New unique record extracted from HTML source.
جمعية الطفيله الخيريه للنهوض بالطفل,,,,فرع الطفيلة,الطفيله,32243755,,,,2.html,فرع الطفيلة,New unique record extracted from HTML source.
حضانة بلقيس النموذجيه,,,,فرع اربد,ايدون-حي عاليه-مقابل مدرسه مصعب بن عمير,779326206,,,,2.html,فرع اربد,New unique record extracted from HTML source.
حضانة قصص الخيال,,,,فرع شمال عمان,تلاع العلي/شارع عواد النعيمات/بناية15/مقابل مسجد التلاوي,555555,,,,2.html,فرع شمال عمان,New unique record extracted from HTML source.
حضانه ضحكة وبسمة,,,,فرع شرق عمان,بسمان/ضاحية الاقصى شارع عبد الله الجازي/قرب عريفة مول,785200885,,,,2.html,فرع شرق عمان,New unique record extracted from HTML source.
المعهدالوطنى للعلوم الهندسيه والاداريه,,,,فرع شمال عمان,المدينة الرياضية / شارع صرح الشهيد / بجانب حراج طبربور .,5154199,,,,2.html,فرع شمال عمان,New unique record extracted from HTML source.
التباشير البيضاء,,,,فرع اليوبيل,الروابي / ش التباشير / بنايه /16,KG-HASH-D126F87A,,,,2.html,فرع اليوبيل,New unique record extracted from HTML source.
هوشه و عبد النبي,,,,فرع اليوبيل,مرج الحمام دوار ام عبهره,799506086,,,,2.html,فرع اليوبيل,New unique record extracted from HTML source.
حضانة بيت الميمه (شركة ابوسير والفاعوري),,,,فرع شرق عمان,طبربور / منطقة طارق /ش عمره النجاريه م 2,796061820,,,,2.html,فرع شرق عمان,New unique record extracted from HTML source.
حضانة تيلا و تولا للاطفال,,,,فرع شرق عمان,شارع الرفادة,798236484,,,,2.html,فرع شرق عمان,New unique record extracted from HTML source.
حضانة البيت اللطيف,,,,فرع السلط,الفحيص - قرب مصنع الاسمنت,1111111,,,,2.html,فرع السلط,New unique record extracted from HTML source.
حضانة البذور الزاهره النموذجية,,,,فرع الكرك,منشية ابو حمور / الشارع الرئيسي / قرب المستشفى العسكري,KG-HASH-51826E33,,,,2.html,فرع الكرك,New unique record extracted from HTML source.
حضانة روعة الورد,,,,فرع الكرك,الكرك المرج الشارع الرئيسي,798718431,,,,2.html,فرع الكرك,New unique record extracted from HTML source.
حضانة وروضة اليانا,,,,فرع جنوب عمان,اسكان التلفزيون / شارع قيس بن نشبة / 41,790963914,,,,2.html,فرع جنوب عمان,New unique record extracted from HTML source.
حضانة منشية ابو حمور,,,,فرع الكرك,الكرك/ منشية ابو حمور/ الشارع الرئيسي,796345106,,,,2.html,فرع الكرك,New unique record extracted from HTML source.
حضانة حدود القمر,,,,فرع اربد,اربد,795246544,,,,2.html,فرع اربد,New unique record extracted from HTML source.
شركة حضانة الوجوه السعيده,,,,فرع اليوبيل,الروابي / ش علي احمد ازمقنا,5853124,,,,2.html,فرع اليوبيل,New unique record extracted from HTML source.
اكاديميه الروادالدوليه/شركه مدارس روادالمستقبل للتعليم والاس,,,,فرع شمال عمان,قرب مسجد جبران بجانب التعليم العالي,5300880,,,,2.html,فرع شمال عمان,New unique record extracted from HTML source.
اكاديمية الاساتذه الصغار,,,,فرع شمال عمان,طلوع سوق شاكر مقابل قصر الشريف ناصر,796032885,,,,2.html,فرع شمال عمان,New unique record extracted from HTML source.
حضانة ارض الياسمين,,,,فرع جنوب عمان,ضاحية الياسمين,797047879,,,,2.html,فرع جنوب عمان,New unique record extracted from HTML source.
حضانة مايا النموذجية,,,,فرع اربد,شارع البتراء,777442643,,,,2.html,فرع اربد,New unique record extracted from HTML source.
حضانة البداية الصحيحة,,,,فرع اليوبيل,مرج الحمام / شارع علي الختالين / دوار الشوابكه /,799770531,,,,2.html,فرع اليوبيل,New unique record extracted from HTML source.
حضانه الشذى النموذجيه,,,,فرع الزرقاء,جبل طارق دخلت مرايا,788124299,,,,2.html,فرع الزرقاء,New unique record extracted from HTML source.
حضانة الاطفال المبتسمون,,,,فرع عمان المركز,الرابيه مقابل مطعم الكلحه,5511020,,,,2.html,فرع عمان المركز,New unique record extracted from HTML source.
حضانة لؤي الصغير الدولية,,,,فرع اليوبيل,الدوار السابع/خلف فندق جنيفا,5816118,,,,2.html,فرع اليوبيل,New unique record extracted from HTML source.
حضانة حي الضباط النموذجيه,,,,فرع المفرق,حي الضباط-قرب الإستخبارات,786338248,,,,2.html,فرع المفرق,New unique record extracted from HTML source.
حضانة من المهد الى القلم,,,,فرع عمان المركز,مقابل الباب الرئيسي لحديقةالاميرهاشم بالقرب من مشفى الشميسان,5661464,,,,2.html,فرع عمان المركز,New unique record extracted from HTML source.
حضانة الفراولة,,,,فرع شمال عمان,تلاع العلي خلف فندق الهولدي ان,797345068,,,,2.html,فرع شمال عمان,New unique record extracted from HTML source.
حضانة الميلاد الجديد النموذجية,,,,فرع المفرق,المفرق الحي الجنوبي شارع الشهيد حسين بصبوص قرب روضة نادي الط,772275186,,,,2.html,فرع المفرق,New unique record extracted from HTML source.
حضانة وروضة الرؤيا الشامله الدوليه,,,,فرع اربد,اربد الملعب البلدي ش عبد القادر الحسيني,777722258,,,,2.html,فرع اربد,New unique record extracted from HTML source.
روضة دروب النور,,,,فرع عمان المركز,الرابيه شارع عبدالكريم الدباس مقابل مدارس الكامبردج 6,797512292,,,,2.html,فرع عمان المركز,New unique record extracted from HTML source.
حضانة الفهد الصغير,,,,فرع شمال عمان,تلاع العلي حي البركة شارع عبدالله العزب مجمع النادي الفيصلي,798477775,,,,2.html,فرع شمال عمان,New unique record extracted from HTML source.
شركة روضة وحضانة ريحانة تشرين,,,,فرع شمال عمان,بجانب مكة مول,KG-HASH-73D3F525,,,,2.html,فرع شمال عمان,New unique record extracted from HTML source.
حضانة شمس العز,,,,فرع شمال عمان,بجانب مستشفى تلاع العلي,KG-HASH-D168BA9D,,,,2.html,فرع شمال عمان,New unique record extracted from HTML source.
حضانة لارين,,,,فرع شمال عمان,خلف الجامعة الاردنية قرب مركز الحسين للسرطان,KG-HASH-FF440E55,,,,2.html,فرع شمال عمان,New unique record extracted from HTML source.
شركة كتاب وفرشاه لدور الحضانه,,,,فرع اليوبيل,الصويفيه/ش الشفاعة/دخلة مطعم اماسي/بناية 17,5923918,,,,2.html,فرع اليوبيل,New unique record extracted from HTML source.
حضانة عالم المرح,,,,فرع شمال عمان,ضاحية الرشيد خلف مجمع ابو الحاج,55555555,,,,2.html,فرع شمال عمان,New unique record extracted from HTML source.
حضانة وروضه بيتي الكبير,,,,فرع عمان المركز,الشميساني/بنايه5,795760380,,,,2.html,فرع عمان المركز,New unique record extracted from HTML source.
حضانة ازهار الفردوس,,,,فرع السلط,البلقاء السلط البحيره مقابل مسجد العطيات,777005910,,,,2.html,فرع السلط,New unique record extracted from HTML source.
روضة و حضانة خواطر,,,,فرع شمال عمان,ضاحية الرشيد - قرب الكلية العلمية الاسلامية -فيلا (5),KG-HASH-F0F667CF,,,,2.html,فرع شمال عمان,New unique record extracted from HTML source.
حضانة الاصابع الصغيره,,,,فرع شمال عمان,حي الخالدين شارع عناد عارف الجازي دخلة عاليه المركزي,5344319,,,,2.html,فرع شمال عمان,New unique record extracted from HTML source.
حضانة نور الهنا,,,,فرع شرق عمان,مقابل حديقة الراية,786051629,,,,2.html,فرع شرق عمان,New unique record extracted from HTML source.
حضانة فلونا,,,,فرع شمال عمان,منطقة الجبيهة / حي الزيتونة / 40 شارع ابو نصير,5357448,,,,2.html,فرع شمال عمان,New unique record extracted from HTML source.
حضانه جود وليان,,,,فرع شرق عمان,الهاشمي حي نايفه شارع ام حكيم,KG-HASH-831B0E20,,,,2.html,فرع شرق عمان,New unique record extracted from HTML source.
حضانة الاجيال الواعده,,,,فرع السلط,السلالم - مقابل مدرسة اليمامه,3530345,,,,2.html,فرع السلط,New unique record extracted from HTML source.
شركه المتعلمون الصغار للخدمات التعليميه,,,,فرع اليوبيل,عبدون الشمالي,799809040,,,,2.html,فرع اليوبيل,New unique record extracted from HTML source.
حضانة بندق وسكر,,,,فرع اربد,اربد/ الحي الشرقي/ شرق مركز الامن الشرقي,795507759,,,,2.html,فرع اربد,New unique record extracted from HTML source.
حضانة حدائق الورد,,,,فرع شمال عمان,مقبل البوابةالرئيسية حدائق الملك الحسين,KG-HASH-7B17A496,,,,2.html,فرع شمال عمان,New unique record extracted from HTML source.
شركة هدى ابوناصر وشريكها,,,,فرع شمال عمان,خلدا قرب دوار المعارف,789445549,,,,2.html,فرع شمال عمان,New unique record extracted from HTML source.
نهاد محمد علي قويدر,,,,فرع جنوب عمان,شارع زينب بنت قيس رقم ?,799177011,,,,2.html,فرع جنوب عمان,New unique record extracted from HTML source.
حضانة رند ورنيم,,,,فرع شمال عمان,جبيهه/مقابل التعليم العالي/مجمع ابو سطام التجاري,KG-HASH-BEC09F1F,,,,2.html,فرع شمال عمان,New unique record extracted from HTML source.
حضانة المدثر,,,,فرع المفرق,المفرق المدينة/الحي الجنوبي/قرب بقالة المومني,776446557,,,,2.html,فرع المفرق,New unique record extracted from HTML source.
حضانه عالم السماسم,,,,فرع جنوب عمان,ضاحيه الحاج حسن /شارع حي الروضة,795693564,,,,2.html,فرع جنوب عمان,New unique record extracted from HTML source.
شركه العطاري وابو هدبه /الحضانه البلاتينيه,,,,فرع اليوبيل,الصويفيه,797873911,,,,2.html,فرع اليوبيل,New unique record extracted from HTML source.
حضانة عيون سيرين,,,,فرع اربد,اربد / ضاحية الحسين / قرب حديقة الاستقلال,792807674,,,,2.html,فرع اربد,New unique record extracted from HTML source.
حضانة هدية الله النموذجيه,,,,فرع شرق عمان,ضاحية الاقصى- حي الرواق - ش.حابس المجالي - قرب مستشفى حمزه,795094647,,,,2.html,فرع شرق عمان,New unique record extracted from HTML source.
حضانة خطوات الصغار/KIDS STEPS,,,,فرع عمان المركز,الرابيه,5537256,,,,3.html,فرع عمان المركز,New unique record extracted from HTML source.
حضانة التعليم الفاعل,,,,فرع اليوبيل,البيادر,KG-HASH-FA400738,,,,3.html,فرع اليوبيل,New unique record extracted from HTML source.
شركة حضانة الحب والرعايه,,,,فرع شرق عمان,طبربور - ابو عليا - ش. مصلح الكوشه,795517574,,,,3.html,فرع شرق عمان,New unique record extracted from HTML source.
حضانة حلاوة شقاوة,,,,فرع شمال عمان,شارع الخلد/ خلف جريدة الدستور/9,5655507,,,,3.html,فرع شمال عمان,New unique record extracted from HTML source.
حضانة ربوع جبل طارق,,,,فرع الزرقاء,شارع سلمى,791475752,,,,3.html,فرع الزرقاء,New unique record extracted from HTML source.
حضانة بنان عنبتاوي,,,,فرع شمال عمان,تلاع العلي - شارع عبدالله العلمي - بناية 11,796975012,,,,3.html,فرع شمال عمان,New unique record extracted from HTML source.
حضانة سنافر الشوبك,,,,فرع مـعـان,معان - الشوبك - نجل,799367556,,,,3.html,فرع مـعـان,New unique record extracted from HTML source.
حضانة السلسال الذهبي النموذجية,,,,فرع شمال عمان,بجانب زهى الثقافي,5520007,,,,3.html,فرع شمال عمان,New unique record extracted from HTML source.
حضانة ورد ولين,,,,فرع شرق عمان,عمان/ ضاحية الامير حسن,797318619,,,,3.html,فرع شرق عمان,New unique record extracted from HTML source.
حضانه الواحه النموذجيه,,,,فرع اليوبيل,منطقة الصناعه/خلف مدارس ابوشقره,5854275,,,,3.html,فرع اليوبيل,New unique record extracted from HTML source.
حضانة مظلة الامان,,,,فرع اليوبيل,عمان مرج الحمام شارع سالم سلامة غيث,798181466,,,,3.html,فرع اليوبيل,New unique record extracted from HTML source.
حضانة حديقتي المفضله للاطفال,,,,فرع شرق عمان,شفا بدران/ شارع الاعراب/بجانب صالون لينا مطر,795925041,,,,3.html,فرع شرق عمان,New unique record extracted from HTML source.
حضانتي تتجاوز الافق,,,,فرع اليوبيل,عمان وادي السير الروابي/ ش الاميره ثروت,799944766,,,,3.html,فرع اليوبيل,New unique record extracted from HTML source.
حضانة الارض الخضراء للاطفال,,,,فرع اليوبيل,بدر الجديدة / الشارع الرئيسي/ قرب الامانة,777220073,,,,3.html,فرع اليوبيل,New unique record extracted from HTML source.
حضانة حجرة الاطفال الجميله,,,,فرع شمال عمان,الجبيهه / ام زويتينه/,KG-HASH-3073D3F9,,,,3.html,فرع شمال عمان,New unique record extracted from HTML source.
حضانه خطاب وليان,,,,فرع السلط,البلقاء السلط زي بجانب المركز الصحي,777379434,,,,3.html,فرع السلط,New unique record extracted from HTML source.
حضانة كريستال,,,,فرع اربد,اربد حي النزهه,776708896,,,,3.html,فرع اربد,New unique record extracted from HTML source.
حضانة الخطوة الاولى النموذجيه,,,,فرع اليوبيل,الدوار الخامس شارع عقبة بن نافع حي الرضوان منطقة زهران.,5931022,,,,3.html,فرع اليوبيل,New unique record extracted from HTML source.
حضانة جنة الرحمن,,,,فرع اربد,الحي الجنوبي جنوب مستشفى النجاح,796691197,,,,3.html,فرع اربد,New unique record extracted from HTML source.
حضانة علي بابا النموذجيه,,,,فرع السلط,البلقاء السلط خلف المحافظة,790794804,,,,3.html,فرع السلط,New unique record extracted from HTML source.
حضانة قصة الالعاب النموذجيه,,,,فرع شمال عمان,حي الصديق بجانب مدارس المنهل,797431211,,,,3.html,فرع شمال عمان,New unique record extracted from HTML source.
حضانة اللطافة والجمال,,,,فرع شرق عمان,شفا بدران / طاب كراع/ ش مركز التدريب المهني,791533945,,,,3.html,فرع شرق عمان,New unique record extracted from HTML source.
حضانة جدوعلي,,,,فرع شمال عمان,ضاحية الرشيد/قرب صيدلية الضواحي/6,65160355,,,,3.html,فرع شمال عمان,New unique record extracted from HTML source.
حضانة عالمي الممتع,,,,فرع اليوبيل,وادي السير - حي الروابي - شارع الحرم الإبراهيمي - بناية 54,65864791,,,,3.html,فرع اليوبيل,New unique record extracted from HTML source.
اكاديمية لانكشر الدوليه للتعليم,,,,فرع شمال عمان,تلاع العلي,792395008,,,,3.html,فرع شمال عمان,New unique record extracted from HTML source.
حضانة نور الشمس,,,,فرع عمان المركز,عمان / الرابيه / شارع نهاوند خلف دكان الكيك بناية 9,795133078,,,,3.html,فرع عمان المركز,New unique record extracted from HTML source.
حضانة قصر الاطفال للوسائل التعليميه,,,,فرع شمال عمان,حي الدينة الرياضية /شارع عباس بن فرناس-/1قرب مدرسة ابن عباس,797783409,,,,3.html,فرع شمال عمان,New unique record extracted from HTML source.
حضانة جنة ماعين,,,,فرع مادبا,مادبا/ماعين/مقابل المخبز,772494763,,,,3.html,فرع مادبا,New unique record extracted from HTML source.
حضانه وروضه براعم الشميساني,,,,فرع عمان المركز,عمان/الشميساني,65680717,,,,3.html,فرع عمان المركز,New unique record extracted from HTML source.
حضانة طيور الصباح,,,,فرع شمال عمان,تلاع العلي بعد مدرسة تلاع العلي للبنات مقابل الصالة الرياضية,KG-HASH-739120AE,,,,3.html,فرع شمال عمان,New unique record extracted from HTML source.
حضانه وروضه البستان,,,,فرع شمال عمان,تلاع العلي /خلف الرأي,KG-HASH-CB83DA24,,,,3.html,فرع شمال عمان,New unique record extracted from HTML source.
حضانه سنا المجد,,,,فرع جـرش,جرش جبل الشيخ مصلح,785861451,,,,3.html,فرع جـرش,New unique record extracted from HTML source.
اكاديمية ومدارس المشاهيرللعلم والمعرفة,,,,فرع سحاب,سحاب / خلف نقولا ابو خضر,KG-HASH-B27C42E6,,,,3.html,فرع سحاب,New unique record extracted from HTML source.
حضانة العقول المدبرة,,,,فرع اليوبيل,عمان الجبدويل شارع عبدالله رجب هاكوز,65816855,,,,3.html,فرع اليوبيل,New unique record extracted from HTML source.
حضانه الخطى الصغيره,,,,فرع شمال عمان,الشميساني,799763161,,,,3.html,فرع شمال عمان,New unique record extracted from HTML source.
حضانة بيسان و زين,,,,فرع شرق عمان,طبربور حي الشهيد الجنوبي ش ثويبه بجانب مسجد ابو ذر الغفاري,799155199,,,,3.html,فرع شرق عمان,New unique record extracted from HTML source.
حضانة الدوحة النموذجية,,,,فرع شمال عمان,تلاع العلي حي البركة بجانب سامح مول,785036366,,,,3.html,فرع شمال عمان,New unique record extracted from HTML source.
حضانة حمزه وعمر,,,,فرع السلط,البلقاء/السلط/السلالم/حي الامير راشد,776977901,,,,3.html,فرع السلط,New unique record extracted from HTML source.
حضانة بيتنا للاطفال,,,,فرع السلط,البقعان - خلف الدفاع المدني - قرب مسجد الحديدي,795025820,,,,3.html,فرع السلط,New unique record extracted from HTML source.
حضانة رحيق الورد,,,,فرع شرق عمان,قرب جامعة العلوم الاسلامية/مقابل اسوار الجامعة,788893613,,,,3.html,فرع شرق عمان,New unique record extracted from HTML source.
حضانة الساعد الصغير,,,,فرع اليوبيل,عمان- مرج الحمام,795402220,,,,3.html,فرع اليوبيل,New unique record extracted from HTML source.
اكاديمية اطفال الاردن اللامعون,,,,فرع اليوبيل,شارع دار السلام حي الرضوان منطقة زهران بين الرابع والخامس,796772324,,,,3.html,فرع اليوبيل,New unique record extracted from HTML source.
حضانه بيت تيتا للاطفال,,,,فرع شمال عمان,ضاحيه الرشيد/29/شارع الوفاق/ قرب المركز الامنى,0,,,,3.html,فرع شمال عمان,New unique record extracted from HTML source.
حضانة الفرحة الاولى,,,,فرع شمال عمان,شارع الصعب بن جثامه/بجانب مستشفى الجاردنز/30,KG-HASH-03B4015E,,,,3.html,فرع شمال عمان,New unique record extracted from HTML source.
شركة الامل للتعليم المبكر/حضانة لبنى نديم التعليميه,,,,فرع اليوبيل,عبدون - شارع دمشق شار ع السفارة البريطانية,5813558,,,,3.html,فرع اليوبيل,New unique record extracted from HTML source.
حضانة سحابة الاطفال,,,,فرع شمال عمان,مقابل مدارس الدر المنثور شقه رقم 2,5522813,,,,3.html,فرع شمال عمان,New unique record extracted from HTML source.
حضانة بيت جدو,,,,فرع شرق عمان,شفا بدران شارع محمد سلامه العدوان قرب مسجد الشمري,795884501,,,,3.html,فرع شرق عمان,New unique record extracted from HTML source.
حضانة التقى,,,,فرع شرق عمان,ماركا امتداد شارع المخفر حي العبداللات,4884434,,,,3.html,فرع شرق عمان,New unique record extracted from HTML source.
حضانة مدينة البسكويت,,,,فرع شمال عمان,قصر خلدا بجانب المدارس المستقله,790862401,,,,3.html,فرع شمال عمان,New unique record extracted from HTML source.
حضانة روان و رشا,,,,فرع اليوبيل,الصويفية بجانب كنيسة السريان,799201773,,,,3.html,فرع اليوبيل,New unique record extracted from HTML source.
حضانة حبات السكر,,,,فرع جنوب عمان,نزال - شارع الدستور عماره 148 بجانب المنجد الطبي,796853528,,,,3.html,فرع جنوب عمان,New unique record extracted from HTML source.
حضانة جنة العصافير,,,,فرع عمان المركز,جبل عمان الدوار الثاني شارع راغب النشاشيبي بناية رقم 6,795052217,,,,3.html,فرع عمان المركز,New unique record extracted from HTML source.
حضانة بنات واولاد مبدعين/ حضانة اطفال,,,,فرع اربد,اربد/ الحي الجنوبي/ غرب شارع اربد ايدون/ جنوب مدرسة تقارب,772287041,,,,3.html,فرع اربد,New unique record extracted from HTML source.
حضانة الاطفال الرائعون,,,,فرع اليوبيل,الروابي / ش ياسين الموصلي / بنايه/30,799888896,,,,3.html,فرع اليوبيل,New unique record extracted from HTML source.
دار حضانه البركه النموذجيه,,,,فرع السلط,عين الباشا /مقابل التربيه,KG-HASH-C389429A,,,,3.html,فرع السلط,New unique record extracted from HTML source.
حضانة معجزة الاجيال,,,,فرع شمال عمان,ام السماق - حي الروابي - خلف برغر كنج - تقاطع ش الرحيق فيلا2,5861695,,,,3.html,فرع شمال عمان,New unique record extracted from HTML source.
حضانه دلع العصافير,,,,فرع شرق عمان,طبربور/صرح الشهيد/قرب البنك الاسلامي الاردني,782116660,,,,3.html,فرع شرق عمان,New unique record extracted from HTML source.
حضانة المشاركة المرحة,,,,فرع اليوبيل,مرج الحمام / ش محمد بن طلال بن محمد / بنايه/1,796749831,,,,3.html,فرع اليوبيل,New unique record extracted from HTML source.
حضانه صغار كبار,,,,فرع شرق عمان,طبربور/الخالدين/الخزنه/قرب مسجد الاخلاص,790927395,,,,3.html,فرع شرق عمان,New unique record extracted from HTML source.
حضانة الاطفال المغامرون,,,,فرع جنوب عمان,عمان,65736059,,,,3.html,فرع جنوب عمان,New unique record extracted from HTML source.
حضانة المربيه الخارقه,,,,فرع اليوبيل,مرج الحمام - قرب مسجد المحسنات,0,,,,3.html,فرع اليوبيل,New unique record extracted from HTML source.
حضانة بسمان الحديثه,,,,فرع شرق عمان,طبربور /بسمان /مقابل وزاره الصحه,796565918,,,,3.html,فرع شرق عمان,New unique record extracted from HTML source.
روضة وحضانة ادرس والعب,,,,فرع شمال عمان,خلف الماريت / مقابل وزارة المياة والري,KG-HASH-11A771A0,,,,3.html,فرع شمال عمان,New unique record extracted from HTML source.
حضانه النبلاء,,,,فرع شرق عمان,عمان/جبل الحسين/شارع مسلمه ابن الوليد,5627957,,,,3.html,فرع شرق عمان,New unique record extracted from HTML source.
روضة نحن الاطفال,,,,فرع عمان المركز,جبل الحسين دوار المأمونيه شارع القسام لناية رقم 70,4619597,,,,3.html,فرع عمان المركز,New unique record extracted from HTML source.
حضانة ارض السكر,,,,فرع شرق عمان,الجبيهة/ شارع يوسف مبيضين/ مقابل جامعة العلوم التطبيقيه,779508114,,,,3.html,فرع شرق عمان,New unique record extracted from HTML source.
المدارس العالميه/الشركه التربويه العالميه للتعليم والاستثمار,,,,فرع جنوب عمان,عمان/ناعور/طريق المطار,780857053,,,,3.html,فرع جنوب عمان,New unique record extracted from HTML source.
حضانة العنايه بالطفل,,,,فرع مـعـان,معان / وادي موسى / بجانب مدرسة سمية بنت الخياط,772590416,,,,3.html,فرع مـعـان,New unique record extracted from HTML source.
حضانة اشراقه الصباح,,,,فرع جنوب عمان,بجانب مسجد علي صقر,786116163,,,,3.html,فرع جنوب عمان,New unique record extracted from HTML source.
شركة ريما العمري ونوره زريقات,,,,فرع شمال عمان,خلف مكة مول,772278217,,,,3.html,فرع شمال عمان,New unique record extracted from HTML source.
العطي و نوفل,,,,فرع عمان المركز,عمان / جبل عمان / شارع عباس محمود بن العقاد,0,,,,3.html,فرع عمان المركز,New unique record extracted from HTML source.
حضانه الشاطر حسن,,,,فرع عمان المركز,عمان ج*الحسين ش*عبد الحميد ياسين,4636793,,,,3.html; 4.html,فرع عمان المركز,New unique record extracted from HTML source.
حضانة عالم الطفل,,,,فرع الكرك,الكرك / الشهابيه /الشارع الرئيسي,772142746,,,,3.html,فرع الكرك,New unique record extracted from HTML source.
حضانه وروضه الارض الصغيره/حضانة الارض الصغيرة ذ.م.م,,,,فرع عمان المركز,العبدلي / شارع ابو الحسن الأشعري,775661810,,,,3.html,فرع عمان المركز,New unique record extracted from HTML source.
حضانة بيت نوبا,,,,فرع جنوب عمان,الاردن -عمان -ضاحية الياسمين,790241526,,,,3.html,فرع جنوب عمان,New unique record extracted from HTML source.
فايده كامل احمد العمري /حضانة اللافندر,,,,فرع اربد,اربد/ ش الثلاثين/غرب اسواق زمزم,796770210,,,,3.html,فرع اربد,New unique record extracted from HTML source.
جمعيه وادي السير النسائيه,,,,فرع اليوبيل,وادي السير / مقابل مدرسه وادي السير الثانويه للبنين,5814372,,,,3.html,فرع اليوبيل,New unique record extracted from HTML source.
حضانة النحلة الطنانة,,,,فرع شمال عمان,حي الصالحين / قرب مدارس الدر المنثور,5520510,,,,3.html,فرع شمال عمان,New unique record extracted from HTML source.
حضانة البطولة,,,,فرع اليوبيل,شارع سهيل حي الرونق عماره رقم?,9627975925,,,,3.html,فرع اليوبيل,New unique record extracted from HTML source.
حضانة سلفيا,,,,فرع اربد,اربد-الحي الجنوبي-مسجد علياء التل-اربد مول-بجانب القرم للتصف,796651770,,,,3.html,فرع اربد,New unique record extracted from HTML source.
روضة وحضانة دروب النور,,,,فرع عمان المركز,عمان / الرابية,795105884,,,,3.html,فرع عمان المركز,New unique record extracted from HTML source.
حضانة مملكة الاسود,,,,فرع السلط,دابوق، حي الرحمانية، ش. فواز ماهر، بناء رقم 9,791110400,,,,3.html,فرع السلط,New unique record extracted from HTML source.
حضانة الذهب والالماس,,,,فرع شمال عمان,صويلح /اسكان المهندسين بجانب مدارس القاهره,KG-HASH-BF1F3989,,,,3.html,فرع شمال عمان,New unique record extracted from HTML source.
شركة مدارس الجامعه الامريكيه للشرق الاوسط,,,,فرع اربد,اربد/ شارع الجامعه / البوابه الشماليه,KG-HASH-4208AF51,,,,3.html,فرع اربد,New unique record extracted from HTML source.
روان حمدى علي الهواري وشريكتها,,,,فرع شمال عمان,إشارات البشيتي,796777350,,,,3.html,فرع شمال عمان,New unique record extracted from HTML source.
اكاديمة ومدرسة وروضة الصفوة الدولية / اكاديمية اراء للتعلم,,,,فرع اربد,اربد سموع ش الرئيسي,788404300,,,,3.html,فرع اربد,New unique record extracted from HTML source.
حضانة براعم الصنوبر النموذجية,,,,فرع السلط,البلقاء السلط المنشية - شارع سليمان الحديدي,775600925,,,,3.html,فرع السلط,New unique record extracted from HTML source.
حضانه ازهار القمر,,,,فرع شرق عمان,عمان/شفا بدران / عيسى عبدالكريم ابو غراب. 21,795053235,,,,3.html,فرع شرق عمان,New unique record extracted from HTML source.
روضة وحضانة اطفال طيور الجنه,,,,فرع العقبه,العقبه - السكنيه العاشره - الشارع الرئيسي,2050501,,,,3.html,فرع العقبه,New unique record extracted from HTML source.
حضانة بسمة ارشيد النموذجية,,,,فرع العقبه,العقبة / السكنية الثامنه - قرب سوق الثامنه,32068918,,,,3.html,فرع العقبه,New unique record extracted from HTML source.
الشول وعبد الفتاح,,,,فرع شمال عمان,اسواق جمال خلف اشارة السيرك قرب مسجد زميلي,797615061,,,,3.html,فرع شمال عمان,New unique record extracted from HTML source.
حضانة جنه الصغار,,,,فرع الزرقاء,حي رمزي / شارع حسن البنا / رقم البناية 43,787281558,,,,3.html,فرع الزرقاء,New unique record extracted from HTML source.
حضانة اجود ولين,,,,فرع الكرك,الكرك/المرج/بجانب صندوق التنميه والتشغيل,792016006,,,,3.html,فرع الكرك,New unique record extracted from HTML source.
_,,,,فرع اليوبيل,ام السماق شارع مثاري النعيمات,799128151,,,,3.html,فرع اليوبيل,New unique record extracted from HTML source.
شركة هيام العبسي واخواتها / حضانة البيادر الحديثة,,,,فرع اليوبيل,البيادر / الجندويل / بجانب المتصرفية,796221095,,,,3.html,فرع اليوبيل,New unique record extracted from HTML source.
روضة وحضانة طريق الطفل,,,,فرع شمال عمان,ضاحية الرشيد/ حي الجامعة/بجانب كلية الاميرة سمية/11,796294836,,,,3.html,فرع شمال عمان,New unique record extracted from HTML source.
حضانة الطفل الجميل,,,,فرع العقبه,العقبه-السكنية الثالثة /قرب مستشفى العقبه الحديث,795277019,,,,4.html,فرع العقبه,New unique record extracted from HTML source.
مدرسة وروضة و حضانة الكأس النموذجيه,,,,فرع السلط,السلط/ام عطيه/خلف الاشغال العامة,53530034,,,,4.html,فرع السلط,New unique record extracted from HTML source.
حضانة وروضة الاسنان اللبنيه ذ.م.م,,,,فرع اليوبيل,3 شارع حسن العطار شارع البراء بن عازب خلف نادي السيارات,5861488,,,,4.html,فرع اليوبيل,New unique record extracted from HTML source.
حضانه شجره الالوان,,,,فرع جنوب عمان,ضاحيه اليامين _شارع ام الاسود _قرب مطعم حماده,777526213,,,,4.html,فرع جنوب عمان,New unique record extracted from HTML source.
حضانة الجنة الخضراء,,,,فرع اليوبيل,اسكان السلطة - ش. محمود حسن الرشايدة - 36,776186618,,,,4.html,فرع اليوبيل,New unique record extracted from HTML source.
حضانة دانيه حسن للاطفال,,,,فرع شمال عمان,الجبيهة حي بن عوف,796227688,,,,4.html,فرع شمال عمان,New unique record extracted from HTML source.
حضانة الايدي الدافئة,,,,فرع اليوبيل,ناعور البلد خلف المسجد الكبير,799567844,,,,4.html,فرع اليوبيل,New unique record extracted from HTML source.
حضانة منطقة الاطفال,,,,فرع عمان المركز,الرابية شارع عاهد السخن فيلا رقم 26,799111818,,,,4.html,فرع عمان المركز,New unique record extracted from HTML source.
محمد محمود الجداية وشريكته,,,,فرع شمال عمان,تلاع العلي شارع عروة بن زيد الخيل فيلا رقم 27,798971924,,,,4.html,فرع شمال عمان,New unique record extracted from HTML source.
جمعية المركز الاسلامي الخيرية /كليةالمجتمع الاسلامي,,,,فرع الزرقاء,الزرقاء-وادي الحجر,53933914,,,,4.html,فرع الزرقاء,New unique record extracted from HTML source.
حضانة مدرسة أكاديمية و روضة جنى دان,,,,فرع الزرقاء,مقابل حي نصار خلف النبعة,KG-HASH-9136A5A4,,,,4.html,فرع الزرقاء,New unique record extracted from HTML source.
حضانة نسائم الخير,,,,فرع شرق عمان,الهاشمي الشمالي - قرب معهد زين الشرف - شارع نهر المقطع,797016802,,,,4.html,فرع شرق عمان,New unique record extracted from HTML source.
حضانة ابتسامة الكراميش,,,,فرع السلط,البلقاء السلط البقيع - بالقرب من المركز الصحي,790061412,,,,4.html,فرع السلط,New unique record extracted from HTML source.
حضانة ماكينزي للاطفال,,,,فرع شمال عمان,عمان شارع الجامعه خلف محكمة شمال عمان بنايه رقم 7,KG-HASH-886DCABD,,,,4.html,فرع شمال عمان,New unique record extracted from HTML source.
حضانة الايدي المبدعة,,,,فرع جنوب عمان,حي حطين,791439709,,,,4.html,فرع جنوب عمان,New unique record extracted from HTML source.
حضانة مارينا,,,,فرع جنوب عمان,دوار الجندي، محمد طالب العمري، فيلا14,799373813,,,,4.html,فرع جنوب عمان,New unique record extracted from HTML source.
حضانه ثراء الطفوله النموذجيه,,,,فرع شرق عمان,طبربور اسكان المحامين شارع برقوسا فيلا 8,96279604,,,,4.html,فرع شرق عمان,New unique record extracted from HTML source.
حضانة نحن نهتم,,,,فرع شرق عمان,عمان- ابو نصير - قرب مسجد الهدى,797978808,,,,4.html,فرع شرق عمان,New unique record extracted from HTML source.
حضانة فرح عجلون النموذجيه,,,,فرع عجلون,عجلون / صخره قرب مسجد الزبير بن العوام,799716961,,,,4.html,فرع عجلون,New unique record extracted from HTML source.
حضانه السوسن,,,,فرع الزرقاء,الزرقاء /الزرقاء الجديده / ش 16,777434326,,,,4.html,فرع الزرقاء,New unique record extracted from HTML source.
حضانة الورود الملونه,,,,فرع السلط,البلقاء/ السلط/ البحيره/بجانب مدرسة السلط الحديثة,778772727,,,,4.html,فرع السلط,New unique record extracted from HTML source.
حضانة براعم الثنيه,,,,فرع الكرك,الكرك /الثنيه /حي الورود,788098302,,,,4.html,فرع الكرك,New unique record extracted from HTML source.
حضانة الايادي الحنونة,,,,فرع اليوبيل,مرج الحمام دوار البكري,798443489,,,,4.html,فرع اليوبيل,New unique record extracted from HTML source.
حضانة نحن الاطفال,,,,فرع اليوبيل,الدربيات شارع عوني ابراهيم حجازي رقم البنايه 4,797744369,,,,4.html,فرع اليوبيل,New unique record extracted from HTML source.
حضانه ايادي المحبه,,,,فرع مادبا,مادبا/ خلف مدرسة الامير حمزه,798862060,,,,4.html,فرع مادبا,New unique record extracted from HTML source.
حضانة لعبة ولون,,,,فرع الزرقاء,حي الرشيد خلف كازية توتال,797622652,,,,4.html,فرع الزرقاء,New unique record extracted from HTML source.
حضانه براعم ايه,,,,فرع مادبا,مادبا/ الفيصلية /بعد مؤسسة التدريب المهني,779066605,,,,4.html,فرع مادبا,New unique record extracted from HTML source.
حضانة انوار الغد,,,,فرع السلط,السلط البقعان,791892575,,,,4.html,فرع السلط,New unique record extracted from HTML source.
حضانة ماما رشا,,,,فرع اربد,اربد/ الحي الشرقي,785551773,,,,4.html,فرع اربد,New unique record extracted from HTML source.
حضانة الفارس,,,,فرع اربد,اربد جنوب مبنى الضمان الاجتماعي باتجاه المحاكم الشرعيه,7242906,,,,4.html,فرع اربد,New unique record extracted from HTML source.
حضانة زهرة تشرين,,,,فرع اربد,اربد - الحي الشرفي - باتجاة مركز القدس الطبي,798814680,,,,4.html,فرع اربد,New unique record extracted from HTML source.
حضانة زهرة الجمال النموذجية,,,,فرع عجلون,عنجرة - قرب المصنع الالبسة - الشارع الرئيسي,775612951,,,,4.html,فرع عجلون,New unique record extracted from HTML source.
محمود ابو سويلم وشريكته,,,,فرع مادبا,مادبا-حي محمد الفاتح,790479702,,,,4.html,فرع مادبا,New unique record extracted from HTML source.
حضانه الطفل الانيق,,,,فرع العقبه,العقبه/ الثامنه/خلف مسجد الكالوتي,797799473,,,,4.html,فرع العقبه,New unique record extracted from HTML source.
حضانة كوخ الطفل,,,,فرع عمان المركز,1 شارع حيفا /حي جبل الحسين /العبدلي,65639391,,,,4.html,فرع عمان المركز,New unique record extracted from HTML source.
حضانة التوت الوردي,,,,فرع شمال عمان,الجبيهة/ضاحية الرشيد/بناية/شارع مجاهد المحيسن24,795333046,,,,4.html,فرع شمال عمان,New unique record extracted from HTML source.
جمعية بسمة خير للاعاقات والايتام الخيريه,,,,فرع اربد,اربد/الكوره,779818990,,,,4.html,فرع اربد,New unique record extracted from HTML source.
حضانة الشموع المضيئه,,,,فرع شرق عمان,الهاشمي / حمزه/ ضاحية الاقصى,785187663,,,,4.html,فرع شرق عمان,New unique record extracted from HTML source.
شركة البلاد للخدمات الطبيه/مستشفى الاستقلال,,,,فرع شرق عمان,عرجان شارع الاستقلال,5652600,,,,4.html,فرع شرق عمان,New unique record extracted from HTML source.
جمعيه خليل الرحمن الخيريه,,,,فرع اليوبيل,جبل عمان - الدوار السابع - خلف السيتاون - قرب نادي المعلمين,KG-HASH-E24B092C,,,,4.html,فرع اليوبيل,New unique record extracted from HTML source.
حضانه الغد الجديد,,,,فرع مـعـان,معان/طريق اذرح/شارع محمد خليل خطاب/مقابل مدرسة ابو بكر,779509387,,,,4.html,فرع مـعـان,New unique record extracted from HTML source.
سيرين عدنان محمد العز/حضانة سيدرا,,,,فرع اربد,اربد,796067535,,,,4.html,فرع اربد,New unique record extracted from HTML source.
شركة الاجيال لرياض الاطفال /حضانة الطفل المبدع,,,,فرع عمان المركز,الرابية شارع تبريز عماة رقم 19,5527438,,,,4.html,فرع عمان المركز,New unique record extracted from HTML source.
حضانة غدا اجمل,,,,فرع الزرقاء,جبل طارق شارع الحاج احمد العوريفي,772187302,,,,4.html,فرع الزرقاء,New unique record extracted from HTML source.
مدارس النمو التربوى,,,,فرع شمال عمان,0780222238/0795246217,5343992,,,,4.html,فرع شمال عمان,New unique record extracted from HTML source.
حضانة الطفل المرح,,,,فرع السلط,القبعات /خلف الدفاع المدني,771010333,,,,4.html,فرع السلط,New unique record extracted from HTML source.
حضانة حبايب قلبي,,,,فرع شمال عمان,ضاحية الرشيد خلف سكن اميمة,797513130,,,,4.html,فرع شمال عمان,New unique record extracted from HTML source.
حضانة غابة الاطفال,,,,فرع شرق عمان,طبربور حي الخزنة خلف المشاغل,795192020,,,,4.html,فرع شرق عمان,New unique record extracted from HTML source.
حضانة شمس المدينة,,,,فرع شمال عمان,شارع الملكة رانيا بعد سمارت باي,791431124,,,,4.html,فرع شمال عمان,New unique record extracted from HTML source.
حضانة صالح وتميم,,,,فرع السلط,شارع الستين،بجانب مستشفى السلط الجديد،55B,779684700,,,,4.html,فرع السلط,New unique record extracted from HTML source.
حضانة المبتكر الصغير النموذجيه,,,,فرع عجلون,عجلون/مثلث اشتفينا/قرب قصر العدل/الشارع الرئيسى,770083270,,,,4.html,فرع عجلون,New unique record extracted from HTML source.
حضانه بصمات الصغار,,,,فرع عمان المركز,الرابيه/خلف فندق الاوركيدا,5539784,,,,4.html,فرع عمان المركز,New unique record extracted from HTML source.
شركه مدارس الرضوان,,,,فرع شمال عمان,خلدا/قرب المدارس العصريه,5355112,,,,4.html,فرع شمال عمان,New unique record extracted from HTML source.
حضانة العصفور الفصيح,,,,فرع مادبا,مادبا بالقرب من اتحاد المراة حي الغربي,790806228,,,,4.html,فرع مادبا,New unique record extracted from HTML source.
حضانة امل ونهضه للاطفال,,,,فرع اليوبيل,شارع الثقافة,795583119,,,,4.html,فرع اليوبيل,New unique record extracted from HTML source.
حضانة بسمة رفيف,,,,فرع شرق عمان,شفا بدران بالقرب من القضاء العسكري,798391436,,,,4.html,فرع شرق عمان,New unique record extracted from HTML source.
حضانة روشان,,,,فرع جنوب عمان,البنيات شارع عقيل السرحان,0,,,,4.html,فرع جنوب عمان,New unique record extracted from HTML source.
شركة محمد المشني و رحاب حسونه,,,,فرع شرق عمان,دوار الحجاج,798892321,,,,4.html,فرع شرق عمان,New unique record extracted from HTML source.
حضانه زي العسل,,,,فرع اربد,الأشرفية، حي حلان الشوك، 000,772073484,,,,4.html,فرع اربد,New unique record extracted from HTML source.
شركة عبابنه و المراهفه,,,,فرع السلط,الكماليه - شارع الشجر,776525214,,,,4.html,فرع السلط,New unique record extracted from HTML source.
حضانة صوفيا,,,,فرع السلط,الفحيص/الرهوة/الشارع الرئيسي,779706478,,,,4.html,فرع السلط,New unique record extracted from HTML source.
حبشتكنات للاستثمارات التجاريه,,,,فرع شمال عمان,صويلح الحي الشرقي بناية 51,796666059,,,,4.html,فرع شمال عمان,New unique record extracted from HTML source.
حضانه العصفوره يارا,,,,فرع السلط,يرقا / قرب دوار يرقا - باتجاه وادي شعيب,77966485,,,,4.html,فرع السلط,New unique record extracted from HTML source.
حضانة جاد واياس,,,,فرع شرق عمان,شفا بدران شارع العرب,796352708,,,,4.html,فرع شرق عمان,New unique record extracted from HTML source.
حضانة ركن الحنان,,,,فرع جنوب عمان,جبل الحديد شارع النوري الحديد مقابل مجمع الاقصى بالقرب من مس,795669354,,,,4.html,فرع جنوب عمان,New unique record extracted from HTML source.
حضانة مرح ابو شقرة,,,,فرع اليوبيل,ضاحية الامير راشد/ شارع الاميره ثروت,795892333,,,,4.html,فرع اليوبيل,New unique record extracted from HTML source.
حضانة الخطوات الجميله,,,,فرع السلط,البلقاء/عين الباشا/حي الزيتونه/مقابل مؤسسة التدريب المهني,795705996,,,,4.html,فرع السلط,New unique record extracted from HTML source.
حضانة اشبال طبربور,,,,فرع شرق عمان,طارق - طبربور - حي الشهيد الشمالي - شارع جفتلك - بناية رقم 6,788810160,,,,4.html,فرع شرق عمان,New unique record extracted from HTML source.
حضانة مالديف,,,,فرع شمال عمان,بالقرب من اشارات المنهل,797209900,,,,4.html,فرع شمال عمان,New unique record extracted from HTML source.
حضانة سندي الصغير,,,,فرع اليوبيل,حي اسكان عالية شارع العهد بناية رقم 1,796616664,,,,4.html,فرع اليوبيل,New unique record extracted from HTML source.
حضانة اشكال النموذجيه - محمود بادي العودات,,,,فرع اربد,اربد \ خلف مستشفى اربد التخصصي,KG-HASH-BDB7AD81,,,,4.html,فرع اربد,New unique record extracted from HTML source.
حضانة سلمى و زين,,,,فرع السلط,البقيع,KG-HASH-6DE84875,,,,4.html,فرع السلط,New unique record extracted from HTML source.
شركة اشرف وايهاب جلنبو (حضانة من الف الى الياء ),,,,فرع جنوب عمان,مرج الحمام/ إسكان عالية/ سيمي فيلا 30,KG-HASH-6D04B06D,,,,4.html,فرع جنوب عمان,New unique record extracted from HTML source.
حضانة و روضة رونق الموده,,,,فرع اليوبيل,البيادر / ش خضر قردن / مقابل النادي الاهلي,KG-HASH-8A5DC3F5,,,,4.html,فرع اليوبيل,New unique record extracted from HTML source.
أكاديمية مدرسة و روضة جنى دان,,,,فرع الزرقاء,الزرقاء/بيرين/خلف النبعه,KG-HASH-DEAEDA21,,,,4.html,فرع الزرقاء,New unique record extracted from HTML source.
حضانة الطفل الأمثل لرعاية الاطفال,,,,فرع الزرقاء,الزرقاء الجديدة- حي البتراوي- شارع ??,KG-HASH-2F2B71D3,,,,5.html,فرع الزرقاء,New unique record extracted from HTML source.
حضانة النبات السليم للاطفال,,,,فرع شرق عمان,عمان طبربور حي الشهيد الجنوبي,KG-HASH-40A94F88,,,,5.html,فرع شرق عمان,New unique record extracted from HTML source.
حضانة انا و اخي نمرح,,,,فرع مادبا,شارع اليرموك,KG-HASH-2A485A06,,,,5.html,فرع مادبا,New unique record extracted from HTML source.
شركه الجيلاني وشريكته /حضانه ضوء القمر,,,,فرع اليوبيل,الصويفيه-قرب من قرية الصويفية - ش/ زكي الصويتي رقم بناية 36,KG-HASH-493E0A73,,,,5.html,فرع اليوبيل,New unique record extracted from HTML source.
هيثم خالد حمدان الريموني وشريكته,,,,فرع شرق عمان,ابو قرام عماره رقم 1,776180280,,,,5.html,فرع شرق عمان,New unique record extracted from HTML source.
حضانه فوفو و دودو النموذجيه,,,,فرع اليوبيل,مرج الحمام/ حي الاميرحمزه,KG-HASH-9764DEB9,,,,5.html,فرع اليوبيل,New unique record extracted from HTML source.
حضانة ميرا والمى,,,,,شارع فايزه المعارجه رقم ??,KG-HASH-1389B687-3,"منى ""محمد نجاتي""عبدالحافظ البكري",229868,قائم,1.html,فرع جنوب عمان,Matched existing record by normalized Arabic nursery name; not appended as duplicate.
حضانة الضحكة الرائعة,,,,,التلاع العلي بجانب قاعة النيروز,KG-HASH-955251F8-2,منى خضر يوسف الغول,208323,قائم,2.html,فرع شمال عمان,Matched existing record by normalized Arabic nursery name; not appended as duplicate.
حضانة مهارة و شطارة,,,,,,KG-HASH-601984D9-2,منى فهد عيسى المصري,216234,قائم,,,
حضانة جنى و نايا,,,,,,KG-HASH-6F00A280-2,منى محمد هاشم الكردي,205816,قائم,,,
حضانة صبيان و بنات,,,,,,KG-HASH-8CE711B2-2,"مها ""محمود مازن "" علي سبع العيش",221093,محجوز,,,
حضانة براعم النرجس,,,,,,KG-HASH-B04E80EE-2,مها محمد داود عليان,208685,قائم,,,
حضانة خيوط الشمس,,,,,,KG-HASH-901E0DA9-2,مها محمد شاكر رشيد شاهين,224365,قائم,,,
حضانة ازهار الكريم,,,,,,KG-HASH-0DDED5C6-2,موسى عبدالرزاق عبيد الحياري,152767,قائم,,,
حضانة دلع طفلك,,,,,اربد / مقابل كلية بنات اربد,KG-HASH-C1EDC3EA-2,ميس احمد ياسين عكور,197821,قائم,1.html,فرع اربد,Matched existing record by normalized Arabic nursery name; not appended as duplicate.
حضانة اطفال فراشات الربيع,,,,,,KG-HASH-7E4B5C61-2,ميسر سليمان حسن ابو رمان,192617,قائم,,,
حضانة عالم الزهور,,,,,,KG-HASH-34F00DAD-2,ميسم صالح طعمه بني ارشيد,208028,قائم,,,
حضانة مالكي البريء,,,,,,KG-HASH-8B1738C0-2,نائل فارس مسعود جالد,166482,قائم,,,
حضانة في داخلي قائد,,,,,,KG-HASH-433A31AB-2,ناديا محمد مصطفى الطالب قوقزه,229686,محجوز,,,
حضانة قيمي نهج حياتي,,,,,بجانب المدارس الانجليزية قرب مؤسسة عزت مرجي,KG-HASH-0EF49145-2,نادين عزمي عزت القطيشات,221494,قائم,3.html,فرع شمال عمان,Matched existing record by normalized Arabic nursery name; not appended as duplicate.
حضانة بيت تيتا لالطفال,,,,,,KG-HASH-CEC7A68D-2,ناريمان احمد محمد ابو شنب,182196,قائم,,,
حضانة روح الفؤاد,,,,,طبربور خلف هيئة الاتصالات الخاصة شارع حسن محسن الهبارنة,KG-HASH-2EBCA154-2,نبال عيسى عبد هللا عطيه,231817,قائم,2.html,فرع شرق عمان,Matched existing record by normalized Arabic nursery name; not appended as duplicate.
حضانة قتاده,,,,,,KG-HASH-8CEAE7FE-2,نجاح محمد عوض النعيمات,159619,قائم,,,
حضانة هدية هللا النموذجيه,,,,,,KG-HASH-781120D2-2,نجمه حسن محمد ابو شحاده,169938,قائم,,,
حضانة سيدال النموذجيه,,,,,,KG-HASH-8A7E151D-2,نجوى حامد محمود النوايسه,173489,محجوز,,,
حضانة شعاع الشمس,,,,,,KG-HASH-210B5E84-2,نداء حسني راشد الخزاعي,173294,قائم,,,
حضانة نورسين وجوري,,,,,,KG-HASH-7043B670-2,نعمه احمد الشهوان المهيرات,172487,قائم,,,
حضانة دياال النموذجيه,,,,,,KG-HASH-92FE3B89-2,نعمه عبدهللا حسن بشارات,8184,قائم,,,
حضانة النهى,,,,,,KG-HASH-FE413CA4-2,نها سليمان محمد النسور,97500,جدد,,,
حضانة ماما روال,,,,,,KG-HASH-4BFAC9DD-2,نها عطا خليل ابو الشعر,229454,قائم,,,
حضانة مذاق الشهد,,,,,,KG-HASH-79BEDF38-2,نهاد محمد علي قويدر,149139,قائم,,,
حضانة مهجة القلب,,,,,جبل الاميرة رحمة-قرب مركز امن الحسن,KG-HASH-45B9FEC8-2,نهايه محمود عساف البدارين,200811,قائم,2.html,فرع الزرقاء,Matched existing record by normalized Arabic nursery name; not appended as duplicate.
حضانة عصافير عمان,,,,,الهاشمي الشمالي حي رغدان خلف العنبتاوي شارع سراقه الانصاري,KG-HASH-11F0D8D1-2,نوال محمد حسين العوضي,204842,قائم,1.html,فرع شرق عمان,Matched existing record by normalized Arabic nursery name; not appended as duplicate.
حضانة سر التناغم,,,,,اربد / ايدون / دوار اللوازم,KG-HASH-EB41D3B7-2,هاشم عبد هللا تركي هيالت,196368,قائم,4.html,فرع اربد,Matched existing record by normalized Arabic nursery name; not appended as duplicate.
حضانة احضان الطفوله,,,,,,KG-HASH-55AE4D17-2,هاله عايد صالح جرادات,7168,جدد,,,
حضانة و روضة الوان للتعليم المبكر,,,,,,KG-HASH-825F3D04-2,هالي ابراهيم محمود ابو العنين,115765,قائم,,,
حضانة نيوتن النموذجيه,,,,,,KG-HASH-9E10A49E-2,هبه حسين علي جرادات,230284,قائم,,,
حضانة مرج الزهور االسالمية,,,,,,KG-HASH-8F6F9DF7-2,هدى كمال يوسف خليل,118451,قائم,,,
حضانة ضحكتي,,,,,,KG-HASH-3B96B3EC-2,هدى هاني علي القصاص,178772,قائم,,,
حضانة نطاق االلوان المرحة,,,,,,KG-HASH-CE384051-2,هديل باسم زيدان الطوالبه,225718,قائم,,,
حضانة بذور الغد,,,,,اسكان الجيش شارع عبدالقادر الزغول شارع النهضه باتجاه ابوعليا,KG-HASH-E15E4A21-3,هديل محمد عبد الكريم ابو محفوظ,196329,قائم,4.html,فرع شرق عمان,Matched existing record by normalized Arabic nursery name; not appended as duplicate.
حضانة فيء الرحمن,,,,,,KG-HASH-AFABD324-2,هديل موفق سالم المجالي,232305,قائم,,,
حضانة وروضة اناغيم الطيور,,,,,,KG-HASH-0DD015CD-2,هيام محمود قاسم ابوعاقولة,2580,موقوف,,,
حضانة النور الساطع,,,,,الزرقاء الجديدة البتراوي ش??,KG-HASH-018AA8BB-2,هيثم رسمي عطا هللا الطراونه,216284,قائم,1.html,فرع الزرقاء,Matched existing record by normalized Arabic nursery name; not appended as duplicate.
حضانة روح البراءه,,,,,شارع خالده بنت الاسود حي الكوم الغربي,KG-HASH-CEE2C516-2,وفاء عبد الرحمن حسن جادهللا,231340,قائم,3.html,فرع شرق عمان,Matched existing record by normalized Arabic nursery name; not appended as duplicate.
حضانة القطط الصغيره,,,,,تلاع العلي بجانب البشيتي للتجهيزات بنايه 3,KG-HASH-24FE2863-3,وفاق حامد صبحي حمالس,161547,قائم,1.html,فرع شمال عمان,Matched existing record by normalized Arabic nursery name; not appended as duplicate.
حضانة سكر نبات,,,,,الجندويل قبل المخابرات/u turn/ثم اول دخلة يمين ثم اول دخلة ش,KG-HASH-DCF034A9-2,ياسمين مصطفى نديم الخليلي,159660,قائم,3.html,فرع اليوبيل,Matched existing record by normalized Arabic nursery name; not appended as duplicate.
حضانة ساندي,,,,,,KG-HASH-2BB430D8-2,ياسمين مهدي فوزي جزر,194128,محجوز,,,
حضانة كارمن,,,,,,KG-HASH-B62F04A6-2,ياسمينه عبدالمجيد محمد استيتو,107252,محجوز,,,
حضانة يوسف مسعود,,,,,,KG-HASH-B304D0CF-2,يوسف رافت يوسف مسعود,211425,قائم,,,
روضة أيوب,Ayoub KG,عمان,عمان,الشميساني,شارع أحمد أوكلة النصور,KG-AM-0786,,,,,,
روضة و حضانة نحن الأطفال,Nahnu Al-Atfal Nursery & KG,عمان,عمان,جبل الحسين,شارع عز الدين القسام,KG-AM-0787,,,,,,
حضانة وروضة صنلايت,Sunlight Nursery & Pre-School,عمان,عمان,الرابية,شارع نهاوند – الرابية,KG-AM-0788,,,,,,
روضة و حضانة عالم الصغار,Aalam Al-Sighar Nursery & KG,عمان,عمان,الشميساني,شارع أسيد بن ثعلبة,KG-AM-0789,,,,,,
حضانة كُن طفلًا,Kun Tiflan Nursery,عمان,عمان,اليوبيل,شارع تعز,KG-AM-0790,,,,,,
حضانة تري توبس,Tree Tops Nursery,عمان,عمان,الشميساني,شارع عبد الحميد كرامي,KG-HASH-AE47A5BB-11,,,,,,
روضة هابي هارت,Happy Heart Kindergarten,عمان,عمان,اليوبيل,مجمع النور – شارع محمد بن غطوس,KG-AM-0791,,,,,,
حضانة بامبل بي,Bumble Bee Preschool,عمان,عمان,الرابية,شارع تبريز,KG-AM-0792,,,,,,
حضانة الما وايلا,Alma and Ayla Nursery,عمان,عمان,ضاحية الرشيد,قبل سكن أميمة,KG-HASH-5755C175-10,,,,1.html,فرع شمال عمان,Matched existing record by normalized Arabic nursery name; not appended as duplicate.
حضانة ليديبرد,Ladybird Nursery,عمان,عمان,الشميساني,شارع يوسف بن تاشفين,KG-AM-0793,,,,,,
حضانة داندون,Dandoon Nursery,عمان,عمان,خلدا,شارع عبد الله الأعزب,KG-AM-0794,,,,,,
حضانة إيرلي بيرد (تلاع العلي),Early Bird Nursery (Tala Al-Ali),عمان,عمان,تلاع العلي,مجمع 44 – شارع عبد الحليم عباس,KG-AM-0795,,,,,,
روضة الطفل السعيد,Al-Tifl Al-Saeed KG,عمان,عمان,شرق عمان,ماركا الشمالية – حمزة,KG-HASH-BCCAE8EB-10,,,,,,
حضانة هيا سبراوتس,Haya Sprouts Preschool,عمان,عمان,خلدا,شاكر بن زيد,KG-AM-0796,,,,,,
حضانة بيتي الصغير,My Little Home Nursery,عمان,عمان,شمال عمان,يوسف بن تاشفين 20 – الشميساني,KG-HASH-A45EF066-10,,,,1.html,فرع شمال عمان,Matched existing record by normalized Arabic nursery name; not appended as duplicate.
روضة كيدز واي,Kids Way Kindergarten,عمان,عمان,خلدا,شارع الأوزاعي – مجمع 11,KG-AM-0797,,,,,,
حضانة جريت بيجينينجز,Great Beginnings Child Care,عمان,عمان,جبل الحسين,شارع إسماعيل بابوق,KG-HASH-3561F16A-10,,,,,,
حضانة ليتل ستيبس,Little Steps Nursery,عمان,عمان,خلدا,شارع الشيخ حسين الجسر,KG-AM-0798,,,,,,
حضانة رايت ستارت,Right Start Nursery,عمان,عمان,اليوبيل,اليوبيل,KG-AM-0799,,,,,,
روضة الأصدقاء المبدعين,Creative Friends KG,عمان,عمان,خلدا,شارع عبد الله بن مسعود 20,KG-AM-0800,,,,,,
حضانة الجيل القادم,Next Generation Nursery,عمان,عمان,شمال عمان,المدينة الرياضية – شمس الدين الذهبي,KG-HASH-26164CE9-10,,,,1.html,فرع شمال عمان,Matched existing record by normalized Arabic nursery name; not appended as duplicate.
حضانة ليتل فلاورز,Little Flowers Day Nursery,عمان,عمان,خلدا,خلدا,KG-AM-0801,,,,,,
حضانة كيدز ستيبس,Kids Steps Nursery,عمان,عمان,الرابية,شارع تلمسان – مجمع 5,KG-AM-0802,,,,,,
حضانة شيري تري,Cherry Tree Nursery,عمان,عمان,جبل الحسين,شارع محمد جمجوم – مجمع 2,KG-AM-0803,,,,,,
حضانة ثراء كيدز,Thraa Kids Nursery,عمان,عمان,شرق عمان,شرق عمان,KG-AM-0804,,,,,,
حضانة الفقاعة المضحكة,Funny Bubble Nursery,عمان,عمان,أم السماق,شارع عطيوي المجالي – بناية 26,KG-HASH-68475EC4-20,,,,5.html,فرع شمال عمان,Matched existing record by normalized Arabic nursery name; not appended as duplicate.
حضانة طيور المحبة,Birds of Love Nursery,عمان,عمان,جبل عمان,دوار ثاني – شارع المعتصم 55,KG-HASH-39B76A94-22,,,,5.html,فرع عمان المركز,Matched existing record by normalized Arabic nursery name; not appended as duplicate.
حضانة ريتان,Ritan Nursery,إربد,إربد,الحي الشرقي,خلف حلويات الكت والكات,KG-HASH-63C89E6F-20,,,,5.html,فرع اربد,Matched existing record by normalized Arabic nursery name; not appended as duplicate.
حضانة الطفل الأمثل,Best Child Care Nursery,الزرقاء,الزرقاء,البتراوي,حي البتراوي,KG-HASH-9D52338B-22,,,,,,
حضانة أطفال الرونق,Ronaq Kids Nursery,عمان,عمان,الرونق,شارع محمد علي حسين الكردي – عمارة 30,KG-HASH-F80BBEEE-10,,,,5.html,فرع اليوبيل,Matched existing record by normalized Arabic nursery name; not appended as duplicate.
حضانة البالون,Balloon Nursery,عمان,عمان,الدوار السابع,بجانب فندق جنيفا,KG-HASH-B3A79E1B-10,,,,5.html,فرع اليوبيل,Matched existing record by normalized Arabic nursery name; not appended as duplicate.
حضانة براعم الرمثا التعليمية والنموذجية,Baraem Al-Ramtha Educational & Model Nursery,الرمثا,الرمثا,الرئيسي,الرئيسي,KG-HASH-E7F2DA07-10,,,,5.html,فرع اليرموك,Matched existing record by normalized Arabic nursery name; not appended as duplicate.
حضانة النبات السليم,Healthy Plant Nursery,عمان,عمان,طبربور,حي الشهيد الجنوبي,KG-HASH-F9974F8A-10,,,,,,
حضانة أرض النجوم,Land of Stars Nursery,عمان,عمان,ضاحية الرشيد,مقابل مدرسة تقارب,KG-HASH-2AB7CA43-11,,,,5.html,فرع شمال عمان,Matched existing record by normalized Arabic nursery name; not appended as duplicate.
حضانة صقور العزة,Falcons of Pride Nursery,عمان,عمان,أبو نصير,شارع السعادة,KG-HASH-0CF80CD3-10,,,,5.html,فرع شرق عمان,Matched existing record by normalized Arabic nursery name; not appended as duplicate.
حضانة أطفال التوت البري,Wild Berry Kids Nursery,عمان,عمان,اليوبيل,شارع عبدالله غوشة – بجانب مسجد أحد,KG-HASH-6F0E538C-10,,,,5.html,فرع اليوبيل,Matched existing record by normalized Arabic nursery name; not appended as duplicate.
حضانة أنس وأمير,Anas & Amir Nursery,عمان,عمان,الجبيهة,حي الريان – شارع المريري,KG-HASH-4EF9D4C1-10,,,,5.html,فرع شمال عمان,Matched existing record by normalized Arabic nursery name; not appended as duplicate.
حضانة ألوان الفرح للأطفال,Colors of Joy Nursery,عمان,عمان,شرق عمان,حي العبداللات – بجانب مدرسة الكندي,KG-HASH-74D75DC4-10,,,,5.html,فرع شرق عمان,Matched existing record by normalized Arabic nursery name; not appended as duplicate.
حضانة أحمد وضحى,Ahmed & Dahaa Nursery,إربد,إربد,الصريح,الصريح,KG-HASH-09CFD651-10,,,,5.html,فرع اربد,Matched existing record by normalized Arabic nursery name; not appended as duplicate.
حضانة البداية السعيدة النموذجية,Happy Beginning Model Nursery,عمان,عمان,اليوبيل,شارع المدينة المنورة,KG-HASH-660684B1-10,,,,5.html,فرع اليوبيل,Matched existing record by normalized Arabic nursery name; not appended as duplicate.
حضانة أنا وأخي نمرح,Me & My Brother Play Nursery,مادبا,مادبا,اليرموك,شارع اليرموك,KG-HASH-9CFA6D03-10,,,,,,
حضانة جود وميرا,Jood & Mira Nursery,الزرقاء,الزرقاء,جبل المغير,قرب صيدلية شمع العسل,KG-HASH-39A390C9-10,,,,5.html,فرع الزرقاء,Matched existing record by normalized Arabic nursery name; not appended as duplicate.
حضانة ضوء القمر,Moonlight Nursery,عمان,عمان,الصويفية,قرب قرية الصويفية – شارع زكي الصويتي,KG-HASH-A1634816-10,,,,,,
حضانة بيت الحلوة للأطفال,Sweet Home Kids Nursery,عمان,عمان,الجاردنز,خلف مدارس الرأي – عمارة 20,KG-HASH-D1B5B898-10,,,,5.html,فرع شمال عمان,Matched existing record by normalized Arabic nursery name; not appended as duplicate.
حضانة الطفل العربي,Arab Child Nursery,إربد,إربد,الحي الشرقي,قرب أسواق المؤسسة العسكرية,KG-HASH-B8E907D2-10,,,,5.html,فرع اربد,Matched existing record by normalized Arabic nursery name; not appended as duplicate.
حضانة حبايبنا,Our Darlings Nursery,إربد,إربد,النعيمة,النعيمة,KG-HASH-946430F8-10,,,,5.html,فرع اربد,Matched existing record by normalized Arabic nursery name; not appended as duplicate.
حضانة الخطوات التعليمية,Educational Steps Nursery,عجلون,عجلون,عبين,خلف مطعم داريا – شارع إربد–عجلون,KG-HASH-A36C5601-10,,,,5.html,فرع عجلون,Matched existing record by normalized Arabic nursery name; not appended as duplicate.
حضانة فوفو ودودو,Fufu & Dodo Model Nursery,عمان,عمان,مرج الحمام,حي الأمير حمزة,KG-HASH-CC4AA39E-10,,,,,,
حضانة ورود المستقبل,Future Roses Nursery,عمان,عمان,الرونق,شارع الأصبه – بناية 6,KG-HASH-9EBF0C55-11,,,,5.html,فرع اليوبيل,Matched existing record by normalized Arabic nursery name; not appended as duplicate.
حضانة الانطباعات الأولى,First Impressions Nursery,إربد,إربد,الراهبات الوردية,غرب مسجد أبو دلو,KG-HASH-18EA009C-10,,,,5.html,فرع اربد,Matched existing record by normalized Arabic nursery name; not appended as duplicate.
حضانة بابا سنفور,Papa Smurf Nursery,إربد,إربد,إربد,إربد,KG-HASH-C96222D2-10,,,,5.html,فرع اربد,Matched existing record by normalized Arabic nursery name; not appended as duplicate.
حضانة جمعية الشابات المسيحية الخيرية-الفحيص,YWCA Al-Fuheis Nursery,البلقاء,السلط,الفحيص,خلف بيت الفحيص – شارع صبيان الحصان,KG-HASH-E90DA012-10,,,,5.html,فرع السلط,Matched existing record by normalized Arabic nursery name; not appended as duplicate.
حضانة رياحين الجنة,Breezes of Paradise Nursery,عمان,عمان,شرق عمان,الهاشمي الشمالي – شارع الحارث العبدي,KG-HASH-5E4BFD57-10,,,,5.html,فرع شرق عمان,Matched existing record by normalized Arabic nursery name; not appended as duplicate.
حضانة خمسة وستون 65,65 Nursery,البلقاء,السلط,المدينة الرياضية,قرب مدارس السلط الأهلية,KG-HASH-B9CFA36F-10,,,,5.html,فرع السلط,Matched existing record by normalized Arabic nursery name; not appended as duplicate.
حضانة جنة الورد,Rose Paradise Nursery,عجلون,عجلون,عين جنا,مبنى البلدية – وسط البلد,KG-HASH-9224266E-10,,,,5.html,فرع عجلون,Matched existing record by normalized Arabic nursery name; not appended as duplicate.
حضانة الكلمات الأولى,First Words Nursery,عمان,عمان,الصويفية,شارع سعيد المفتي – عمارة 16,KG-HASH-B7734AB4-11,,,,5.html,فرع اليوبيل,Matched existing record by normalized Arabic nursery name; not appended as duplicate.
حضانة زين ونانا,Zain & Nana Nursery,البلقاء,السلط,أم عليه,الشارع الرئيسي,KG-HASH-B22FB8B1-10,,,,5.html,فرع السلط,Matched existing record by normalized Arabic nursery name; not appended as duplicate.
حضانة أفضل مكان لطفلك,Best Place for Your Child Nursery,إربد,إربد,إربد,.,KG-HASH-52700EB7-10,,,,5.html,فرع اربد,Matched existing record by normalized Arabic nursery name; not appended as duplicate.
حضانة زهور الليلك,Lilac Flowers Nursery,عمان,عمان,اليوبيل,مقابل مركز صحي أم السوس,KG-HASH-DC055CFC-10,,,,5.html,فرع اليوبيل,Matched existing record by normalized Arabic nursery name; not appended as duplicate.
المستوى الرفيع المتميز للتعليم,High Level Distinguished Education,عمان,عمان,الشميساني,شارع ابن الفارض 11,KG-HASH-CE292D29-10,,,,5.html,فرع عمان المركز,Matched existing record by normalized Arabic nursery name; not appended as duplicate.
حضانة المملكة الصغيرة,Small Kingdom Nursery,عمان,عمان,ضاحية الياسمين,شارع حفصة بنت عمرو 35,KG-HASH-4409DD81-10,,,,5.html,فرع جنوب عمان,Matched existing record by normalized Arabic nursery name; not appended as duplicate.
حضانة أحلام المستقبل النموذجية,Dreams of the Future Model Nursery,مادبا,مادبا,الخطابية,الخطابية,KG-HASH-38D0B96A-10,,,,5.html,فرع مادبا,Matched existing record by normalized Arabic nursery name; not appended as duplicate.
حضانة عبق الربيع,Spring Fragrance Nursery,عمان,عمان,شرق عمان,طبربور – شارع قمر اليافي مقابل حلويات نفيسة,KG-HASH-6C1C8513-10,,,,5.html,فرع شرق عمان,Matched existing record by normalized Arabic nursery name; not appended as duplicate.
حضانة الانامل الذهبية,Golden Fingers Nursery,عمان,عمان,شرق عمان,ماركا الشمالية – شارع فاطمة الزهراء – مسجد فاطمة الزهراء,KG-HASH-4235AA00-14,,,,4.html,فرع شرق عمان,Matched existing record by normalized Arabic nursery name; not appended as duplicate.
حضانة حكايتي الصغيرة,My Little Story Nursery,عمان,عمان,الجبيهة,مقابل الجمعية العلمية الملكية – ط الأرضي,KG-HASH-41922AC3-14,,,,4.html,فرع شمال عمان,Matched existing record by normalized Arabic nursery name; not appended as duplicate.
حضانة براعم السكر,Sugar Buds Nursery,العقبة,العقبة,السكنية الثالثة,شارع العباسيين – بجانب مسجد سعد بن أبي وقاص,KG-HASH-4AA4B4D3-14,,,,4.html,فرع العقبه,Matched existing record by normalized Arabic nursery name; not appended as duplicate.
حضانة درجات صغيرة,Small Steps Nursery,عمان,عمان,اليوبيل,دوار البرديني – قرب مدارس الإشراق,KG-HASH-FF9AE220-14,,,,4.html,فرع اليوبيل,Matched existing record by normalized Arabic nursery name; not appended as duplicate.
حضانة أشكال النموذجية,Shapes Model Nursery,إربد,إربد,خلف مستشفى إربد التخصصي,0772155227,KG-IR-0016,,,,,,
حضانة لطفولة أرقى,Finer Childhood Nursery,الزرقاء,الزرقاء,مدينة الشرق,قرب دوار الطيارة,KG-HASH-0BA37A4E-14,,,,4.html,فرع الزرقاء,Matched existing record by normalized Arabic nursery name; not appended as duplicate.
حضانة سلمى وزين,Salma & Zain Nursery,البلقاء,السلط,البقيع,البقيع,KG-HASH-2761F2DE-14,,,,,,
حضانة هلا وغلا,Hala & Ghala Nursery,عمان,عمان,شرق عمان,طبربور – قرب إسكان الجيش – حديقة العهد والوفا – يوسف بني ياسين 9,KG-HASH-4CB76A0C-14,,,,4.html,فرع شرق عمان,Matched existing record by normalized Arabic nursery name; not appended as duplicate.
حضانة من الألف إلى الياء,From A to Z Nursery,عمان,عمان,جنوب عمان,مرج الحمام – إسكان عالية – فيلا 30,KG-AM-0805,,,,,,
حضانة الطفل السعيد,Happy Child Nursery,عمان,عمان,شرق عمان,ماركا الشمالية – حمزة – قرب مدرسة الشريف حسين,KG-HASH-0635148B-16,,,,4.html,فرع شرق عمان,Matched existing record by normalized Arabic nursery name; not appended as duplicate.
حضانة بدايات عظيمة,Great Beginnings Nursery,عمان,عمان,جبل الحسين,شارع إسماعيل بابوق 5,KG-HASH-6AD2B97C-16,,,,4.html,فرع عمان المركز,Matched existing record by normalized Arabic nursery name; not appended as duplicate.
حضانة ديمة النموذجية,Dima Model Nursery,البلقاء,السلط,شفا العامرية,شفا العامرية,KG-HASH-756B81D8-14,,,,4.html,فرع السلط,Matched existing record by normalized Arabic nursery name; not appended as duplicate.
حضانة ضحكات الطفولة,Childhood Laughter Nursery,عمان,عمان,الشميساني,بناية 39 – شارع معروف الرصافي,KG-HASH-16722FFC-14,,,,4.html,فرع عمان المركز,Matched existing record by normalized Arabic nursery name; not appended as duplicate.
حضانة الأطفال السعداء,Happy Children Nursery,عمان,عمان,اليوبيل,مرج الحمام – شارع نالتشك – قرب مطعم دنيا المشاوي,KG-HASH-BE5F5773-14,,,,4.html,فرع اليوبيل,Matched existing record by normalized Arabic nursery name; not appended as duplicate.
حضانة جوان النموذجية,Jawan Model Nursery,الزرقاء,الزرقاء,الهاشمية,الحي الشرقي,KG-HASH-EBD119C2-14,,,,3.html; 4.html,فرع الزرقاء,Matched existing record by normalized Arabic nursery name; not appended as duplicate.
حضانة نور الجبيهة,Nour Al-Jubeiha Nursery,عمان,عمان,الجبيهة,شارع مفلح اللوزي – بناية 32 – مقابل مفروشات شهوان,KG-HASH-68257B5B-14,,,,4.html,فرع شمال عمان,Matched existing record by normalized Arabic nursery name; not appended as duplicate.
حضانة وروضة رونق المودة,Ronaq Al-Mawaddah Nursery & KG,عمان,عمان,البيادر,شارع خضر قردن – مقابل النادي الأهلي,KG-HASH-0A2E8BF3-15,,,,,,
حضانة بريق النمارق,Briq Al-Namarq Nursery,البلقاء,السلط,البقعان,بجانب مدرسة فاطمة الزهراء,KG-HASH-C98B3A42-14,,,,4.html,فرع السلط,Matched existing record by normalized Arabic nursery name; not appended as duplicate.
حضانة الأرض السعيدة,Happy Land Nursery,عمان,عمان,جنوب عمان,المقابلين – حي الصحابة – شارع عبد الكريم الخطاب,KG-HASH-A21959BA-14,,,,4.html,فرع جنوب عمان,Matched existing record by normalized Arabic nursery name; not appended as duplicate.
حضانة الحمامي,Al-Hammami Nursery,عمان,عمان,الجبيهة,شارع الريان – أم زويتينة,KG-HASH-6C739D9A-14,,,,4.html,فرع شمال عمان,Matched existing record by normalized Arabic nursery name; not appended as duplicate.
أكاديمية مدرسة وروضة جنى دان,Jana Dan Academy & KG,الزرقاء,الزرقاء,بيرين,خلف النبعة,KG-HASH-63D4D1AC-14,,,,,,
حضانة شذى الورد,Shatha Al-Ward Nursery,عمان,عمان,شرق عمان,طبربور – شارع عجاج الهبارنة – قرب مسجد عباد الرحمن,KG-HASH-E4A8221D-14,,,,4.html,فرع شرق عمان,Matched existing record by normalized Arabic nursery name; not appended as duplicate.
حضانة بذور الغد,Seeds of Tomorrow Nursery,عمان,عمان,شرق عمان,إسكان الجيش – شارع عبدالقادر الزغول – باتجاه أبو عليا,KG-HASH-B85BE7B2-14,,,,,,
حضانة ناريمان النموذجية,Nariman Model Nursery,الرمثا,الرمثا,الرمثا,مقابل مدرسة جمانة,KG-HASH-A5004523-14,,,,4.html,فرع اليرموك,Matched existing record by normalized Arabic nursery name; not appended as duplicate.
حضانة كوكب المرح الطفولي,Fun Planet Childhood Nursery,العقبة,العقبة,الثامنة,قرب مسجد الكالوتي,KG-HASH-1E3C633A-14,,,,4.html,فرع العقبه,Matched existing record by normalized Arabic nursery name; not appended as duplicate.
حضانة ورود الربيع,Spring Roses Nursery,البلقاء,السلط,ماحص,شارع المدارس,KG-HASH-3D270AC1-14,,,,4.html,فرع السلط,Matched existing record by normalized Arabic nursery name; not appended as duplicate.
حضانة حسام وسبأ الحديثة,Husam & Saba Modern Nursery,إربد,إربد,الحصن,الحي الشرقي – شارع الكلية,KG-HASH-5DF86710-14,,,,5.html,فرع اربد,Matched existing record by normalized Arabic nursery name; not appended as duplicate.
حضانة تكوين,Takween Nursery,عمان,عمان,شمال عمان,طلوع الجاذبية – قرب سوبرماركت ياهلا,KG-HASH-9112EFC2-14,,,,5.html,فرع شمال عمان,Matched existing record by normalized Arabic nursery name; not appended as duplicate.
حضانة الفطاحلة النموذجية,Al-Fatahilah Model Nursery,إربد,إربد,الحي الجنوبي,جنوب غرب دوار صحارى – 300 متر,KG-HASH-6FF73128-14,,,,5.html,فرع اربد,Matched existing record by normalized Arabic nursery name; not appended as duplicate.
حضانة بيت السكاكر,Candy House Nursery,إربد,إربد,الراهبات الوردية,خلف مستشفى الراهبات الوردية – بجانب السور,KG-HASH-B3342EDC-14,,,,5.html,فرع اربد,Matched existing record by normalized Arabic nursery name; not appended as duplicate.
حضانة القلب السعيد,Happy Heart Nursery,عمان,عمان,شرق عمان,ضاحية الأمير حسن – قرب مطعم الهنيني,KG-HASH-D57300DD-14,,,,5.html,فرع شرق عمان,Matched existing record by normalized Arabic nursery name; not appended as duplicate.
حضانة كوخ الدب,Bear Cabin Nursery,الزرقاء,الزرقاء,الجبل الشمالي,شارع الملك عبد الله الثاني,KG-HASH-7F0FA9DD-14,,,,5.html,فرع الزرقاء,Matched existing record by normalized Arabic nursery name; not appended as duplicate.
حضانة الفقاعة المضحكة,Funny Bubble Nursery,عمان,عمان,أم السماق,شارع عطيوي المجالي – بناية 26,KG-HASH-68475EC4-21,,,,,,
حضانة طيور المحبة,Birds of Love Nursery,عمان,عمان,جبل عمان,دوار ثاني – شارع المعتصم 55 – بجانب عمارة قناة الجزيرة,KG-HASH-39B76A94-23,,,,,,
حضانة ريتان,Ritan Nursery,إربد,إربد,الحي الشرقي,خلف حلويات الكت والكات,KG-HASH-63C89E6F-21,,,,,,
حضانة الطفل الأمثل,Best Child Nursery,الزرقاء,الزرقاء,البتراوي,حي البتراوي,KG-HASH-9D52338B-23,,,,,,
حضانة الانامل الذهبية,Golden Fingers Nursery,عمان,عمان,شرق عمان,ماركا الشمالية – شارع فاطمة الزهراء – مسجد فاطمة الزهراء,KG-HASH-4235AA00-15,,,,,,
حضانة حكايتي الصغيرة,My Little Story Nursery,عمان,عمان,الجبيهة,مقابل الجمعية العلمية الملكية – ط الأرضي,KG-HASH-41922AC3-15,,,,,,
حضانة براعم السكر,Sugar Buds Nursery,العقبة,العقبة,السكنية الثالثة,شارع العباسيين – بجانب مسجد سعد بن أبي وقاص,KG-HASH-4AA4B4D3-15,,,,,,
حضانة درجات صغيرة,Small Steps Nursery,عمان,عمان,اليوبيل,دوار البرديني – قرب مدارس الإشراق,KG-HASH-FF9AE220-15,,,,,,
حضانة أشكال النموذجية,Shapes Model Nursery,إربد,إربد,خلف مستشفى إربد التخصصي,0772155227,KG-IR-0017,,,,,,
حضانة لطفولة أرقى,Finer Childhood Nursery,الزرقاء,الزرقاء,مدينة الشرق,قرب دوار الطيارة,KG-HASH-0BA37A4E-15,,,,,,
حضانة سلمى وزين,Salma & Zain Nursery,البلقاء,السلط,البقيع,البقيع,KG-HASH-2761F2DE-15,,,,,,
حضانة هلا وغلا,Hala & Ghala Nursery,عمان,عمان,شرق عمان,طبربور – قرب إسكان الجيش – حديقة العهد والوفا – يوسف بني ياسين 9,KG-HASH-4CB76A0C-15,,,,,,
حضانة من الألف إلى الياء,From A to Z Nursery,عمان,عمان,جنوب عمان,مرج الحمام – إسكان عالية – فيلا 30,KG-AM-0806,,,,,,
حضانة الطفل السعيد,Happy Child Nursery,عمان,عمان,شرق عمان,ماركا الشمالية – حمزة – قرب مدرسة الشريف حسين,KG-HASH-0635148B-17,,,,,,
حضانة بدايات عظيمة,Great Beginnings Nursery,عمان,عمان,جبل الحسين,شارع إسماعيل بابوق 5,KG-HASH-6AD2B97C-17,,,,,,
حضانة ديمة النموذجية,Dima Model Nursery,البلقاء,السلط,شفا العامرية,شفا العامرية,KG-HASH-756B81D8-15,,,,,,
حضانة ضحكات الطفولة,Childhood Laughter Nursery,عمان,عمان,الشميساني,بناية 39 – شارع معروف الرصافي,KG-HASH-16722FFC-15,,,,,,
حضانة الأطفال السعداء,Happy Children Nursery,عمان,عمان,اليوبيل,مرج الحمام – شارع نالتشك – قرب مطعم دنيا المشاوي,KG-HASH-BE5F5773-15,,,,,,
حضانة جوان النموذجية,Jawan Model Nursery,الزرقاء,الزرقاء,الهاشمية,الحي الشرقي,KG-HASH-EBD119C2-15,,,,,,
حضانة نور الجبيهة,Nour Al-Jubeiha Nursery,عمان,عمان,الجبيهة,شارع مفلح اللوزي – بناية 32 – مقابل مفروشات شهوان,KG-HASH-68257B5B-15,,,,,,
حضانة وروضة رونق المودة,Ronaq Al-Mawaddah Nursery & KG,عمان,عمان,البيادر,شارع خضر قردن – مقابل النادي الأهلي,KG-HASH-0A2E8BF3-16,,,,,,
حضانة بريق النمارق,Briq Al-Namarq Nursery,البلقاء,السلط,البقعان,بجانب مدرسة فاطمة الزهراء,KG-HASH-C98B3A42-15,,,,,,
حضانة الأرض السعيدة,Happy Land Nursery,عمان,عمان,جنوب عمان,المقابلين – حي الصحابة – شارع عبد الكريم الخطاب,KG-HASH-A21959BA-15,,,,,,
حضانة الحمامي,Al-Hammami Nursery,عمان,عمان,الجبيهة,شارع الريان – أم زويتينة,KG-HASH-6C739D9A-15,,,,,,
أكاديمية مدرسة وروضة جنى دان,Jana Dan Academy & KG,الزرقاء,الزرقاء,بيرين,خلف النبعة,KG-HASH-63D4D1AC-15,,,,,,
حضانة شذى الورد,Shatha Al-Ward Nursery,عمان,عمان,شرق عمان,طبربور – شارع عجاج الهبارنة – قرب مسجد عباد الرحمن,KG-HASH-E4A8221D-15,,,,,,
حضانة بذور الغد,Seeds of Tomorrow Nursery,عمان,عمان,شرق عمان,إسكان الجيش – شارع عبدالقادر الزغول – باتجاه أبو عليا,KG-HASH-B85BE7B2-15,,,,,,
حضانة ناريمان النموذجية,Nariman Model Nursery,الرمثا,الرمثا,الرمثا,مقابل مدرسة جمانة,KG-HASH-A5004523-15,,,,,,
حضانة كوكب المرح الطفولي,Fun Planet Childhood Nursery,العقبة,العقبة,الثامنة,قرب مسجد الكالوتي,KG-HASH-1E3C633A-15,,,,,,
حضانة ورود الربيع,Spring Roses Nursery,البلقاء,السلط,ماحص,شارع المدارس,KG-HASH-3D270AC1-15,,,,,,
حضانة حسام وسبأ الحديثة,Husam & Saba Modern Nursery,إربد,إربد,الحصن,الحي الشرقي – شارع الكلية,KG-HASH-5DF86710-15,,,,,,
حضانة تكوين,Takween Nursery,عمان,عمان,شمال عمان,طلوع الجاذبية – قرب سوبرماركت ياهلا,KG-HASH-9112EFC2-15,,,,,,
حضانة الفطاحلة النموذجية,Al-Fatahilah Model Nursery,إربد,إربد,الحي الجنوبي,جنوب غرب دوار صحارى – 300 متر,KG-HASH-6FF73128-15,,,,,,
حضانة بيت السكاكر,Candy House Nursery,إربد,إربد,الراهبات الوردية,خلف مستشفى الراهبات الوردية – بجانب السور,KG-HASH-B3342EDC-15,,,,,,
حضانة القلب السعيد,Happy Heart Nursery,عمان,عمان,شرق عمان,ضاحية الأمير حسن – قرب مطعم الهنيني,KG-HASH-D57300DD-15,,,,,,
حضانة كوخ الدب,Bear Cabin Nursery,الزرقاء,الزرقاء,الجبل الشمالي,شارع الملك عبد الله الثاني,KG-HASH-7F0FA9DD-15,,,,,,
حضانة الفقاعة المضحكة,Funny Bubble Nursery,عمان,عمان,أم السماق,شارع عطيوي المجالي – بناية 26,KG-HASH-68475EC4-22,,,,,,
حضانة طيور المحبة,Birds of Love Nursery,عمان,عمان,جبل عمان,دوار ثاني – شارع المعتصم 55 – بجانب عمارة قناة الجزيرة,KG-HASH-39B76A94-24,,,,,,
حضانة ريتان,Ritan Nursery,إربد,إربد,الحي الشرقي,خلف حلويات الكت والكات,KG-HASH-63C89E6F-22,,,,,,
حضانة الطفل الأمثل,Best Child Nursery,الزرقاء,الزرقاء,البتراوي,حي البتراوي,KG-HASH-9D52338B-24,,,,,,
حضانة اليوم السعيد,Al-Yawm Al-Saeed Nursery,عمان,عمان,بسمان/جبل النزهة,شارع الكويتية – بناية 15,KG-HASH-2B4CE2CE-10,,,,1.html,فرع شرق عمان,Matched existing record by normalized Arabic nursery name; not appended as duplicate.
حضانة فرح النموذجية,Farah Model Nursery,عمان,عمان,جبل الحسين,دوار الداخلية – نزول سرفيس العبدلي,KG-HASH-AA9129EC-10,,,,1.html,فرع عمان المركز,Matched existing record by normalized Arabic nursery name; not appended as duplicate.
روضة وحضانة نداء الطفولة,Nadaa Al-Tufulah Nursery & KG,عمان,عمان,شمال عمان,شارع البلدية بعد البنك الإسلامي مقابل ملحمة الخليل,KG-AM-0807,,,,1.html,فرع شمال عمان,Matched existing record by normalized Arabic nursery name; not appended as duplicate.
حضانة سيسو النموذجية,Siso Model Nursery,عمان,عمان,خلدا,قرب دوار السكر – مقابل سامح مول,KG-HASH-467ED77E-10,,,,1.html,فرع شمال عمان,Matched existing record by normalized Arabic nursery name; not appended as duplicate.
روضة ومدارس أكاديمية ريتال الدولية,Rital International Academy,عمان,عمان,ياجوز,تقاطع جسر ياجوز – شارع الأردن,KG-HASH-9932B088-10,,,,,,
حضانة قوس قزح النموذجية,Rainbow Model Nursery,عمان,عمان,الشميساني,الشميساني,KG-HASH-30C80BA5-10,,,,1.html,فرع عمان المركز,Matched existing record by normalized Arabic nursery name; not appended as duplicate.
شركة إبداع الطفولة,Ebdaa Al-Tufulah,عمان,عمان,شمال عمان,شارع شريفة زين – خلف روان كيك,KG-HASH-407914AF-10,,,,1.html,فرع شمال عمان,Matched existing record by normalized Arabic nursery name; not appended as duplicate.
حضانة الصياد الصغير,Little Hunter Nursery,عمان,عمان,جنوب عمان,مرج الحمام – شارع محمد بن طلال,KG-HASH-0D22143D-10,,,,,,
الشجرة المباركة للتعليم والاستثمار,Blessed Tree Education,عمان,عمان,شمال عمان,إشارة جبري – خلف بهجت سنتر,KG-HASH-3A27D298-9,,,,1.html,فرع شمال عمان,Matched existing record by normalized Arabic nursery name; not appended as duplicate.
حضانة نطاق الألوان المرحة,Color Range Fun Nursery,عمان,عمان,شرق عمان,شفا بدران – بجانب أكاديمية ريماس,KG-HASH-2605B857-10,,,,1.html,فرع شرق عمان,Matched existing record by normalized Arabic nursery name; not appended as duplicate.
حضانة زهور صغيرة,Little Flowers Nursery,عمان,عمان,الشميساني,شارع الفيحاء,KG-HASH-4E0BEFAA-10,,,,1.html,فرع عمان المركز,Matched existing record by normalized Arabic nursery name; not appended as duplicate.
حضانة المشاكس الصغير,Little Mischief Nursery,عمان,عمان,أم أذينة,شارع الكوفة – بناية 71,KG-HASH-0E557CFF-16,,,,1.html,فرع عمان المركز,Matched existing record by normalized Arabic nursery name; not appended as duplicate.
حضانة عبق عجلون النموذجية,Abq Ajloun Model Nursery,عجلون,عجلون,عبين,شارع إربد – مقابل صالة النورس,KG-HASH-5601454A-10,,,,,,
مؤسسة المنهل التربوية,Al-Manhal Educational Institution,عمان,عمان,الجامعة الأردنية,إسكان الجامعة الأردنية,KG-HASH-91358FF4-10,,,,,,
حضانة النحلة الصغيرة,Little Bee Nursery,عمان,عمان,الجاردنز,دخلة مطعم السروات,KG-AM-0808,,,,1.html,فرع شمال عمان,Matched existing record by normalized Arabic nursery name; not appended as duplicate.
حضانة مملكة السكر,Sugar Kingdom Nursery,عمان,عمان,شرق عمان,طبربور – شارع أسعد بن زرارة,KG-HASH-49966BEA-10,,,,1.html,فرع شرق عمان,Matched existing record by normalized Arabic nursery name; not appended as duplicate.
حضانة طوق الياسمين,Tawq Al-Yasmin Nursery,عمان,عمان,شرق عمان,طبربور – مظهر علاونة – بجانب موسيقات القوات,KG-HASH-984DF634-16,,,,,,
حضانة قمم الأشجار,Tree Tops Nursery,عمان,عمان,الشميساني,عبد الحميد كرامي – بناية 8,KG-HASH-D2C447CD-11,,,,1.html,فرع عمان المركز,Matched existing record by normalized Arabic nursery name; not appended as duplicate.
حضانة الخيوط اللامعة,Shining Threads Nursery,عمان,عمان,أبو السوس,إسكان الأمانة – حي الصنوبر,KG-HASH-FCF5F87B-10,,,,1.html,فرع اليوبيل,Matched existing record by normalized Arabic nursery name; not appended as duplicate.
حضانة الما وأيلا,Alma & Ayla Nursery,عمان,عمان,شمال عمان,ضاحية الرشيد – قبل سكن أميمة,KG-HASH-46291761-10,,,,,,
حضانة ماما رولا,Mama Rola Nursery,عمان,عمان,شرق عمان,شفا بدران – حي ذهيبة – خلف الكلحة – بناية 3,KG-HASH-51336EBC-10,,,,,,
حضانة حبات التوت,Raspberry Seeds Nursery,عمان,عمان,مرج الحمام,شارع مويى النهار,KG-AM-0809,,,,1.html,فرع اليوبيل,Matched existing record by normalized Arabic nursery name; not appended as duplicate.
حضانة أطفال تمارا,Tamara Kids Nursery,عمان,عمان,شمال عمان,خلف مطعم طواحين,KG-HASH-D54CBE34-10,,,,1.html,فرع شمال عمان,Matched existing record by normalized Arabic nursery name; not appended as duplicate.
حضانة أزهار بيسان,Bisan Flowers Nursery,عمان,عمان,شرق عمان,الهاشمي الشمالي – حي نايفة – مقابل وزارة الصحة,KG-HASH-F0D51A7A-10,,,,1.html,فرع شرق عمان,Matched existing record by normalized Arabic nursery name; not appended as duplicate.
حضانة دانة الدولية,Dana International Nursery,عمان,عمان,شمال عمان,تلاع العلي – خلف الهوليدي إن,KG-HASH-21F6AEA4-10,,,,1.html,فرع شمال عمان,Matched existing record by normalized Arabic nursery name; not appended as duplicate.
حضانة سالي وسلمى,Sally & Salma Nursery,عمان,عمان,شمال عمان,الجبيهة – مقابل الأحدث سابقاً,KG-HASH-50F99C52-10,,,,1.html,فرع شمال عمان,Matched existing record by normalized Arabic nursery name; not appended as duplicate.
حضانة وسيم النموذجية,Waseem Model Nursery,عمان,عمان,جنوب عمان,الأشرفية – حي أم تينة,KG-HASH-A737AF34-10,,,,1.html,فرع جنوب عمان,Matched existing record by normalized Arabic nursery name; not appended as duplicate.
حضانة النحلة جولي,Jolly Bee Nursery,عمان,عمان,شرق عمان,طبربور – بجانب جامعة العلوم الإسلامية,KG-HASH-F9383D91-10,,,,1.html,فرع شرق عمان,Matched existing record by normalized Arabic nursery name; not appended as duplicate.
حضانة الأكواخ الملونة,Colored Cabins Nursery,عمان,عمان,الشميساني,شارع الجاحظ – مقابل مجمع السعيد,KG-HASH-89BDD1D1-16,,,,1.html,فرع شمال عمان,Matched existing record by normalized Arabic nursery name; not appended as duplicate.
حضانة النجوم المتلألئة,Twinkling Stars Nursery,عمان,عمان,اليوبيل,مرج الحمام – شارع نايف بن عاصم,KG-HASH-68E974B2-10,,,,,,
حضانة جنتي للأطفال,My Paradise Nursery,عمان,عمان,شمال عمان,خلدا – شارع المعارف – قرب مدرسة المعارف,KG-HASH-43031B1B-10,,,,1.html,فرع شمال عمان,Matched existing record by normalized Arabic nursery name; not appended as duplicate.
حضانة ميرا والمى,Mira & Al-Mi Nursery,عمان,عمان,جنوب عمان,شارع فايزة المعارجة,KG-HASH-7A601E38-10,,,,,,
حضانة عصافير الكرك,Karak Sparrows Nursery,الكرك,الكرك,الكرك,الثنية – الشارع الرئيسي,KG-HASH-B864861A-11,,,,1.html,فرع الكرك,Matched existing record by normalized Arabic nursery name; not appended as duplicate.
حضانة القطط الصغيرة,Little Kittens Nursery,عمان,عمان,شمال عمان,تلاع العلي – بجانب البشيتي – بناية 3,KG-HASH-F761251C-10,,,,,,
حضانة الطفل الحسن,Good Child Nursery,عمان,عمان,اليوبيل,بيادر وادي السير – الجندويل,KG-HASH-9B7848CF-10,,,,1.html,فرع اليوبيل,Matched existing record by normalized Arabic nursery name; not appended as duplicate.
روضة وحضانة أنا الصغير,Ana Al-Saghir Nursery & KG,عمان,عمان,شمال عمان,خرجا – دخلة مدارس الدر المنثور,KG-HASH-1070AA6D-10,,,,1.html,فرع شمال عمان,Matched existing record by normalized Arabic nursery name; not appended as duplicate.
حضانة القلب الكبير,Big Heart Nursery,إربد,إربد,إربد,قرب مضافة أبو سالم,KG-HASH-B233B2FD-10,,,,1.html,فرع اربد,Matched existing record by normalized Arabic nursery name; not appended as duplicate.
حضانة قرية التوت العالمية,Global Berry Village Nursery,عمان,عمان,عمان المركز,دوار الكيلو – خلف البرجر كنج – عمارة 46,KG-HASH-6E5273CC-10,,,,1.html,فرع عمان المركز,Matched existing record by normalized Arabic nursery name; not appended as duplicate.
حضانة الجيل القادم,Next Generation Nursery,عمان,عمان,شمال عمان,المدينة الرياضية – شمس الدين الذهبي,KG-AM-0810,,,,,,
حضانة الانامل الذهبية,Golden Fingers Nursery,عمان,عمان,شرق عمان,ماركا الشمالية – شارع فاطمة الزهراء – مسجد فاطمة الزهراء,KG-HASH-4235AA00-16,,,,,,
حضانة حكايتي الصغيرة,My Little Story Nursery,عمان,عمان,الجبيهة,مقابل الجمعية العلمية الملكية – ط الأرضي,KG-HASH-41922AC3-16,,,,,,
حضانة براعم السكر,Sugar Buds Nursery,العقبة,العقبة,السكنية الثالثة,شارع العباسيين – بجانب مسجد سعد بن أبي وقاص,KG-HASH-4AA4B4D3-16,,,,,,
حضانة درجات صغيرة,Small Steps Nursery,عمان,عمان,اليوبيل,دوار البرديني – قرب مدارس الإشراق,KG-HASH-FF9AE220-16,,,,,,
حضانة أشكال النموذجية,Shapes Model Nursery,إربد,إربد,خلف مستشفى إربد التخصصي,0772155227,KG-IR-0018,,,,,,
حضانة لطفولة أرقى,Finer Childhood Nursery,الزرقاء,الزرقاء,مدينة الشرق,قرب دوار الطيارة,KG-HASH-0BA37A4E-16,,,,,,
حضانة سلمى وزين,Salma & Zain Nursery,البلقاء,السلط,البقيع,البقيع,KG-HASH-2761F2DE-16,,,,,,
حضانة هلا وغلا,Hala & Ghala Nursery,عمان,عمان,شرق عمان,طبربور – قرب إسكان الجيش – حديقة العهد والوفا – يوسف بني ياسين 9,KG-HASH-4CB76A0C-16,,,,,,
حضانة من الألف إلى الياء,From A to Z Nursery,عمان,عمان,جنوب عمان,مرج الحمام – إسكان عالية – فيلا 30,KG-AM-0811,,,,,,
حضانة الطفل السعيد,Happy Child Nursery,عمان,عمان,شرق عمان,ماركا الشمالية – حمزة – قرب مدرسة الشريف حسين,KG-HASH-0635148B-18,,,,,,
حضانة بدايات عظيمة,Great Beginnings Nursery,عمان,عمان,جبل الحسين,شارع إسماعيل بابوق 5,KG-HASH-6AD2B97C-18,,,,,,
حضانة ديمة النموذجية,Dima Model Nursery,البلقاء,السلط,شفا العامرية,شفا العامرية,KG-HASH-756B81D8-16,,,,,,
حضانة ضحكات الطفولة,Childhood Laughter Nursery,عمان,عمان,الشميساني,بناية 39 – شارع معروف الرصافي,KG-HASH-16722FFC-16,,,,,,
حضانة الأطفال السعداء,Happy Children Nursery,عمان,عمان,اليوبيل,مرج الحمام – شارع نالتشك – قرب مطعم دنيا المشاوي,KG-HASH-BE5F5773-16,,,,,,
حضانة جوان النموذجية,Jawan Model Nursery,الزرقاء,الزرقاء,الهاشمية,الحي الشرقي,KG-HASH-EBD119C2-16,,,,,,
حضانة نور الجبيهة,Nour Al-Jubeiha Nursery,عمان,عمان,الجبيهة,شارع مفلح اللوزي – بناية 32 – مقابل مفروشات شهوان,KG-HASH-68257B5B-16,,,,,,
حضانة وروضة رونق المودة,Ronaq Al-Mawaddah Nursery & KG,عمان,عمان,البيادر,شارع خضر قردن – مقابل النادي الأهلي,KG-HASH-0A2E8BF3-17,,,,,,
حضانة بريق النمارق,Briq Al-Namarq Nursery,البلقاء,السلط,البقعان,بجانب مدرسة فاطمة الزهراء,KG-HASH-C98B3A42-16,,,,,,
حضانة الأرض السعيدة,Happy Land Nursery,عمان,عمان,جنوب عمان,المقابلين – حي الصحابة – شارع عبد الكريم الخطاب,KG-HASH-A21959BA-16,,,,,,
حضانة الحمامي,Al-Hammami Nursery,عمان,عمان,الجبيهة,شارع الريان – أم زويتينة,KG-HASH-6C739D9A-16,,,,,,
أكاديمية مدرسة وروضة جنى دان,Jana Dan Academy & KG,الزرقاء,الزرقاء,بيرين,خلف النبعة,KG-HASH-63D4D1AC-16,,,,,,
حضانة شذى الورد,Shatha Al-Ward Nursery,عمان,عمان,شرق عمان,طبربور – شارع عجاج الهبارنة – قرب مسجد عباد الرحمن,KG-HASH-E4A8221D-16,,,,,,
حضانة بذور الغد,Seeds of Tomorrow Nursery,عمان,عمان,شرق عمان,إسكان الجيش – شارع عبدالقادر الزغول – باتجاه أبو عليا,KG-HASH-B85BE7B2-16,,,,,,
حضانة ناريمان النموذجية,Nariman Model Nursery,الرمثا,الرمثا,الرمثا,مقابل مدرسة جمانة,KG-HASH-A5004523-16,,,,,,
حضانة كوكب المرح الطفولي,Fun Planet Childhood Nursery,العقبة,العقبة,الثامنة,قرب مسجد الكالوتي,KG-HASH-1E3C633A-16,,,,,,
حضانة ورود الربيع,Spring Roses Nursery,البلقاء,السلط,ماحص,شارع المدارس,KG-HASH-3D270AC1-16,,,,,,
حضانة حسام وسبأ الحديثة,Husam & Saba Modern Nursery,إربد,إربد,الحصن,الحي الشرقي – شارع الكلية,KG-HASH-5DF86710-16,,,,,,
حضانة تكوين,Takween Nursery,عمان,عمان,شمال عمان,طلوع الجاذبية – قرب سوبرماركت ياهلا,KG-HASH-9112EFC2-16,,,,,,
حضانة الفطاحلة النموذجية,Al-Fatahilah Model Nursery,إربد,إربد,الحي الجنوبي,جنوب غرب دوار صحارى – 300 متر,KG-HASH-6FF73128-16,,,,,,
حضانة بيت السكاكر,Candy House Nursery,إربد,إربد,الراهبات الوردية,خلف مستشفى الراهبات الوردية – بجانب السور,KG-HASH-B3342EDC-16,,,,,,
حضانة القلب السعيد,Happy Heart Nursery,عمان,عمان,شرق عمان,ضاحية الأمير حسن – قرب مطعم الهنيني,KG-HASH-D57300DD-16,,,,,,
حضانة كوخ الدب,Bear Cabin Nursery,الزرقاء,الزرقاء,الجبل الشمالي,شارع الملك عبد الله الثاني,KG-HASH-7F0FA9DD-16,,,,,,
حضانة الفقاعة المضحكة,Funny Bubble Nursery,عمان,عمان,أم السماق,شارع عطيوي المجالي – بناية 26,KG-HASH-68475EC4-23,,,,,,
حضانة طيور المحبة,Birds of Love Nursery,عمان,عمان,جبل عمان,دوار ثاني – شارع المعتصم 55 – بجانب عمارة قناة الجزيرة,KG-HASH-39B76A94-25,,,,,,
حضانة ريتان,Ritan Nursery,إربد,إربد,الحي الشرقي,خلف حلويات الكت والكات,KG-HASH-63C89E6F-23,,,,,,
حضانة الطفل الأمثل,Best Child Nursery,الزرقاء,الزرقاء,البتراوي,حي البتراوي,KG-HASH-9D52338B-25,,,,,,
حضانة اليوم السعيد,Al-Yawm Al-Saeed Nursery,عمان,عمان,بسمان/جبل النزهة,شارع الكويتية – بناية 15,KG-HASH-2B4CE2CE-11,,,,,,
حضانة فرح النموذجية,Farah Model Nursery,عمان,عمان,جبل الحسين,دوار الداخلية – نزول سرفيس العبدلي,KG-HASH-AA9129EC-11,,,,,,
روضة وحضانة نداء الطفولة,Nadaa Al-Tufulah Nursery & KG,عمان,عمان,شمال عمان,شارع البلدية بعد البنك الإسلامي مقابل ملحمة الخليل,KG-AM-0812,,,,,,
حضانة سيسو النموذجية,Siso Model Nursery,عمان,عمان,خلدا,قرب دوار السكر – مقابل سامح مول,KG-HASH-467ED77E-11,,,,,,
روضة ومدارس أكاديمية ريتال الدولية,Rital International Academy,عمان,عمان,ياجوز,تقاطع جسر ياجوز – شارع الأردن,KG-HASH-9932B088-11,,,,,,
حضانة قوس قزح النموذجية,Rainbow Model Nursery,عمان,عمان,الشميساني,الشميساني,KG-HASH-30C80BA5-11,,,,,,
شركة إبداع الطفولة,Ebdaa Al-Tufulah,عمان,عمان,شمال عمان,شارع شريفة زين – خلف روان كيك,KG-HASH-407914AF-11,,,,,,
حضانة الصياد الصغير,Little Hunter Nursery,عمان,عمان,جنوب عمان,مرج الحمام – شارع محمد بن طلال,KG-HASH-0D22143D-11,,,,,,
الشجرة المباركة للتعليم والاستثمار,Blessed Tree Education,عمان,عمان,شمال عمان,إشارة جبري – خلف بهجت سنتر,KG-HASH-3A27D298-10,,,,,,
حضانة نطاق الألوان المرحة,Color Range Fun Nursery,عمان,عمان,شرق عمان,شفا بدران – بجانب أكاديمية ريماس,KG-HASH-2605B857-11,,,,,,
حضانة زهور صغيرة,Little Flowers Nursery,عمان,عمان,الشميساني,شارع الفيحاء,KG-HASH-4E0BEFAA-11,,,,,,
حضانة المشاكس الصغير,Little Mischief Nursery,عمان,عمان,أم أذينة,شارع الكوفة – بناية 71,KG-HASH-0E557CFF-17,,,,,,
حضانة عبق عجلون النموذجية,Abq Ajloun Model Nursery,عجلون,عجلون,عبين,شارع إربد – مقابل صالة النورس,KG-HASH-5601454A-11,,,,,,
مؤسسة المنهل التربوية,Al-Manhal Educational Institution,عمان,عمان,الجامعة الأردنية,إسكان الجامعة الأردنية,KG-HASH-91358FF4-11,,,,,,
حضانة النحلة الصغيرة,Little Bee Nursery,عمان,عمان,الجاردنز,دخلة مطعم السروات,KG-AM-0813,,,,,,
حضانة مملكة السكر,Sugar Kingdom Nursery,عمان,عمان,شرق عمان,طبربور – شارع أسعد بن زرارة,KG-HASH-49966BEA-11,,,,,,
حضانة طوق الياسمين,Tawq Al-Yasmin Nursery,عمان,عمان,شرق عمان,طبربور – مظهر علاونة – بجانب موسيقات القوات,KG-HASH-984DF634-17,,,,,,
حضانة قمم الأشجار,Tree Tops Nursery,عمان,عمان,الشميساني,عبد الحميد كرامي – بناية 8,KG-HASH-D2C447CD-12,,,,,,
حضانة الخيوط اللامعة,Shining Threads Nursery,عمان,عمان,أبو السوس,إسكان الأمانة – حي الصنوبر,KG-HASH-FCF5F87B-11,,,,,,
حضانة الما وأيلا,Alma & Ayla Nursery,عمان,عمان,شمال عمان,ضاحية الرشيد – قبل سكن أميمة,KG-HASH-46291761-11,,,,,,
حضانة ماما رولا,Mama Rola Nursery,عمان,عمان,شرق عمان,شفا بدران – حي ذهيبة – خلف الكلحة – بناية 3,KG-HASH-51336EBC-11,,,,,,
حضانة حبات التوت,Raspberry Seeds Nursery,عمان,عمان,مرج الحمام,شارع مويى النهار,KG-AM-0814,,,,,,
حضانة أطفال تمارا,Tamara Kids Nursery,عمان,عمان,شمال عمان,خلف مطعم طواحين,KG-HASH-D54CBE34-11,,,,,,
حضانة أزهار بيسان,Bisan Flowers Nursery,عمان,عمان,شرق عمان,الهاشمي الشمالي – حي نايفة – مقابل وزارة الصحة,KG-HASH-F0D51A7A-11,,,,,,
حضانة دانة الدولية,Dana International Nursery,عمان,عمان,شمال عمان,تلاع العلي – خلف الهوليدي إن,KG-HASH-21F6AEA4-11,,,,,,
حضانة سالي وسلمى,Sally & Salma Nursery,عمان,عمان,شمال عمان,الجبيهة – مقابل الأحدث سابقاً,KG-HASH-50F99C52-11,,,,,,
حضانة وسيم النموذجية,Waseem Model Nursery,عمان,عمان,جنوب عمان,الأشرفية – حي أم تينة,KG-HASH-A737AF34-11,,,,,,
حضانة النحلة جولي,Jolly Bee Nursery,عمان,عمان,شرق عمان,طبربور – بجانب جامعة العلوم الإسلامية,KG-HASH-F9383D91-11,,,,,,
حضانة الأكواخ الملونة,Colored Cabins Nursery,عمان,عمان,الشميساني,شارع الجاحظ – مقابل مجمع السعيد,KG-HASH-89BDD1D1-17,,,,,,
حضانة النجوم المتلألئة,Twinkling Stars Nursery,عمان,عمان,اليوبيل,مرج الحمام – شارع نايف بن عاصم,KG-HASH-68E974B2-11,,,,,,
حضانة جنتي للأطفال,My Paradise Nursery,عمان,عمان,شمال عمان,خلدا – شارع المعارف – قرب مدرسة المعارف,KG-HASH-43031B1B-11,,,,,,
حضانة ميرا والمى,Mira & Al-Mi Nursery,عمان,عمان,جنوب عمان,شارع فايزة المعارجة,KG-HASH-7A601E38-11,,,,,,
حضانة عصافير الكرك,Karak Sparrows Nursery,الكرك,الكرك,الكرك,الثنية – الشارع الرئيسي,KG-HASH-B864861A-12,,,,,,
حضانة القطط الصغيرة,Little Kittens Nursery,عمان,عمان,شمال عمان,تلاع العلي – بجانب البشيتي – بناية 3,KG-HASH-F761251C-11,,,,,,
حضانة الطفل الحسن,Good Child Nursery,عمان,عمان,اليوبيل,بيادر وادي السير – الجندويل,KG-HASH-9B7848CF-11,,,,,,
روضة وحضانة أنا الصغير,Ana Al-Saghir Nursery & KG,عمان,عمان,شمال عمان,خرجا – دخلة مدارس الدر المنثور,KG-HASH-1070AA6D-11,,,,,,
حضانة القلب الكبير,Big Heart Nursery,إربد,إربد,إربد,قرب مضافة أبو سالم,KG-HASH-B233B2FD-11,,,,,,
حضانة قرية التوت العالمية,Global Berry Village Nursery,عمان,عمان,عمان المركز,دوار الكيلو – خلف البرجر كنج – عمارة 46,KG-HASH-6E5273CC-11,,,,,,
حضانة الجيل القادم,Next Generation Nursery,عمان,عمان,شمال عمان,المدينة الرياضية – شمس الدين الذهبي,KG-AM-0815,,,,,,
حضانة التباشير البيضاء,White Chalk Nursery,عمان,عمان,بين الدوار 6 وال7,شارع التباشير,KG-HASH-846C96F7-8,,,,,,
حضانة مونلايت,Moonlight Nursery,عمان,عمان,الشميساني,الشميساني,KG-AM-0816,,,,,,
حضانة فيرست ووردز,First Words Preschool,عمان,عمان,الصويفية,شارع سعيد المفتي – عمارة 16,KG-HASH-DDDF528F-9,,,,,,
روضة ومدرسة ليلى للتعليم الحديث,Leila Modern Education KG & School,عمان,عمان,طبربور,شارع محمد العويدات – مجمع 2,KG-AM-0817,,,,,,
حضانة ليتل ليرنرز,Little Learners Nursery,عمان,عمان,الرابية,شارع أنور الخطيب,KG-AM-0818,,,,,,
حضانة العلمي الممتع,Fun Science Nursery,عمان,عمان,اليوبيل,شارع عبد الله غوشة,KG-AM-0819,,,,,,
حضانة ميني مي,Mini Me Nursery,عمان,عمان,خلدا,شارع الأمير زيد,KG-AM-0820,,,,,,
حضانة الانطلاقة,Al Intilaqa Nursery,عمان,عمان,الصويفية,شارع بخيت العيسى,KG-HASH-526522B6-8,,,,,,
حضانة كوكون,Cocoon Nursery,عمان,عمان,الرابية,شارع محمد الخماش,KG-AM-0821,,,,,,
حضانة زهور المستقبل,Future Flowers Nursery,عمان,عمان,الرونق,شارع الأسبح – فيلا 6,KG-HASH-F845F6B6-9,,,,,,
حضانة نهج المعرفة,Nahj Al-Ma’rifa KG,عمان,عمان,الدوار الثامن,الدوار الثامن,KG-AM-0822,,,,,,
روضة بوك أند براش,Book n Brush KG,عمان,عمان,الصويفية,شارع زهدي عصفور,KG-AM-0823,,,,,,
حضانة البدايات المشرقة,Bright Beginnings Nursery,عمان,عمان,أم أذينة,شارع الدمام 48,KG-HASH-D7CFF932-8,,,,,,
حضانة وروضة وورلد كرياتيف,Creative World Nursery & KG,عمان,عمان,الرابية,شارع إبراهيم القطان 22,KG-AM-0824,,,,,,
حضانة الأطفال السعداء (2),Happy Kids Nursery (2),عمان,عمان,السهل,السهل,KG-AM-0825,,,,,,
حضانة السندريلا,Cinderella Nursery,عمان,عمان,جبل الحسين,شارع الملك عبد الله الثاني 2,KG-HASH-0A54A420-8,,,,,,
روضة ينابيع العلم,Yanabe’ Al-Ilm KG,عمان,عمان,البيادر,مقسم العطار – شارع البيادر,KG-AM-0826,,,,,,
حضانة السوبر ناني,Super Nanny Nursery,عمان,عمان,المرج,المرج,KG-HASH-63B6BE81-8,,,,,,
حضانة ميلكي تيث,Milky Teeth KG Nursery,عمان,عمان,خلدا,خلدا,KG-AM-0827,,,,,,
حضانة ستارفيش,Starfish Nursery,عمان,عمان,الرابية,شارع أنوارين مسمار 4,KG-AM-0828,,,,,,
حضانة ليتل هاندز,Little Hands Nursery,عمان,عمان,خلدا,خلدا,KG-AM-0829,,,,,,
حضانة وروضة ستيبينج ستون,Stepping Stone Preschool & Nursery,عمان,عمان,أم السماق,شارع أرتيريا 50,KG-AM-0830,,,,,,
حضانة آدم كيدز,Adam Kids Nursery,عمان,عمان,عبدون,عبدون,KG-AM-0831,,,,,,
حضانة رونق المودة,Ronaq Al-Mawaddah Nursery,عمان,عمان,البيادر,شارع خضر قردن – مقابل النادي الأهلي,KG-HASH-AFC636DF-9,,,,,,
حضانة أمبريلا,Umbrella Nursery,عمان,عمان,اليوبيل,اليوبيل,KG-AM-0832,,,,,,
حضانة وروضة المتفوقين أكاديمي,Al Mutafawqeen Academy KG & School,عمان,عمان,خلدا,شارع أيوب السختياني 14,KG-AM-0833,,,,,,
حضانة منزلي الكبير,My Big House Nursery,عمان,عمان,الشميساني,شارع الشريف ناصر بن جميل 78,KG-AM-0834,,,,,,
روضة أكاديمية الأطفال الرائعين,Wonderful Kids Academy KG,عمان,عمان,اليوبيل,شارع محمد العجلوني,KG-AM-0835,,,,,,
حضانة وروضة كراميل,Caramel Nursery & KG,عمان,عمان,خلدا,شارع الأميرة زينب 63,KG-AM-0836,,,,,,
حضانة بز بي,BuzzBee Nursery,عمان,عمان,خلدا,خلدا,KG-AM-0837,,,,,,
روضة وابه,Wabe KG,عمان,عمان,طبربور,شارع صدقي أبو شقرة,KG-AM-0838,,,,,,
حضانة سيفتي هاوس,Safety House Nursery,عمان,عمان,خلدا,شارع المعارف – خلدا,KG-AM-0839,,,,,,
حضانة ليتل بي,Little Bee Nursery,عمان,عمان,اليوبيل,اليوبيل,KG-AM-0840,,,,,,
روضة و حضانة هيل هاوس,Hill House KG & Nursery,عمان,عمان,الشميساني,شارع محمد علي بدير 37,KG-AM-0841,,,,,,
حضانة الأكواخ الملونة,Al-Akwakh Al-Mulawwanah Nursery,عمان,عمان,الشميساني,شارع الجاحظ – مقابل مجمع السعيد التجاري,KG-HASH-89BDD1D1-18,,,,,,
حضانة سويت آند نوتي,Sweet and Naughty Nursery,عمان,عمان,الشميساني,الشميساني,KG-AM-0842,,,,,,
حضانة كيدز فالي,Kids Valley Nursery,عمان,عمان,الشميساني,شارع يوسف بن تاشفين 5,KG-AM-0843,,,,,,
حضانة ليتل جاردن,Little Garden Pre & Nursery,عمان,عمان,خلدا,خلدا,KG-AM-0844,,,,,,
حضانة راقي الدولية,Raqi International Preschool,عمان,عمان,الرابية,شارع رفاعة بن أوس 46,KG-AM-0845,,,,,,
حضانة السلام,Al-Salam Nursery,عمان,عمان,الكرسي,الكرسي,KG-AM-0846,,,,,,
حضانة ستدي بلاي,Study Play KG,عمان,عمان,خلدا,شارع الشيخ حسين الجسر 44,KG-AM-0847,,,,,,
حضانة فيرست ستيب,First Step Nursery,عمان,عمان,اليوبيل,اليوبيل,KG-AM-0848,,,,,,
حضانة كينزي,Kenzi KG,عمان,عمان,طبربور,شارع فاضل أحمد خليفة 20,KG-AM-0849,,,,,,
حضانة ليتل بروفيسورز أكاديمي,Little Professors Academy,عمان,عمان,خلدا,شارع أبهى 11,KG-AM-0850,,,,,,
حضانة زين,Zain Nursery,عمان,عمان,اليوبيل,شارع الإخلاص 31,KG-AM-0851,,,,,,
حضانة وروضة ليونز كينجدوم,Lions Kingdom Nursery & Pre-school,عمان,عمان,دابوق,شارع يثرب 9,KG-AM-0852,,,,,,
روضة و حضانة المجد الوطنية,Al Majd National Academy KG,عمان,عمان,خلدا,شارع الفقهاء – مجمع 4,KG-AM-0853,,,,,,
حضانة وايت لاينز,White Lines Nursery,عمان,عمان,خلدا,شارع أم الدنانير – خلدا,KG-AM-0854,,,,,,
حضانة لارا,Lara Nursery,عمان,عمان,تلاع العلي,خلف سوبر ماركت الأهالي,KG-HASH-4E021CE0-8,,,,1.html,فرع شمال عمان,Matched existing record by normalized Arabic nursery name; not appended as duplicate.
حضانة المشاكس الصغير,Al-Mushakis Al-Saghir Nursery,عمان,عمان,أم أذينة,أم أذينة الشرقي,KG-HASH-0E557CFF-18,,,,,,
حضانة عطر الجوري,Atr Al-Jouri Nursery,عمان,عمان,الياسمين,شارع محمد سالم الثوايب,KG-AM-0855,,,,,,
حضانة وروضة هابي فايسيز,Happy Faces Nursery & Preschool,عمان,عمان,اليوبيل,شارع ثويبة بن حرملة,KG-AM-0856,,,,,,
حضانة آرت كير,Art Care Nursery,عمان,عمان,خلدا,شارع عروة بن أذينة,KG-AM-0857,,,,,,
حضانة وروضة ستيب باي ستيب,Step By Step Preschool,عمان,عمان,الرابية,شارع وديع قسطندي 3,KG-AM-0858,,,,,,
حضانة وروضة ليتل لاند,Little Land Nursery & Preschool,عمان,عمان,الشميساني,شارع الأشعري 15,KG-AM-0859,,,,,,
حضانة دانا,Dana Nursery,عمان,عمان,خلدا,كنيسة كرم إمسيح – خلدا,KG-AM-0860,,,,,,
حضانة بانان دي كير,Banan Daycare,عمان,عمان,اليوبيل,شارع موسى الساكت 76,KG-AM-0861,,,,,,
حضانة طوق الياسمين,Tawq Al-Yasmin Nursery,عمان,عمان,طبربور,مظهر علاونة – بجانب موسيقات القوات المسلحة,KG-HASH-984DF634-18,,,,,,
حضانة كولورز تري,Colors Tree Nursery,عمان,عمان,خلدا,شارع عيسى أبو قدوم 6,KG-AM-0862,,,,,,
حضانة كرادل تو كرايون,Cradle to Crayon Nursery,عمان,عمان,اليوبيل,شارع أحمد عرابي,KG-AM-0863,,,,,,
روضة أيوب,Ayoub KG,عمان,عمان,الشميساني,شارع أحمد أوكلة النصور,KG-AM-0864,,,,,,
روضة و حضانة نحن الأطفال,Nahnu Al-Atfal Nursery & KG,عمان,عمان,جبل الحسين,شارع عز الدين القسام,KG-AM-0865,,,,,,
حضانة وروضة صنلايت,Sunlight Nursery & Pre-School,عمان,عمان,الرابية,شارع نهاوند – الرابية,KG-AM-0866,,,,,,
روضة و حضانة عالم الصغار,Aalam Al-Sighar Nursery & KG,عمان,عمان,الشميساني,شارع أسيد بن ثعلبة,KG-AM-0867,,,,,,
حضانة كُن طفلًا,Kun Tiflan Nursery,عمان,عمان,اليوبيل,شارع تعز,KG-AM-0868,,,,,,
حضانة تري توبس,Tree Tops Nursery,عمان,عمان,الشميساني,شارع عبد الحميد كرامي,KG-HASH-AE47A5BB-12,,,,,,
روضة هابي هارت,Happy Heart Kindergarten,عمان,عمان,اليوبيل,مجمع النور – شارع محمد بن غطوس,KG-AM-0869,,,,,,
حضانة بامبل بي,Bumble Bee Preschool,عمان,عمان,الرابية,شارع تبريز,KG-AM-0870,,,,,,
حضانة الما وايلا,Alma and Ayla Nursery,عمان,عمان,ضاحية الرشيد,قبل سكن أميمة,KG-HASH-5755C175-11,,,,,,
حضانة ليديبرد,Ladybird Nursery,عمان,عمان,الشميساني,شارع يوسف بن تاشفين,KG-AM-0871,,,,,,
حضانة داندون,Dandoon Nursery,عمان,عمان,خلدا,شارع عبد الله الأعزب,KG-AM-0872,,,,,,
حضانة إيرلي بيرد (تلاع العلي),Early Bird Nursery (Tala Al-Ali),عمان,عمان,تلاع العلي,مجمع 44 – شارع عبد الحليم عباس,KG-AM-0873,,,,,,
روضة الطفل السعيد,Al-Tifl Al-Saeed KG,عمان,عمان,شرق عمان,ماركا الشمالية – حمزة,KG-HASH-BCCAE8EB-11,,,,,,
حضانة هيا سبراوتس,Haya Sprouts Preschool,عمان,عمان,خلدا,شاكر بن زيد,KG-AM-0874,,,,,,
حضانة بيتي الصغير,My Little Home Nursery,عمان,عمان,شمال عمان,يوسف بن تاشفين 20 – الشميساني,KG-HASH-A45EF066-11,,,,,,
روضة كيدز واي,Kids Way Kindergarten,عمان,عمان,خلدا,شارع الأوزاعي – مجمع 11,KG-AM-0875,,,,,,
حضانة جريت بيجينينجز,Great Beginnings Child Care,عمان,عمان,جبل الحسين,شارع إسماعيل بابوق,KG-HASH-3561F16A-11,,,,,,
حضانة ليتل ستيبس,Little Steps Nursery,عمان,عمان,خلدا,شارع الشيخ حسين الجسر,KG-AM-0876,,,,,,
حضانة رايت ستارت,Right Start Nursery,عمان,عمان,اليوبيل,اليوبيل,KG-AM-0877,,,,,,
روضة الأصدقاء المبدعين,Creative Friends KG,عمان,عمان,خلدا,شارع عبد الله بن مسعود 20,KG-AM-0878,,,,,,
حضانة الجيل القادم,Next Generation Nursery,عمان,عمان,شمال عمان,المدينة الرياضية – شمس الدين الذهبي,KG-HASH-26164CE9-11,,,,,,
حضانة ليتل فلاورز,Little Flowers Day Nursery,عمان,عمان,خلدا,خلدا,KG-AM-0879,,,,,,
حضانة كيدز ستيبس,Kids Steps Nursery,عمان,عمان,الرابية,شارع تلمسان – مجمع 5,KG-AM-0880,,,,,,
حضانة شيري تري,Cherry Tree Nursery,عمان,عمان,جبل الحسين,شارع محمد جمجوم – مجمع 2,KG-AM-0881,,,,,,
حضانة ثراء كيدز,Thraa Kids Nursery,عمان,عمان,شرق عمان,شرق عمان,KG-AM-0882,,,,,,
حضانة الفقاعة المضحكة,Funny Bubble Nursery,عمان,عمان,أم السماق,شارع عطيوي المجالي – بناية 26,KG-HASH-68475EC4-24,,,,,,
حضانة طيور المحبة,Birds of Love Nursery,عمان,عمان,جبل عمان,دوار ثاني – شارع المعتصم 55,KG-HASH-39B76A94-26,,,,,,
حضانة ريتان,Ritan Nursery,إربد,إربد,الحي الشرقي,خلف حلويات الكت والكات,KG-HASH-63C89E6F-24,,,,,,
حضانة الطفل الأمثل,Best Child Care Nursery,الزرقاء,الزرقاء,البتراوي,حي البتراوي,KG-HASH-9D52338B-26,,,,,,
حضانة أطفال الرونق,Ronaq Kids Nursery,عمان,عمان,الرونق,شارع محمد علي حسين الكردي – عمارة 30,KG-HASH-F80BBEEE-11,,,,,,
حضانة البالون,Balloon Nursery,عمان,عمان,الدوار السابع,بجانب فندق جنيفا,KG-HASH-B3A79E1B-11,,,,,,
حضانة براعم الرمثا التعليمية والنموذجية,Baraem Al-Ramtha Educational & Model Nursery,الرمثا,الرمثا,الرئيسي,الرئيسي,KG-HASH-E7F2DA07-11,,,,,,
حضانة النبات السليم,Healthy Plant Nursery,عمان,عمان,طبربور,حي الشهيد الجنوبي,KG-HASH-F9974F8A-11,,,,,,
حضانة أرض النجوم,Land of Stars Nursery,عمان,عمان,ضاحية الرشيد,مقابل مدرسة تقارب,KG-HASH-2AB7CA43-12,,,,,,
حضانة صقور العزة,Falcons of Pride Nursery,عمان,عمان,أبو نصير,شارع السعادة,KG-HASH-0CF80CD3-11,,,,,,
حضانة أطفال التوت البري,Wild Berry Kids Nursery,عمان,عمان,اليوبيل,شارع عبدالله غوشة – بجانب مسجد أحد,KG-HASH-6F0E538C-11,,,,,,
حضانة أنس وأمير,Anas & Amir Nursery,عمان,عمان,الجبيهة,حي الريان – شارع المريري,KG-HASH-4EF9D4C1-11,,,,,,
حضانة ألوان الفرح للأطفال,Colors of Joy Nursery,عمان,عمان,شرق عمان,حي العبداللات – بجانب مدرسة الكندي,KG-HASH-74D75DC4-11,,,,,,
حضانة أحمد وضحى,Ahmed & Dahaa Nursery,إربد,إربد,الصريح,الصريح,KG-HASH-09CFD651-11,,,,,,
حضانة البداية السعيدة النموذجية,Happy Beginning Model Nursery,عمان,عمان,اليوبيل,شارع المدينة المنورة,KG-HASH-660684B1-11,,,,,,
حضانة أنا وأخي نمرح,Me & My Brother Play Nursery,مادبا,مادبا,اليرموك,شارع اليرموك,KG-HASH-9CFA6D03-11,,,,,,
حضانة جود وميرا,Jood & Mira Nursery,الزرقاء,الزرقاء,جبل المغير,قرب صيدلية شمع العسل,KG-HASH-39A390C9-11,,,,,,
حضانة ضوء القمر,Moonlight Nursery,عمان,عمان,الصويفية,قرب قرية الصويفية – شارع زكي الصويتي,KG-HASH-A1634816-11,,,,,,
حضانة بيت الحلوة للأطفال,Sweet Home Kids Nursery,عمان,عمان,الجاردنز,خلف مدارس الرأي – عمارة 20,KG-HASH-D1B5B898-11,,,,,,
حضانة الطفل العربي,Arab Child Nursery,إربد,إربد,الحي الشرقي,قرب أسواق المؤسسة العسكرية,KG-HASH-B8E907D2-11,,,,,,
حضانة حبايبنا,Our Darlings Nursery,إربد,إربد,النعيمة,النعيمة,KG-HASH-946430F8-11,,,,,,
حضانة الخطوات التعليمية,Educational Steps Nursery,عجلون,عجلون,عبين,خلف مطعم داريا – شارع إربد–عجلون,KG-HASH-A36C5601-11,,,,,,
حضانة فوفو ودودو,Fufu & Dodo Model Nursery,عمان,عمان,مرج الحمام,حي الأمير حمزة,KG-HASH-CC4AA39E-11,,,,,,
حضانة ورود المستقبل,Future Roses Nursery,عمان,عمان,الرونق,شارع الأصبه – بناية 6,KG-HASH-9EBF0C55-12,,,,,,
حضانة الانطباعات الأولى,First Impressions Nursery,إربد,إربد,الراهبات الوردية,غرب مسجد أبو دلو,KG-HASH-18EA009C-11,,,,,,
حضانة بابا سنفور,Papa Smurf Nursery,إربد,إربد,إربد,إربد,KG-HASH-C96222D2-11,,,,,,
حضانة جمعية الشابات المسيحية الخيرية-الفحيص,YWCA Al-Fuheis Nursery,البلقاء,السلط,الفحيص,خلف بيت الفحيص – شارع صبيان الحصان,KG-HASH-E90DA012-11,,,,,,
حضانة رياحين الجنة,Breezes of Paradise Nursery,عمان,عمان,شرق عمان,الهاشمي الشمالي – شارع الحارث العبدي,KG-HASH-5E4BFD57-11,,,,,,
حضانة خمسة وستون 65,65 Nursery,البلقاء,السلط,المدينة الرياضية,قرب مدارس السلط الأهلية,KG-HASH-B9CFA36F-11,,,,,,
حضانة جنة الورد,Rose Paradise Nursery,عجلون,عجلون,عين جنا,مبنى البلدية – وسط البلد,KG-HASH-9224266E-11,,,,,,
حضانة الكلمات الأولى,First Words Nursery,عمان,عمان,الصويفية,شارع سعيد المفتي – عمارة 16,KG-HASH-B7734AB4-12,,,,,,
حضانة زين ونانا,Zain & Nana Nursery,البلقاء,السلط,أم عليه,الشارع الرئيسي,KG-HASH-B22FB8B1-11,,,,,,
حضانة أفضل مكان لطفلك,Best Place for Your Child Nursery,إربد,إربد,إربد,,KG-HASH-52700EB7-11,,,,,,
حضانة زهور الليلك,Lilac Flowers Nursery,عمان,عمان,اليوبيل,مقابل مركز صحي أم السوس,KG-HASH-DC055CFC-11,,,,,,
المستوى الرفيع المتميز للتعليم,High Level Distinguished Education,عمان,عمان,الشميساني,شارع ابن الفارض 11,KG-HASH-CE292D29-11,,,,,,
حضانة المملكة الصغيرة,Small Kingdom Nursery,عمان,عمان,ضاحية الياسمين,شارع حفصة بنت عمرو 35,KG-HASH-4409DD81-11,,,,,,
حضانة أحلام المستقبل النموذجية,Dreams of the Future Model Nursery,مادبا,مادبا,الخطابية,الخطابية,KG-HASH-38D0B96A-11,,,,,,
حضانة عبق الربيع,Spring Fragrance Nursery,عمان,عمان,شرق عمان,طبربور – شارع قمر اليافي مقابل حلويات نفيسة,KG-HASH-6C1C8513-11,,,,,,
حضانة الانامل الذهبية,Golden Fingers Nursery,عمان,عمان,شرق عمان,ماركا الشمالية – شارع فاطمة الزهراء – مسجد فاطمة الزهراء,KG-HASH-4235AA00-17,,,,,,
حضانة حكايتي الصغيرة,My Little Story Nursery,عمان,عمان,الجبيهة,مقابل الجمعية العلمية الملكية – ط الأرضي,KG-HASH-41922AC3-17,,,,,,
حضانة براعم السكر,Sugar Buds Nursery,العقبة,العقبة,السكنية الثالثة,شارع العباسيين – بجانب مسجد سعد بن أبي وقاص,KG-HASH-4AA4B4D3-17,,,,,,
حضانة درجات صغيرة,Small Steps Nursery,عمان,عمان,اليوبيل,دوار البرديني – قرب مدارس الإشراق,KG-HASH-FF9AE220-17,,,,,,
حضانة أشكال النموذجية,Shapes Model Nursery,إربد,إربد,خلف مستشفى إربد التخصصي,0772155227,KG-IR-0019,,,,,,
حضانة لطفولة أرقى,Finer Childhood Nursery,الزرقاء,الزرقاء,مدينة الشرق,قرب دوار الطيارة,KG-HASH-0BA37A4E-17,,,,,,
حضانة سلمى وزين,Salma & Zain Nursery,البلقاء,السلط,البقيع,البقيع,KG-HASH-2761F2DE-17,,,,,,
حضانة هلا وغلا,Hala & Ghala Nursery,عمان,عمان,شرق عمان,طبربور – قرب إسكان الجيش – حديقة العهد والوفا – يوسف بني ياسين 9,KG-HASH-4CB76A0C-17,,,,,,
حضانة من الألف إلى الياء,From A to Z Nursery,عمان,عمان,جنوب عمان,مرج الحمام – إسكان عالية – فيلا 30,KG-AM-0883,,,,,,
حضانة الطفل السعيد,Happy Child Nursery,عمان,عمان,شرق عمان,ماركا الشمالية – حمزة – قرب مدرسة الشريف حسين,KG-HASH-0635148B-19,,,,,,
حضانة بدايات عظيمة,Great Beginnings Nursery,عمان,عمان,جبل الحسين,شارع إسماعيل بابوق 5,KG-HASH-6AD2B97C-19,,,,,,
حضانة ديمة النموذجية,Dima Model Nursery,البلقاء,السلط,شفا العامرية,شفا العامرية,KG-HASH-756B81D8-17,,,,,,
حضانة ضحكات الطفولة,Childhood Laughter Nursery,عمان,عمان,الشميساني,بناية 39 – شارع معروف الرصافي,KG-HASH-16722FFC-17,,,,,,
حضانة الأطفال السعداء,Happy Children Nursery,عمان,عمان,اليوبيل,مرج الحمام – شارع نالتشك – قرب مطعم دنيا المشاوي,KG-HASH-BE5F5773-17,,,,,,
حضانة جوان النموذجية,Jawan Model Nursery,الزرقاء,الزرقاء,الهاشمية,الحي الشرقي,KG-HASH-EBD119C2-17,,,,,,
حضانة نور الجبيهة,Nour Al-Jubeiha Nursery,عمان,عمان,الجبيهة,شارع مفلح اللوزي – بناية 32 – مقابل مفروشات شهوان,KG-HASH-68257B5B-17,,,,,,
حضانة وروضة رونق المودة,Ronaq Al-Mawaddah Nursery & KG,عمان,عمان,البيادر,شارع خضر قردن – مقابل النادي الأهلي,KG-HASH-0A2E8BF3-18,,,,,,
حضانة بريق النمارق,Briq Al-Namarq Nursery,البلقاء,السلط,البقعان,بجانب مدرسة فاطمة الزهراء,KG-HASH-C98B3A42-17,,,,,,
حضانة الأرض السعيدة,Happy Land Nursery,عمان,عمان,جنوب عمان,المقابلين – حي الصحابة – شارع عبد الكريم الخطاب,KG-HASH-A21959BA-17,,,,,,
حضانة الحمامي,Al-Hammami Nursery,عمان,عمان,الجبيهة,شارع الريان – أم زويتينة,KG-HASH-6C739D9A-17,,,,,,
أكاديمية مدرسة وروضة جنى دان,Jana Dan Academy & KG,الزرقاء,الزرقاء,بيرين,خلف النبعة,KG-HASH-63D4D1AC-17,,,,,,
حضانة شذى الورد,Shatha Al-Ward Nursery,عمان,عمان,شرق عمان,طبربور – شارع عجاج الهبارنة – قرب مسجد عباد الرحمن,KG-HASH-E4A8221D-17,,,,,,
حضانة بذور الغد,Seeds of Tomorrow Nursery,عمان,عمان,شرق عمان,إسكان الجيش – شارع عبدالقادر الزغول – باتجاه أبو عليا,KG-HASH-B85BE7B2-17,,,,,,
حضانة ناريمان النموذجية,Nariman Model Nursery,الرمثا,الرمثا,الرمثا,مقابل مدرسة جمانة,KG-HASH-A5004523-17,,,,,,
حضانة كوكب المرح الطفولي,Fun Planet Childhood Nursery,العقبة,العقبة,الثامنة,قرب مسجد الكالوتي,KG-HASH-1E3C633A-17,,,,,,
حضانة ورود الربيع,Spring Roses Nursery,البلقاء,السلط,ماحص,شارع المدارس,KG-HASH-3D270AC1-17,,,,,,
حضانة حسام وسبأ الحديثة,Husam & Saba Modern Nursery,إربد,إربد,الحصن,الحي الشرقي – شارع الكلية,KG-HASH-5DF86710-17,,,,,,
حضانة تكوين,Takween Nursery,عمان,عمان,شمال عمان,طلوع الجاذبية – قرب سوبرماركت ياهلا,KG-HASH-9112EFC2-17,,,,,,
حضانة الفطاحلة النموذجية,Al-Fatahilah Model Nursery,إربد,إربد,الحي الجنوبي,جنوب غرب دوار صحارى – 300 متر,KG-HASH-6FF73128-17,,,,,,
حضانة بيت السكاكر,Candy House Nursery,إربد,إربد,الراهبات الوردية,خلف مستشفى الراهبات الوردية – بجانب السور,KG-HASH-B3342EDC-17,,,,,,
حضانة القلب السعيد,Happy Heart Nursery,عمان,عمان,شرق عمان,ضاحية الأمير حسن – قرب مطعم الهنيني,KG-HASH-D57300DD-17,,,,,,
حضانة كوخ الدب,Bear Cabin Nursery,الزرقاء,الزرقاء,الجبل الشمالي,شارع الملك عبد الله الثاني,KG-HASH-7F0FA9DD-17,,,,,,
حضانة طيور المحبة,Birds of Love Nursery,عمان,عمان,جبل عمان,دوار ثاني – شارع المعتصم 55 – بجانب عمارة قناة الجزيرة,KG-HASH-39B76A94-27,,,,,,
حضانة الطفل الأمثل,Best Child Nursery,الزرقاء,الزرقاء,البتراوي,حي البتراوي,KG-HASH-9D52338B-27,,,,,,
حضانة اليوم السعيد,Al-Yawm Al-Saeed Nursery,عمان,عمان,بسمان/جبل النزهة,شارع الكويتية – بناية 15,KG-HASH-2B4CE2CE-12,,,,,,
حضانة فرح النموذجية,Farah Model Nursery,عمان,عمان,جبل الحسين,دوار الداخلية – نزول سرفيس العبدلي,KG-HASH-AA9129EC-12,,,,,,
روضة وحضانة نداء الطفولة,Nadaa Al-Tufulah Nursery & KG,عمان,عمان,شمال عمان,شارع البلدية بعد البنك الإسلامي مقابل ملحمة الخليل,KG-AM-0884,,,,,,
حضانة سيسو النموذجية,Siso Model Nursery,عمان,عمان,خلدا,قرب دوار السكر – مقابل سامح مول,KG-HASH-467ED77E-12,,,,,,
روضة ومدارس أكاديمية ريتال الدولية,Rital International Academy,عمان,عمان,ياجوز,تقاطع جسر ياجوز – شارع الأردن,KG-HASH-9932B088-12,,,,,,
حضانة قوس قزح النموذجية,Rainbow Model Nursery,عمان,عمان,الشميساني,الشميساني,KG-HASH-30C80BA5-12,,,,,,
شركة إبداع الطفولة,Ebdaa Al-Tufulah,عمان,عمان,شمال عمان,شارع شريفة زين – خلف روان كيك,KG-HASH-407914AF-12,,,,,,
حضانة الصياد الصغير,Little Hunter Nursery,عمان,عمان,جنوب عمان,مرج الحمام – شارع محمد بن طلال,KG-HASH-0D22143D-12,,,,,,
الشجرة المباركة للتعليم والاستثمار,Blessed Tree Education,عمان,عمان,شمال عمان,إشارة جبري – خلف بهجت سنتر,KG-HASH-3A27D298-11,,,,,,
حضانة نطاق الألوان المرحة,Color Range Fun Nursery,عمان,عمان,شرق عمان,شفا بدران – بجانب أكاديمية ريماس,KG-HASH-2605B857-12,,,,,,
حضانة زهور صغيرة,Little Flowers Nursery,عمان,عمان,الشميساني,شارع الفيحاء,KG-HASH-4E0BEFAA-12,,,,,,
حضانة المشاكس الصغير,Little Mischief Nursery,عمان,عمان,أم أذينة,شارع الكوفة – بناية 71,KG-HASH-0E557CFF-19,,,,,,
حضانة عبق عجلون النموذجية,Abq Ajloun Model Nursery,عجلون,عجلون,عبين,شارع إربد – مقابل صالة النورس,KG-HASH-5601454A-12,,,,,,
مؤسسة المنهل التربوية,Al-Manhal Educational Institution,عمان,عمان,الجامعة الأردنية,إسكان الجامعة الأردنية,KG-HASH-91358FF4-12,,,,,,
حضانة النحلة الصغيرة,Little Bee Nursery,عمان,عمان,الجاردنز,دخلة مطعم السروات,KG-AM-0885,,,,,,
حضانة مملكة السكر,Sugar Kingdom Nursery,عمان,عمان,شرق عمان,طبربور – شارع أسعد بن زرارة,KG-HASH-49966BEA-12,,,,,,
حضانة طوق الياسمين,Tawq Al-Yasmin Nursery,عمان,عمان,شرق عمان,طبربور – مظهر علاونة – بجانب موسيقات القوات,KG-HASH-984DF634-19,,,,,,
حضانة قمم الأشجار,Tree Tops Nursery,عمان,عمان,الشميساني,عبد الحميد كرامي – بناية 8,KG-HASH-D2C447CD-13,,,,,,
حضانة الخيوط اللامعة,Shining Threads Nursery,عمان,عمان,أبو السوس,إسكان الأمانة – حي الصنوبر,KG-HASH-FCF5F87B-12,,,,,,
حضانة الما وأيلا,Alma & Ayla Nursery,عمان,عمان,شمال عمان,ضاحية الرشيد – قبل سكن أميمة,KG-HASH-46291761-12,,,,,,
حضانة ماما رولا,Mama Rola Nursery,عمان,عمان,شرق عمان,شفا بدران – حي ذهيبة – خلف الكلحة – بناية 3,KG-HASH-51336EBC-12,,,,,,
حضانة حبات التوت,Raspberry Seeds Nursery,عمان,عمان,مرج الحمام,شارع مويى النهار,KG-AM-0886,,,,,,
حضانة أطفال تمارا,Tamara Kids Nursery,عمان,عمان,شمال عمان,خلف مطعم طواحين,KG-HASH-D54CBE34-12,,,,,,
حضانة أزهار بيسان,Bisan Flowers Nursery,عمان,عمان,شرق عمان,الهاشمي الشمالي – حي نايفة – مقابل وزارة الصحة,KG-HASH-F0D51A7A-12,,,,,,
حضانة دانة الدولية,Dana International Nursery,عمان,عمان,شمال عمان,تلاع العلي – خلف الهوليدي إن,KG-HASH-21F6AEA4-12,,,,,,
حضانة سالي وسلمى,Sally & Salma Nursery,عمان,عمان,شمال عمان,الجبيهة – مقابل الأحدث سابقاً,KG-HASH-50F99C52-12,,,,,,
حضانة وسيم النموذجية,Waseem Model Nursery,عمان,عمان,جنوب عمان,الأشرفية – حي أم تينة,KG-HASH-A737AF34-12,,,,,,
حضانة النحلة جولي,Jolly Bee Nursery,عمان,عمان,شرق عمان,طبربور – بجانب جامعة العلوم الإسلامية,KG-HASH-F9383D91-12,,,,,,
حضانة الأكواخ الملونة,Colored Cabins Nursery,عمان,عمان,الشميساني,شارع الجاحظ – مقابل مجمع السعيد,KG-HASH-89BDD1D1-19,,,,,,
حضانة النجوم المتلألئة,Twinkling Stars Nursery,عمان,عمان,اليوبيل,مرج الحمام – شارع نايف بن عاصم,KG-HASH-68E974B2-12,,,,,,
حضانة جنتي للأطفال,My Paradise Nursery,عمان,عمان,شمال عمان,خلدا – شارع المعارف – قرب مدرسة المعارف,KG-HASH-43031B1B-12,,,,,,
حضانة ميرا والمى,Mira & Al-Mi Nursery,عمان,عمان,جنوب عمان,شارع فايزة المعارجة,KG-HASH-7A601E38-12,,,,,,
حضانة عصافير الكرك,Karak Sparrows Nursery,الكرك,الكرك,الكرك,الثنية – الشارع الرئيسي,KG-HASH-B864861A-13,,,,,,
حضانة القطط الصغيرة,Little Kittens Nursery,عمان,عمان,شمال عمان,تلاع العلي – بجانب البشيتي – بناية 3,KG-HASH-F761251C-12,,,,,,
حضانة الطفل الحسن,Good Child Nursery,عمان,عمان,اليوبيل,بيادر وادي السير – الجندويل,KG-HASH-9B7848CF-12,,,,,,
روضة وحضانة أنا الصغير,Ana Al-Saghir Nursery & KG,عمان,عمان,شمال عمان,خرجا – دخلة مدارس الدر المنثور,KG-HASH-1070AA6D-12,,,,,,
حضانة القلب الكبير,Big Heart Nursery,إربد,إربد,إربد,قرب مضافة أبو سالم,KG-HASH-B233B2FD-12,,,,,,
حضانة قرية التوت العالمية,Global Berry Village Nursery,عمان,عمان,عمان المركز,دوار الكيلو – خلف البرجر كنج – عمارة 46,KG-HASH-6E5273CC-12,,,,,,
حضانة الجيل القادم,Next Generation Nursery,عمان,عمان,شمال عمان,المدينة الرياضية – شمس الدين الذهبي,KG-HASH-26164CE9-12,,,,,,
حضانة التباشير البيضاء,White Chalk Nursery,عمان,عمان,بين الدوار 6 وال7,شارع التباشير,KG-HASH-846C96F7-9,,,,,,
حضانة مونلايت,Moonlight Nursery,عمان,عمان,الشميساني,الشميساني,KG-AM-0887,,,,,,
حضانة فيرست ووردز,First Words Preschool,عمان,عمان,الصويفية,شارع سعيد المفتي – عمارة 16,KG-HASH-DDDF528F-10,,,,,,
روضة ومدرسة ليلى للتعليم الحديث,Leila Modern Education KG & School,عمان,عمان,طبربور,شارع محمد العويدات – مجمع 2,KG-AM-0888,,,,,,
حضانة ليتل ليرنرز,Little Learners Nursery,عمان,عمان,الرابية,شارع أنور الخطيب,KG-AM-0889,,,,,,
حضانة العلمي الممتع,Fun Science Nursery,عمان,عمان,اليوبيل,شارع عبد الله غوشة,KG-AM-0890,,,,,,
حضانة ميني مي,Mini Me Nursery,عمان,عمان,خلدا,شارع الأمير زيد,KG-AM-0891,,,,,,
حضانة الانطلاقة,Al Intilaqa Nursery,عمان,عمان,الصويفية,شارع بخيت العيسى,KG-HASH-526522B6-9,,,,,,
حضانة كوكون,Cocoon Nursery,عمان,عمان,الرابية,شارع محمد الخماش,KG-AM-0892,,,,,,
حضانة زهور المستقبل,Future Flowers Nursery,عمان,عمان,الرونق,شارع الأسبح – فيلا 6,KG-HASH-F845F6B6-10,,,,,,
حضانة نهج المعرفة,Nahj Al-Ma’rifa KG,عمان,عمان,الدوار الثامن,الدوار الثامن,KG-AM-0893,,,,,,
روضة بوك أند براش,Book n Brush KG,عمان,عمان,الصويفية,شارع زهدي عصفور,KG-AM-0894,,,,,,
حضانة البدايات المشرقة,Bright Beginnings Nursery,عمان,عمان,أم أذينة,شارع الدمام 48,KG-HASH-D7CFF932-9,,,,,,
حضانة وروضة وورلد كرياتيف,Creative World Nursery & KG,عمان,عمان,الرابية,شارع إبراهيم القطان 22,KG-AM-0895,,,,,,
حضانة الأطفال السعداء (2),Happy Kids Nursery (2),عمان,عمان,السهل,السهل,KG-AM-0896,,,,,,
حضانة السندريلا,Cinderella Nursery,عمان,عمان,جبل الحسين,شارع الملك عبد الله الثاني 2,KG-HASH-0A54A420-9,,,,,,
روضة ينابيع العلم,Yanabe’ Al-Ilm KG,عمان,عمان,البيادر,مقسم العطار – شارع البيادر,KG-AM-0897,,,,,,
حضانة السوبر ناني,Super Nanny Nursery,عمان,عمان,المرج,المرج,KG-HASH-63B6BE81-9,,,,,,
حضانة ميلكي تيث,Milky Teeth KG Nursery,عمان,عمان,خلدا,خلدا,KG-AM-0898,,,,,,
حضانة ستارفيش,Starfish Nursery,عمان,عمان,الرابية,شارع أنوارين مسمار 4,KG-AM-0899,,,,,,
حضانة ليتل هاندز,Little Hands Nursery,عمان,عمان,خلدا,خلدا,KG-AM-0900,,,,,,
حضانة وروضة ستيبينج ستون,Stepping Stone Preschool & Nursery,عمان,عمان,أم السماق,شارع أرتيريا 50,KG-AM-0901,,,,,,
حضانة آدم كيدز,Adam Kids Nursery,عمان,عمان,عبدون,عبدون,KG-AM-0902,,,,,,
حضانة رونق المودة,Ronaq Al-Mawaddah Nursery,عمان,عمان,البيادر,شارع خضر قردن – مقابل النادي الأهلي,KG-HASH-AFC636DF-10,,,,,,
حضانة أمبريلا,Umbrella Nursery,عمان,عمان,اليوبيل,اليوبيل,KG-AM-0903,,,,,,
حضانة وروضة المتفوقين أكاديمي,Al Mutafawqeen Academy KG & School,عمان,عمان,خلدا,شارع أيوب السختياني 14,KG-AM-0904,,,,,,
حضانة منزلي الكبير,My Big House Nursery,عمان,عمان,الشميساني,شارع الشريف ناصر بن جميل 78,KG-AM-0905,,,,,,
روضة أكاديمية الأطفال الرائعين,Wonderful Kids Academy KG,عمان,عمان,اليوبيل,شارع محمد العجلوني,KG-AM-0906,,,,,,
حضانة وروضة كراميل,Caramel Nursery & KG,عمان,عمان,خلدا,شارع الأميرة زينب 63,KG-AM-0907,,,,,,
حضانة بز بي,BuzzBee Nursery,عمان,عمان,خلدا,خلدا,KG-AM-0908,,,,,,
روضة وابه,Wabe KG,عمان,عمان,طبربور,شارع صدقي أبو شقرة,KG-AM-0909,,,,,,
حضانة سيفتي هاوس,Safety House Nursery,عمان,عمان,خلدا,شارع المعارف – خلدا,KG-AM-0910,,,,,,
حضانة ليتل بي,Little Bee Nursery,عمان,عمان,اليوبيل,اليوبيل,KG-AM-0911,,,,,,
روضة و حضانة هيل هاوس,Hill House KG & Nursery,عمان,عمان,الشميساني,شارع محمد علي بدير 37,KG-AM-0912,,,,,,
حضانة سويت آند نوتي,Sweet and Naughty Nursery,عمان,عمان,الشميساني,الشميساني,KG-AM-0913,,,,,,
حضانة كيدز فالي,Kids Valley Nursery,عمان,عمان,الشميساني,شارع يوسف بن تاشفين 5,KG-AM-0914,,,,,,
حضانة ليتل جاردن,Little Garden Pre & Nursery,عمان,عمان,خلدا,خلدا,KG-AM-0915,,,,,,
حضانة راقي الدولية,Raqi International Preschool,عمان,عمان,الرابية,شارع رفاعة بن أوس 46,KG-AM-0916,,,,,,
حضانة السلام,Al-Salam Nursery,عمان,عمان,الكرسي,الكرسي,KG-AM-0917,,,,,,
حضانة ستدي بلاي,Study Play KG,عمان,عمان,خلدا,شارع الشيخ حسين الجسر 44,KG-AM-0918,,,,,,
حضانة فيرست ستيب,First Step Nursery,عمان,عمان,اليوبيل,اليوبيل,KG-AM-0919,,,,,,
حضانة كينزي,Kenzi KG,عمان,عمان,طبربور,شارع فاضل أحمد خليفة 20,KG-AM-0920,,,,,,
حضانة ليتل بروفيسورز أكاديمي,Little Professors Academy,عمان,عمان,خلدا,شارع أبهى 11,KG-AM-0921,,,,,,
حضانة زين,Zain Nursery,عمان,عمان,اليوبيل,شارع الإخلاص 31,KG-AM-0922,,,,,,
حضانة وروضة ليونز كينجدوم,Lions Kingdom Nursery & Pre-school,عمان,عمان,دابوق,شارع يثرب 9,KG-AM-0923,,,,,,
روضة و حضانة المجد الوطنية,Al Majd National Academy KG,عمان,عمان,خلدا,شارع الفقهاء – مجمع 4,KG-AM-0924,,,,,,
حضانة وايت لاينز,White Lines Nursery,عمان,عمان,خلدا,شارع أم الدنانير – خلدا,KG-AM-0925,,,,,,
حضانة لارا,Lara Nursery,عمان,عمان,تلاع العلي,خلف سوبر ماركت الأهالي,KG-HASH-4E021CE0-9,,,,,,
حضانة عطر الجوري,Atr Al-Jouri Nursery,عمان,عمان,الياسمين,شارع محمد سالم الثوايب,KG-AM-0926,,,,,,
حضانة وروضة هابي فايسيز,Happy Faces Nursery & Preschool,عمان,عمان,اليوبيل,شارع ثويبة بن حرملة,KG-AM-0927,,,,,,
حضانة آرت كير,Art Care Nursery,عمان,عمان,خلدا,شارع عروة بن أذينة,KG-AM-0928,,,,,,
حضانة وروضة ستيب باي ستيب,Step By Step Preschool,عمان,عمان,الرابية,شارع وديع قسطندي 3,KG-AM-0929,,,,,,
حضانة وروضة ليتل لاند,Little Land Nursery & Preschool,عمان,عمان,الشميساني,شارع الأشعري 15,KG-AM-0930,,,,,,
حضانة دانا,Dana Nursery,عمان,عمان,خلدا,كنيسة كرم إمسيح – خلدا,KG-AM-0931,,,,,,
حضانة بانان دي كير,Banan Daycare,عمان,عمان,اليوبيل,شارع موسى الساكت 76,KG-AM-0932,,,,,,
حضانة كولورز تري,Colors Tree Nursery,عمان,عمان,خلدا,شارع عيسى أبو قدوم 6,KG-AM-0933,,,,,,
حضانة كرادل تو كرايون,Cradle to Crayon Nursery,عمان,عمان,اليوبيل,شارع أحمد عرابي,KG-AM-0934,,,,,,
روضة أيوب,Ayoub KG,عمان,عمان,الشميساني,شارع أحمد أوكلة النصور,KG-AM-0935,,,,,,
روضة و حضانة نحن الأطفال,Nahnu Al-Atfal Nursery & KG,عمان,عمان,جبل الحسين,شارع عز الدين القسام,KG-AM-0936,,,,,,
حضانة وروضة صنلايت,Sunlight Nursery & Pre-School,عمان,عمان,الرابية,شارع نهاوند – الرابية,KG-AM-0937,,,,,,
روضة و حضانة عالم الصغار,Aalam Al-Sighar Nursery & KG,عمان,عمان,الشميساني,شارع أسيد بن ثعلبة,KG-AM-0938,,,,,,
حضانة كُن طفلًا,Kun Tiflan Nursery,عمان,عمان,اليوبيل,شارع تعز,KG-AM-0939,,,,,,
حضانة تري توبس,Tree Tops Nursery,عمان,عمان,الشميساني,شارع عبد الحميد كرامي,KG-HASH-AE47A5BB-13,,,,,,
روضة هابي هارت,Happy Heart Kindergarten,عمان,عمان,اليوبيل,مجمع النور – شارع محمد بن غطوس,KG-AM-0940,,,,,,
حضانة بامبل بي,Bumble Bee Preschool,عمان,عمان,الرابية,شارع تبريز,KG-AM-0941,,,,,,
حضانة الما وايلا,Alma and Ayla Nursery,عمان,عمان,ضاحية الرشيد,قبل سكن أميمة,KG-HASH-5755C175-12,,,,,,
حضانة ليديبرد,Ladybird Nursery,عمان,عمان,الشميساني,شارع يوسف بن تاشفين,KG-AM-0942,,,,,,
حضانة داندون,Dandoon Nursery,عمان,عمان,خلدا,شارع عبد الله الأعزب,KG-AM-0943,,,,,,
حضانة إيرلي بيرد (تلاع العلي),Early Bird Nursery (Tala Al-Ali),عمان,عمان,تلاع العلي,مجمع 44 – شارع عبد الحليم عباس,KG-AM-0944,,,,,,
روضة الطفل السعيد,Al-Tifl Al-Saeed KG,عمان,عمان,شرق عمان,ماركا الشمالية – حمزة,KG-HASH-BCCAE8EB-12,,,,,,
حضانة هيا سبراوتس,Haya Sprouts Preschool,عمان,عمان,خلدا,شاكر بن زيد,KG-AM-0945,,,,,,
حضانة بيتي الصغير,My Little Home Nursery,عمان,عمان,شمال عمان,يوسف بن تاشفين 20 – الشميساني,KG-HASH-A45EF066-12,,,,,,
روضة كيدز واي,Kids Way Kindergarten,عمان,عمان,خلدا,شارع الأوزاعي – مجمع 11,KG-AM-0946,,,,,,
حضانة جريت بيجينينجز,Great Beginnings Child Care,عمان,عمان,جبل الحسين,شارع إسماعيل بابوق,KG-HASH-3561F16A-12,,,,,,
حضانة ليتل ستيبس,Little Steps Nursery,عمان,عمان,خلدا,شارع الشيخ حسين الجسر,KG-AM-0947,,,,,,
حضانة رايت ستارت,Right Start Nursery,عمان,عمان,اليوبيل,اليوبيل,KG-AM-0948,,,,,,
روضة الأصدقاء المبدعين,Creative Friends KG,عمان,عمان,خلدا,شارع عبد الله بن مسعود 20,KG-AM-0949,,,,,,
حضانة ليتل فلاورز,Little Flowers Day Nursery,عمان,عمان,خلدا,خلدا,KG-AM-0950,,,,,,
حضانة كيدز ستيبس,Kids Steps Nursery,عمان,عمان,الرابية,شارع تلمسان – مجمع 5,KG-AM-0951,,,,,,
حضانة شيري تري,Cherry Tree Nursery,عمان,عمان,جبل الحسين,شارع محمد جمجوم – مجمع 2,KG-AM-0952,,,,,,
حضانة ثراء كيدز,Thraa Kids Nursery,عمان,عمان,شرق عمان,شرق عمان,KG-AM-0953,,,,,,
حضانة الفقاعة المضحكة,Funny Bubble Nursery,عمان,عمان,أم السماق,شارع عطيوي المجالي – بناية 26,KG-HASH-68475EC4-25,,,,,,
حضانة طيور المحبة,Birds of Love Nursery,عمان,عمان,جبل عمان,دوار ثاني – شارع المعتصم 55 – بجانب عمارة قناة الجزيرة,KG-HASH-39B76A94-28,,,,,,
حضانة ريتان,Ritan Nursery,إربد,إربد,الحي الشرقي,خلف حلويات الكت والكات,KG-HASH-63C89E6F-25,,,,,,
حضانة الطفل الأمثل,Best Child Nursery,الزرقاء,الزرقاء,البتراوي,حي البتراوي,KG-HASH-9D52338B-28,,,,,,
حضانة أطفال الرونق,Ronaq Kids Nursery,عمان,عمان,الرونق,شارع محمد علي حسين الكردي – عمارة 30,KG-HASH-F80BBEEE-12,,,,,,
حضانة البالون,Balloon Nursery,عمان,عمان,الدوار السابع,بجانب فندق جنيفا,KG-HASH-B3A79E1B-12,,,,,,
حضانة براعم الرمثا التعليمية والنموذجية,Baraem Al-Ramtha Educational & Model,الرمثا,الرمثا,الرئيسي,الرئيسي,KG-HASH-E7F2DA07-12,,,,,,
حضانة النبات السليم,Healthy Plant Nursery,عمان,عمان,طبربور,حي الشهيد الجنوبي,KG-HASH-F9974F8A-12,,,,,,
حضانة أرض النجوم,Land of Stars Nursery,عمان,عمان,ضاحية الرشيد,مقابل مدرسة تقارب,KG-HASH-2AB7CA43-13,,,,,,
حضانة صقور العزة,Falcons of Pride Nursery,عمان,عمان,أبو نصير,شارع السعادة,KG-HASH-0CF80CD3-12,,,,,,
حضانة أطفال التوت البري,Wild Berry Kids Nursery,عمان,عمان,اليوبيل,شارع عبدالله غوشة – بجانب مسجد أحد,KG-HASH-6F0E538C-12,,,,,,
حضانة أنس وأمير,Anas & Amir Nursery,عمان,عمان,الجبيهة,حي الريان – شارع المريري,KG-HASH-4EF9D4C1-12,,,,,,
حضانة ألوان الفرح للأطفال,Colors of Joy Nursery,عمان,عمان,شرق عمان,حي العبداللات – بجانب مدرسة الكندي,KG-HASH-74D75DC4-12,,,,,,
حضانة أحمد وضحى,Ahmed & Dahaa Nursery,إربد,إربد,الصريح,الصريح,KG-HASH-09CFD651-12,,,,,,
حضانة البداية السعيدة النموذجية,Happy Beginning Model Nursery,عمان,عمان,اليوبيل,شارع المدينة المنورة,KG-HASH-660684B1-12,,,,,,
حضانة أنا وأخي نمرح,Me & My Brother Play Nursery,مادبا,مادبا,اليرموك,شارع اليرموك,KG-HASH-9CFA6D03-12,,,,,,
حضانة جود وميرا,Jood & Mira Nursery,الزرقاء,الزرقاء,جبل المغير,قرب صيدلية شمع العسل,KG-HASH-39A390C9-12,,,,,,
حضانة ضوء القمر,Moonlight Nursery,عمان,عمان,الصويفية,قرب قرية الصويفية – شارع زكي الصويتي,KG-HASH-A1634816-12,,,,,,
حضانة بيت الحلوة للأطفال,Sweet Home Kids Nursery,عمان,عمان,الجاردنز,خلف مدارس الرأي – عمارة 20,KG-HASH-D1B5B898-12,,,,,,
حضانة الطفل العربي,Arab Child Nursery,إربد,إربد,الحي الشرقي,قرب أسواق المؤسسة العسكرية,KG-HASH-B8E907D2-12,,,,,,
حضانة حبايبنا,Our Darlings Nursery,إربد,إربد,النعيمة,النعيمة,KG-HASH-946430F8-12,,,,,,
حضانة الخطوات التعليمية,Educational Steps Nursery,عجلون,عجلون,عبين,خلف مطعم داريا – شارع إربد–عجلون,KG-HASH-A36C5601-12,,,,,,
حضانة فوفو ودودو,Fufu & Dodo Model Nursery,عمان,عمان,مرج الحمام,حي الأمير حمزة,KG-HASH-CC4AA39E-12,,,,,,
حضانة ورود المستقبل,Future Roses Nursery,عمان,عمان,الرونق,شارع الأصبه – بناية 6,KG-HASH-9EBF0C55-13,,,,,,
حضانة الانطباعات الأولى,First Impressions Nursery,إربد,إربد,الراهبات الوردية,غرب مسجد أبو دلو,KG-HASH-18EA009C-12,,,,,,
حضانة بابا سنفور,Papa Smurf Nursery,إربد,إربد,إربد,إربد,KG-HASH-C96222D2-12,,,,,,
حضانة جمعية الشابات المسيحية الخيرية-الفحيص,YWCA Al-Fuheis Nursery,البلقاء,السلط,الفحيص,خلف بيت الفحيص – شارع صبيان الحصان,KG-HASH-E90DA012-12,,,,,,
حضانة رياحين الجنة,Breezes of Paradise Nursery,عمان,عمان,شرق عمان,الهاشمي الشمالي – شارع الحارث العبدي,KG-HASH-5E4BFD57-12,,,,,,
حضانة خمسة وستون 65,65 Nursery,البلقاء,السلط,المدينة الرياضية,قرب مدارس السلط الأهلية,KG-HASH-B9CFA36F-12,,,,,,
حضانة جنة الورد,Rose Paradise Nursery,عجلون,عجلون,عين جنا,مبنى البلدية – وسط البلد,KG-HASH-9224266E-12,,,,,,
حضانة الكلمات الأولى,First Words Nursery,عمان,عمان,الصويفية,شارع سعيد المفتي – عمارة 16,KG-HASH-B7734AB4-13,,,,,,
حضانة زين ونانا,Zain & Nana Nursery,البلقاء,السلط,أم عليه,الشارع الرئيسي,KG-HASH-B22FB8B1-12,,,,,,
حضانة أفضل مكان لطفلك,Best Place for Your Child Nursery,إربد,إربد,إربد,,KG-HASH-52700EB7-12,,,,,,
حضانة زهور الليلك,Lilac Flowers Nursery,عمان,عمان,اليوبيل,مقابل مركز صحي أم السوس,KG-HASH-DC055CFC-12,,,,,,
المستوى الرفيع المتميز للتعليم,High Level Distinguished Education,عمان,عمان,الشميساني,شارع ابن الفارض 11,KG-HASH-CE292D29-12,,,,,,
حضانة المملكة الصغيرة,Small Kingdom Nursery,عمان,عمان,ضاحية الياسمين,شارع حفصة بنت عمرو 35,KG-HASH-4409DD81-12,,,,,,
حضانة أحلام المستقبل النموذجية,Dreams of the Future Model Nursery,مادبا,مادبا,الخطابية,الخطابية,KG-HASH-38D0B96A-12,,,,,,
حضانة عبق الربيع,Spring Fragrance Nursery,عمان,عمان,شرق عمان,طبربور – شارع قمر اليافي مقابل حلويات نفيسة,KG-HASH-6C1C8513-12,,,,,,
حضانة الانامل الذهبية,Golden Fingers Nursery,عمان,عمان,شرق عمان,ماركا الشمالية – شارع فاطمة الزهراء – مسجد فاطمة الزهراء,KG-HASH-4235AA00-18,,,,,,
حضانة حكايتي الصغيرة,My Little Story Nursery,عمان,عمان,الجبيهة,مقابل الجمعية العلمية الملكية – ط الأرضي,KG-HASH-41922AC3-18,,,,,,
حضانة براعم السكر,Sugar Buds Nursery,العقبة,العقبة,السكنية الثالثة,شارع العباسيين – بجانب مسجد سعد بن أبي وقاص,KG-HASH-4AA4B4D3-18,,,,,,
حضانة درجات صغيرة,Small Steps Nursery,عمان,عمان,اليوبيل,دوار البرديني – قرب مدارس الإشراق,KG-HASH-FF9AE220-18,,,,,,
حضانة أشكال النموذجية,Shapes Model Nursery,إربد,إربد,خلف مستشفى إربد التخصصي,0772155227,KG-IR-0020,,,,,,
حضانة لطفولة أرقى,Finer Childhood Nursery,الزرقاء,الزرقاء,مدينة الشرق,قرب دوار الطيارة,KG-HASH-0BA37A4E-18,,,,,,
حضانة سلمى وزين,Salma & Zain Nursery,البلقاء,السلط,البقيع,البقيع,KG-HASH-2761F2DE-18,,,,,,
حضانة هلا وغلا,Hala & Ghala Nursery,عمان,عمان,شرق عمان,طبربور – قرب إسكان الجيش – حديقة العهد والوفا – يوسف بني ياسين 9,KG-HASH-4CB76A0C-18,,,,,,
حضانة من الألف إلى الياء,From A to Z Nursery,عمان,عمان,جنوب عمان,مرج الحمام – إسكان عالية – فيلا 30,KG-AM-0954,,,,,,
حضانة الطفل السعيد,Happy Child Nursery,عمان,عمان,شرق عمان,ماركا الشمالية – حمزة – قرب مدرسة الشريف حسين,KG-HASH-0635148B-20,,,,,,
حضانة بدايات عظيمة,Great Beginnings Nursery,عمان,عمان,جبل الحسين,شارع إسماعيل بابوق 5,KG-HASH-6AD2B97C-20,,,,,,
حضانة ديمة النموذجية,Dima Model Nursery,البلقاء,السلط,شفا العامرية,شفا العامرية,KG-HASH-756B81D8-18,,,,,,
حضانة ضحكات الطفولة,Childhood Laughter Nursery,عمان,عمان,الشميساني,بناية 39 – شارع معروف الرصافي,KG-HASH-16722FFC-18,,,,,,
حضانة الأطفال السعداء,Happy Children Nursery,عمان,عمان,اليوبيل,مرج الحمام – شارع نالتشك – قرب مطعم دنيا المشاوي,KG-HASH-BE5F5773-18,,,,,,
حضانة جوان النموذجية,Jawan Model Nursery,الزرقاء,الزرقاء,الهاشمية,الحي الشرقي,KG-HASH-EBD119C2-18,,,,,,
حضانة نور الجبيهة,Nour Al-Jubeiha Nursery,عمان,عمان,الجبيهة,شارع مفلح اللوزي – بناية 32 – مقابل مفروشات شهوان,KG-HASH-68257B5B-18,,,,,,
حضانة وروضة رونق المودة,Ronaq Al-Mawaddah Nursery & KG,عمان,عمان,البيادر,شارع خضر قردن – مقابل النادي الأهلي,KG-HASH-0A2E8BF3-19,,,,,,
حضانة بريق النمارق,Briq Al-Namarq Nursery,البلقاء,السلط,البقعان,بجانب مدرسة فاطمة الزهراء,KG-HASH-C98B3A42-18,,,,,,
حضانة الأرض السعيدة,Happy Land Nursery,عمان,عمان,جنوب عمان,المقابلين – حي الصحابة – شارع عبد الكريم الخطاب,KG-HASH-A21959BA-18,,,,,,
حضانة الحمامي,Al-Hammami Nursery,عمان,عمان,الجبيهة,شارع الريان – أم زويتينة,KG-HASH-6C739D9A-18,,,,,,
أكاديمية مدرسة وروضة جنى دان,Jana Dan Academy & KG,الزرقاء,الزرقاء,بيرين,خلف النبعة,KG-HASH-63D4D1AC-18,,,,,,
حضانة شذى الورد,Shatha Al-Ward Nursery,عمان,عمان,شرق عمان,طبربور – شارع عجاج الهبارنة – قرب مسجد عباد الرحمن,KG-HASH-E4A8221D-18,,,,,,
حضانة بذور الغد,Seeds of Tomorrow Nursery,عمان,عمان,شرق عمان,إسكان الجيش – شارع عبدالقادر الزغول – باتجاه أبو عليا,KG-HASH-B85BE7B2-18,,,,,,
حضانة ناريمان النموذجية,Nariman Model Nursery,الرمثا,الرمثا,الرمثا,مقابل مدرسة جمانة,KG-HASH-A5004523-18,,,,,,
حضانة كوكب المرح الطفولي,Fun Planet Childhood Nursery,العقبة,العقبة,الثامنة,قرب مسجد الكالوتي,KG-HASH-1E3C633A-18,,,,,,
حضانة ورود الربيع,Spring Roses Nursery,البلقاء,السلط,ماحص,شارع المدارس,KG-HASH-3D270AC1-18,,,,,,
حضانة حسام وسبأ الحديثة,Husam & Saba Modern Nursery,إربد,إربد,الحصن,الحي الشرقي – شارع الكلية,KG-HASH-5DF86710-18,,,,,,
حضانة تكوين,Takween Nursery,عمان,عمان,شمال عمان,طلوع الجاذبية – قرب سوبرماركت ياهلا,KG-HASH-9112EFC2-18,,,,,,
حضانة الفطاحلة النموذجية,Al-Fatahilah Model Nursery,إربد,إربد,الحي الجنوبي,جنوب غرب دوار صحارى – 300 متر,KG-HASH-6FF73128-18,,,,,,
حضانة بيت السكاكر,Candy House Nursery,إربد,إربد,الراهبات الوردية,خلف مستشفى الراهبات الوردية – بجانب السور,KG-HASH-B3342EDC-18,,,,,,
حضانة القلب السعيد,Happy Heart Nursery,عمان,عمان,شرق عمان,ضاحية الأمير حسن – قرب مطعم الهنيني,KG-HASH-D57300DD-18,,,,,,
حضانة كوخ الدب,Bear Cabin Nursery,الزرقاء,الزرقاء,الجبل الشمالي,شارع الملك عبد الله الثاني,KG-HASH-7F0FA9DD-18,,,,,,
حضانة هابي داي,Happy Day Nursery,عمان,عمان,اليوبيل,شارع النزهة 15,KG-AM-0955,,,,,,
حضانة لحن الحياة,Lahn Al-Hayat Nursery,عمان,عمان,جنوب عمان,إسحاق بن حنين – الياسمين – بناية 7,KG-HASH-BFA7C561-2,,,,2.html,فرع جنوب عمان,Matched existing record by normalized Arabic nursery name; not appended as duplicate.
حضانة طلال ونورة,Talal wa Noura Nursery,عمان,عمان,الرابية,شارع عرار 205,KG-AM-0956,,,,,,
حضانة كيه سيتي,K-City Nursery,عمان,عمان,تلاع العلي,شارع سامر رمّانة,KG-AM-0957,,,,,,
حضانة نجوم المرج النموذجية,Nujoom Al-Murj Model Nursery,عمان,عمان,المرج,المرج,KG-AM-0958,,,,,,
حضانة اليوم السعيد,Al-Yawm Al-Saeed Nursery,عمان,عمان,بسمان/جبل النزهة,شارع الكويتية – بناية 15,KG-HASH-2B4CE2CE-13,,,,,,
حضانة فرح النموذجية,Farah Model Nursery,عمان,عمان,جبل الحسين,دوار الداخلية – نزول سرفيس العبدلي,KG-HASH-AA9129EC-13,,,,,,
روضة وحضانة نداء الطفولة,Nadaa Al-Tufulah Nursery & KG,عمان,عمان,شمال عمان,شارع البلدية بعد البنك الإسلامي مقابل ملحمة الخليل,KG-AM-0959,,,,,,
حضانة سيسو النموذجية,Siso Model Nursery,عمان,عمان,خلدا,قرب دوار السكر – مقابل سامح مول,KG-HASH-467ED77E-13,,,,,,
روضة ومدارس أكاديمية ريتال الدولية,Rital International Academy,عمان,عمان,ياجوز,تقاطع جسر ياجوز – شارع الأردن,KG-HASH-9932B088-13,,,,,,
حضانة قوس قزح النموذجية,Rainbow Model Nursery,عمان,عمان,الشميساني,الشميساني,KG-HASH-30C80BA5-13,,,,,,
شركة إبداع الطفولة,Ebdaa Al-Tufulah,عمان,عمان,شمال عمان,شارع شريفة زين – خلف روان كيك,KG-HASH-407914AF-13,,,,,,
حضانة الصياد الصغير,Little Hunter Nursery,عمان,عمان,جنوب عمان,مرج الحمام – شارع محمد بن طلال,KG-HASH-0D22143D-13,,,,,,
الشجرة المباركة للتعليم والاستثمار,Blessed Tree Education,عمان,عمان,شمال عمان,إشارة جبري – خلف بهجت سنتر,KG-HASH-3A27D298-12,,,,,,
حضانة نطاق الألوان المرحة,Color Range Fun Nursery,عمان,عمان,شرق عمان,شفا بدران – بجانب أكاديمية ريماس,KG-HASH-2605B857-13,,,,,,
حضانة زهور صغيرة,Little Flowers Nursery,عمان,عمان,الشميساني,شارع الفيحاء,KG-HASH-4E0BEFAA-13,,,,,,
حضانة المشاكس الصغير,Little Mischief Nursery,عمان,عمان,أم أذينة,شارع الكوفة – بناية 71,KG-HASH-0E557CFF-20,,,,,,
حضانة عبق عجلون النموذجية,Abq Ajloun Model Nursery,عجلون,عجلون,عبين,شارع إربد – مقابل صالة النورس,KG-HASH-5601454A-13,,,,,,
مؤسسة المنهل التربوية,Al-Manhal Educational Institution,عمان,عمان,الجامعة الأردنية,إسكان الجامعة الأردنية,KG-HASH-91358FF4-13,,,,,,
حضانة النحلة الصغيرة,Little Bee Nursery,عمان,عمان,الجاردنز,دخلة مطعم السروات,KG-AM-0960,,,,,,
حضانة مملكة السكر,Sugar Kingdom Nursery,عمان,عمان,شرق عمان,طبربور – شارع أسعد بن زرارة,KG-HASH-49966BEA-13,,,,,,
حضانة طوق الياسمين,Tawq Al-Yasmin Nursery,عمان,عمان,شرق عمان,طبربور – مظهر علاونة – بجانب موسيقات القوات,KG-HASH-984DF634-20,,,,,,
حضانة قمم الأشجار,Tree Tops Nursery,عمان,عمان,الشميساني,عبد الحميد كرامي – بناية 8,KG-HASH-D2C447CD-14,,,,,,
حضانة الخيوط اللامعة,Shining Threads Nursery,عمان,عمان,أبو السوس,إسكان الأمانة – حي الصنوبر,KG-HASH-FCF5F87B-13,,,,,,
حضانة الما وأيلا,Alma & Ayla Nursery,عمان,عمان,شمال عمان,ضاحية الرشيد – قبل سكن أميمة,KG-HASH-46291761-13,,,,,,
حضانة ماما رولا,Mama Rola Nursery,عمان,عمان,شرق عمان,شفا بدران – حي ذهيبة – خلف الكلحة – بناية 3,KG-HASH-51336EBC-13,,,,,,
حضانة حبات التوت,Raspberry Seeds Nursery,عمان,عمان,مرج الحمام,شارع مويى النهار,KG-AM-0961,,,,,,
حضانة أطفال تمارا,Tamara Kids Nursery,عمان,عمان,شمال عمان,خلف مطعم طواحين,KG-HASH-D54CBE34-13,,,,,,
حضانة أزهار بيسان,Bisan Flowers Nursery,عمان,عمان,شرق عمان,الهاشمي الشمالي – حي نايفة – مقابل وزارة الصحة,KG-HASH-F0D51A7A-13,,,,,,
حضانة دانة الدولية,Dana International Nursery,عمان,عمان,شمال عمان,تلاع العلي – خلف الهوليدي إن,KG-HASH-21F6AEA4-13,,,,,,
حضانة سالي وسلمى,Sally & Salma Nursery,عمان,عمان,شمال عمان,الجبيهة – مقابل الأحدث سابقاً,KG-HASH-50F99C52-13,,,,,,
حضانة وسيم النموذجية,Waseem Model Nursery,عمان,عمان,جنوب عمان,الأشرفية – حي أم تينة,KG-HASH-A737AF34-13,,,,,,
حضانة النحلة جولي,Jolly Bee Nursery,عمان,عمان,شرق عمان,طبربور – بجانب جامعة العلوم الإسلامية,KG-HASH-F9383D91-13,,,,,,
حضانة الأكواخ الملونة,Colored Cabins Nursery,عمان,عمان,الشميساني,شارع الجاحظ – مقابل مجمع السعيد,KG-HASH-89BDD1D1-20,,,,,,
حضانة النجوم المتلألئة,Twinkling Stars Nursery,عمان,عمان,اليوبيل,مرج الحمام – شارع نايف بن عاصم,KG-HASH-68E974B2-13,,,,,,
حضانة جنتي للأطفال,My Paradise Nursery,عمان,عمان,شمال عمان,خلدا – شارع المعارف – قرب مدرسة المعارف,KG-HASH-43031B1B-13,,,,,,
حضانة ميرا والمى,Mira & Al-Mi Nursery,عمان,عمان,جنوب عمان,شارع فايزة المعارجة,KG-HASH-7A601E38-13,,,,,,
حضانة عصافير الكرك,Karak Sparrows Nursery,الكرك,الكرك,الكرك,الثنية – الشارع الرئيسي,KG-HASH-B864861A-14,,,,,,
حضانة القطط الصغيرة,Little Kittens Nursery,عمان,عمان,شمال عمان,تلاع العلي – بجانب البشيتي – بناية 3,KG-HASH-F761251C-13,,,,,,
حضانة الطفل الحسن,Good Child Nursery,عمان,عمان,اليوبيل,بيادر وادي السير – الجندويل,KG-HASH-9B7848CF-13,,,,,,
روضة وحضانة أنا الصغير,Ana Al-Saghir Nursery & KG,عمان,عمان,شمال عمان,خرجا – دخلة مدارس الدر المنثور,KG-HASH-1070AA6D-13,,,,,,
حضانة القلب الكبير,Big Heart Nursery,إربد,إربد,إربد,قرب مضافة أبو سالم,KG-HASH-B233B2FD-13,,,,,,
حضانة قرية التوت العالمية,Global Berry Village Nursery,عمان,عمان,عمان المركز,دوار الكيلو – خلف البرجر كنج – عمارة 46,KG-HASH-6E5273CC-13,,,,,,
حضانة الجيل القادم,Next Generation Nursery,عمان,عمان,شمال عمان,المدينة الرياضية – شمس الدين الذهبي,KG-HASH-26164CE9-13,,,,,,
حضانة التباشير البيضاء,White Chalk Nursery,عمان,عمان,بين الدوار 6 وال7,شارع التباشير,KG-HASH-846C96F7-10,,,,,,
حضانة مونلايت,Moonlight Nursery,عمان,عمان,الشميساني,الشميساني,KG-AM-0962,,,,,,
حضانة فيرست ووردز,First Words Preschool,عمان,عمان,الصويفية,شارع سعيد المفتي – عمارة 16,KG-HASH-DDDF528F-11,,,,,,
روضة ومدرسة ليلى للتعليم الحديث,Leila Modern Education KG & School,عمان,عمان,طبربور,شارع محمد العويدات – مجمع 2,KG-AM-0963,,,,,,
حضانة ليتل ليرنرز,Little Learners Nursery,عمان,عمان,الرابية,شارع أنور الخطيب,KG-AM-0964,,,,,,
حضانة العلمي الممتع,Fun Science Nursery,عمان,عمان,اليوبيل,شارع عبد الله غوشة,KG-AM-0965,,,,,,
حضانة ميني مي,Mini Me Nursery,عمان,عمان,خلدا,شارع الأمير زيد,KG-AM-0966,,,,,,
حضانة الانطلاقة,Al Intilaqa Nursery,عمان,عمان,الصويفية,شارع بخيت العيسى,KG-HASH-526522B6-10,,,,,,
حضانة كوكون,Cocoon Nursery,عمان,عمان,الرابية,شارع محمد الخماش,KG-AM-0967,,,,,,
حضانة زهور المستقبل,Future Flowers Nursery,عمان,عمان,الرونق,شارع الأسبح – فيلا 6,KG-HASH-F845F6B6-11,,,,,,
حضانة نهج المعرفة,Nahj Al-Ma’rifa KG,عمان,عمان,الدوار الثامن,الدوار الثامن,KG-AM-0968,,,,,,
روضة بوك أند براش,Book n Brush KG,عمان,عمان,الصويفية,شارع زهدي عصفور,KG-AM-0969,,,,,,
حضانة البدايات المشرقة,Bright Beginnings Nursery,عمان,عمان,أم أذينة,شارع الدمام 48,KG-HASH-D7CFF932-10,,,,,,
حضانة وروضة وورلد كرياتيف,Creative World Nursery & KG,عمان,عمان,الرابية,شارع إبراهيم القطان 22,KG-AM-0970,,,,,,
حضانة الأطفال السعداء (2),Happy Kids Nursery (2),عمان,عمان,السهل,السهل,KG-AM-0971,,,,,,
حضانة السندريلا,Cinderella Nursery,عمان,عمان,جبل الحسين,شارع الملك عبد الله الثاني 2,KG-HASH-0A54A420-10,,,,,,
روضة ينابيع العلم,Yanabe’ Al-Ilm KG,عمان,عمان,البيادر,مقسم العطار – شارع البيادر,KG-AM-0972,,,,,,
حضانة السوبر ناني,Super Nanny Nursery,عمان,عمان,المرج,المرج,KG-HASH-63B6BE81-10,,,,,,
حضانة ميلكي تيث,Milky Teeth KG Nursery,عمان,عمان,خلدا,خلدا,KG-AM-0973,,,,,,
حضانة ستارفيش,Starfish Nursery,عمان,عمان,الرابية,شارع أنوارين مسمار 4,KG-AM-0974,,,,,,
حضانة ليتل هاندز,Little Hands Nursery,عمان,عمان,خلدا,خلدا,KG-AM-0975,,,,,,
حضانة وروضة ستيبينج ستون,Stepping Stone Preschool & Nursery,عمان,عمان,أم السماق,شارع أرتيريا 50,KG-AM-0976,,,,,,
حضانة آدم كيدز,Adam Kids Nursery,عمان,عمان,عبدون,عبدون,KG-AM-0977,,,,,,
حضانة رونق المودة,Ronaq Al-Mawaddah Nursery,عمان,عمان,البيادر,شارع خضر قردن – مقابل النادي الأهلي,KG-HASH-AFC636DF-11,,,,,,
حضانة أمبريلا,Umbrella Nursery,عمان,عمان,اليوبيل,اليوبيل,KG-AM-0978,,,,,,
حضانة وروضة المتفوقين أكاديمي,Al Mutafawqeen Academy KG & School,عمان,عمان,خلدا,شارع أيوب السختياني 14,KG-AM-0979,,,,,,
حضانة منزلي الكبير,My Big House Nursery,عمان,عمان,الشميساني,شارع الشريف ناصر بن جميل 78,KG-AM-0980,,,,,,
روضة أكاديمية الأطفال الرائعين,Wonderful Kids Academy KG,عمان,عمان,اليوبيل,شارع محمد العجلوني,KG-AM-0981,,,,,,
حضانة وروضة كراميل,Caramel Nursery & KG,عمان,عمان,خلدا,شارع الأميرة زينب 63,KG-AM-0982,,,,,,
حضانة بز بي,BuzzBee Nursery,عمان,عمان,خلدا,خلدا,KG-AM-0983,,,,,,
روضة وابه,Wabe KG,عمان,عمان,طبربور,شارع صدقي أبو شقرة,KG-AM-0984,,,,,,
حضانة سيفتي هاوس,Safety House Nursery,عمان,عمان,خلدا,شارع المعارف – خلدا,KG-AM-0985,,,,,,
حضانة ليتل بي,Little Bee Nursery,عمان,عمان,اليوبيل,اليوبيل,KG-AM-0986,,,,,,
روضة و حضانة هيل هاوس,Hill House KG & Nursery,عمان,عمان,الشميساني,شارع محمد علي بدير 37,KG-AM-0987,,,,,,
حضانة الأكواخ الملونة,Al-Akwakh Al-Mulawwanah Nursery,عمان,عمان,الشميساني,شارع الجاحظ – مقابل مجمع السعيد التجاري,KG-HASH-89BDD1D1-21,,,,,,
حضانة سويت آند نوتي,Sweet and Naughty Nursery,عمان,عمان,الشميساني,الشميساني,KG-AM-0988,,,,,,
حضانة كيدز فالي,Kids Valley Nursery,عمان,عمان,الشميساني,شارع يوسف بن تاشفين 5,KG-AM-0989,,,,,,
حضانة ليتل جاردن,Little Garden Pre & Nursery,عمان,عمان,خلدا,خلدا,KG-AM-0990,,,,,,
حضانة راقي الدولية,Raqi International Preschool,عمان,عمان,الرابية,شارع رفاعة بن أوس 46,KG-AM-0991,,,,,,
حضانة السلام,Al-Salam Nursery,عمان,عمان,الكرسي,الكرسي,KG-AM-0992,,,,,,
حضانة ستدي بلاي,Study Play KG,عمان,عمان,خلدا,شارع الشيخ حسين الجسر 44,KG-AM-0993,,,,,,
حضانة فيرست ستيب,First Step Nursery,عمان,عمان,اليوبيل,اليوبيل,KG-AM-0994,,,,,,
حضانة كينزي,Kenzi KG,عمان,عمان,طبربور,شارع فاضل أحمد خليفة 20,KG-AM-0995,,,,,,
حضانة ليتل بروفيسورز أكاديمي,Little Professors Academy,عمان,عمان,خلدا,شارع أبهى 11,KG-AM-0996,,,,,,
حضانة زين,Zain Nursery,عمان,عمان,اليوبيل,شارع الإخلاص 31,KG-AM-0997,,,,,,
حضانة وروضة ليونز كينجدوم,Lions Kingdom Nursery & Pre-school,عمان,عمان,دابوق,شارع يثرب 9,KG-AM-0998,,,,,,
روضة و حضانة المجد الوطنية,Al Majd National Academy KG,عمان,عمان,خلدا,شارع الفقهاء – مجمع 4,KG-AM-0999,,,,,,
حضانة وايت لاينز,White Lines Nursery,عمان,عمان,خلدا,شارع أم الدنانير – خلدا,KG-AM-1000,,,,,,
حضانة لارا,Lara Nursery,عمان,عمان,تلاع العلي,خلف سوبر ماركت الأهالي,KG-HASH-4E021CE0-10,,,,,,
حضانة المشاكس الصغير,Al-Mushakis Al-Saghir Nursery,عمان,عمان,أم أذينة,أم أذينة الشرقي,KG-HASH-0E557CFF-21,,,,,,
حضانة عطر الجوري,Atr Al-Jouri Nursery,عمان,عمان,الياسمين,شارع محمد سالم الثوايب,KG-AM-1001,,,,,,
حضانة وروضة هابي فايسيز,Happy Faces Nursery & Preschool,عمان,عمان,اليوبيل,شارع ثويبة بن حرملة,KG-AM-1002,,,,,,
حضانة آرت كير,Art Care Nursery,عمان,عمان,خلدا,شارع عروة بن أذينة,KG-AM-1003,,,,,,
حضانة وروضة ستيب باي ستيب,Step By Step Preschool,عمان,عمان,الرابية,شارع وديع قسطندي 3,KG-AM-1004,,,,,,
حضانة وروضة ليتل لاند,Little Land Nursery & Preschool,عمان,عمان,الشميساني,شارع الأشعري 15,KG-AM-1005,,,,,,
حضانة دانا,Dana Nursery,عمان,عمان,خلدا,كنيسة كرم إمسيح – خلدا,KG-AM-1006,,,,,,
حضانة بانان دي كير,Banan Daycare,عمان,عمان,اليوبيل,شارع موسى الساكت 76,KG-AM-1007,,,,,,
حضانة طوق الياسمين,Tawq Al-Yasmin Nursery,عمان,عمان,طبربور,مظهر علاونة – بجانب موسيقات القوات المسلحة,KG-HASH-984DF634-21,,,,,,
حضانة كولورز تري,Colors Tree Nursery,عمان,عمان,خلدا,شارع عيسى أبو قدوم 6,KG-AM-1008,,,,,,
حضانة كرادل تو كرايون,Cradle to Crayon Nursery,عمان,عمان,اليوبيل,شارع أحمد عرابي,KG-AM-1009,,,,,,
روضة أيوب,Ayoub KG,عمان,عمان,الشميساني,شارع أحمد أوكلة النصور,KG-AM-1010,,,,,,
روضة و حضانة نحن الأطفال,Nahnu Al-Atfal Nursery & KG,عمان,عمان,جبل الحسين,شارع عز الدين القسام,KG-AM-1011,,,,,,
حضانة وروضة صنلايت,Sunlight Nursery & Pre-School,عمان,عمان,الرابية,شارع نهاوند – الرابية,KG-AM-1012,,,,,,
روضة و حضانة عالم الصغار,Aalam Al-Sighar Nursery & KG,عمان,عمان,الشميساني,شارع أسيد بن ثعلبة,KG-AM-1013,,,,,,
حضانة كُن طفلًا,Kun Tiflan Nursery,عمان,عمان,اليوبيل,شارع تعز,KG-AM-1014,,,,,,
حضانة تري توبس,Tree Tops Nursery,عمان,عمان,الشميساني,شارع عبد الحميد كرامي,KG-HASH-AE47A5BB-14,,,,,,
روضة هابي هارت,Happy Heart Kindergarten,عمان,عمان,اليوبيل,مجمع النور – شارع محمد بن غطوس,KG-AM-1015,,,,,,
حضانة بامبل بي,Bumble Bee Preschool,عمان,عمان,الرابية,شارع تبريز,KG-AM-1016,,,,,,
حضانة الما وايلا,Alma and Ayla Nursery,عمان,عمان,ضاحية الرشيد,قبل سكن أميمة,KG-HASH-5755C175-13,,,,,,
حضانة ليديبرد,Ladybird Nursery,عمان,عمان,الشميساني,شارع يوسف بن تاشفين,KG-AM-1017,,,,,,
حضانة داندون,Dandoon Nursery,عمان,عمان,خلدا,شارع عبد الله الأعزب,KG-AM-1018,,,,,,
حضانة إيرلي بيرد (تلاع العلي),Early Bird Nursery (Tala Al-Ali),عمان,عمان,تلاع العلي,مجمع 44 – شارع عبد الحليم عباس,KG-AM-1019,,,,,,
روضة الطفل السعيد,Al-Tifl Al-Saeed KG,عمان,عمان,شرق عمان,ماركا الشمالية – حمزة,KG-HASH-BCCAE8EB-13,,,,,,
حضانة هيا سبراوتس,Haya Sprouts Preschool,عمان,عمان,خلدا,شاكر بن زيد,KG-AM-1020,,,,,,
حضانة بيتي الصغير,My Little Home Nursery,عمان,عمان,شمال عمان,يوسف بن تاشفين 20 – الشميساني,KG-HASH-A45EF066-13,,,,,,
روضة كيدز واي,Kids Way Kindergarten,عمان,عمان,خلدا,شارع الأوزاعي – مجمع 11,KG-AM-1021,,,,,,
حضانة جريت بيجينينجز,Great Beginnings Child Care,عمان,عمان,جبل الحسين,شارع إسماعيل بابوق,KG-HASH-3561F16A-13,,,,,,
حضانة ليتل ستيبس,Little Steps Nursery,عمان,عمان,خلدا,شارع الشيخ حسين الجسر,KG-AM-1022,,,,,,
حضانة رايت ستارت,Right Start Nursery,عمان,عمان,اليوبيل,اليوبيل,KG-AM-1023,,,,,,
روضة الأصدقاء المبدعين,Creative Friends KG,عمان,عمان,خلدا,شارع عبد الله بن مسعود 20,KG-AM-1024,,,,,,
حضانة ليتل فلاورز,Little Flowers Day Nursery,عمان,عمان,خلدا,خلدا,KG-AM-1025,,,,,,
حضانة كيدز ستيبس,Kids Steps Nursery,عمان,عمان,الرابية,شارع تلمسان – مجمع 5,KG-AM-1026,,,,,,
حضانة شيري تري,Cherry Tree Nursery,عمان,عمان,جبل الحسين,شارع محمد جمجوم – مجمع 2,KG-AM-1027,,,,,,
حضانة ثراء كيدز,Thraa Kids Nursery,عمان,عمان,شرق عمان,شرق عمان,KG-AM-1028,,,,,,
حضانة الفقاعة المضحكة,Funny Bubble Nursery,عمان,عمان,أم السماق,شارع عطيوي المجالي – بناية 26,KG-HASH-68475EC4-26,,,,,,
حضانة طيور المحبة,Birds of Love Nursery,عمان,عمان,جبل عمان,دوار ثاني – شارع المعتصم 55 – بجانب عمارة قناة الجزيرة,KG-HASH-39B76A94-29,,,,,,
حضانة ريتان,Ritan Nursery,إربد,إربد,الحي الشرقي,خلف حلويات الكت والكات,KG-HASH-63C89E6F-26,,,,,,
حضانة الطفل الأمثل,Best Child Nursery,الزرقاء,الزرقاء,البتراوي,حي البتراوي,KG-HASH-9D52338B-29,,,,,,
حضانة أطفال الرونق,Ronaq Kids Nursery,عمان,عمان,الرونق,شارع محمد علي حسين الكردي – عمارة 30,KG-HASH-F80BBEEE-13,,,,,,
حضانة البالون,Balloon Nursery,عمان,عمان,الدوار السابع,بجانب فندق جنيفا,KG-HASH-B3A79E1B-13,,,,,,
حضانة براعم الرمثا التعليمية والنموذجية,Baraem Al-Ramtha Educational & Model,الرمثا,الرمثا,الرئيسي,الرئيسي,KG-HASH-E7F2DA07-13,,,,,,
حضانة النبات السليم,Healthy Plant Nursery,عمان,عمان,طبربور,حي الشهيد الجنوبي,KG-HASH-F9974F8A-13,,,,,,
حضانة أرض النجوم,Land of Stars Nursery,عمان,عمان,ضاحية الرشيد,مقابل مدرسة تقارب,KG-HASH-2AB7CA43-14,,,,,,
حضانة صقور العزة,Falcons of Pride Nursery,عمان,عمان,أبو نصير,شارع السعادة,KG-HASH-0CF80CD3-13,,,,,,
حضانة أطفال التوت البري,Wild Berry Kids Nursery,عمان,عمان,اليوبيل,شارع عبدالله غوشة – بجانب مسجد أحد,KG-HASH-6F0E538C-13,,,,,,
حضانة أنس وأمير,Anas & Amir Nursery,عمان,عمان,الجبيهة,حي الريان – شارع المريري,KG-HASH-4EF9D4C1-13,,,,,,
حضانة ألوان الفرح للأطفال,Colors of Joy Nursery,عمان,عمان,شرق عمان,حي العبداللات – بجانب مدرسة الكندي,KG-HASH-74D75DC4-13,,,,,,
حضانة أحمد وضحى,Ahmed & Dahaa Nursery,إربد,إربد,الصريح,الصريح,KG-HASH-09CFD651-13,,,,,,
حضانة البداية السعيدة النموذجية,Happy Beginning Model Nursery,عمان,عمان,اليوبيل,شارع المدينة المنورة,KG-HASH-660684B1-13,,,,,,
حضانة أنا وأخي نمرح,Me & My Brother Play Nursery,مادبا,مادبا,اليرموك,شارع اليرموك,KG-HASH-9CFA6D03-13,,,,,,
حضانة جود وميرا,Jood & Mira Nursery,الزرقاء,الزرقاء,جبل المغير,قرب صيدلية شمع العسل,KG-HASH-39A390C9-13,,,,,,
حضانة ضوء القمر,Moonlight Nursery,عمان,عمان,الصويفية,قرب قرية الصويفية – شارع زكي الصويتي,KG-HASH-A1634816-13,,,,,,
حضانة بيت الحلوة للأطفال,Sweet Home Kids Nursery,عمان,عمان,الجاردنز,خلف مدارس الرأي – عمارة 20,KG-HASH-D1B5B898-13,,,,,,
حضانة الطفل العربي,Arab Child Nursery,إربد,إربد,الحي الشرقي,قرب أسواق المؤسسة العسكرية,KG-HASH-B8E907D2-13,,,,,,
حضانة حبايبنا,Our Darlings Nursery,إربد,إربد,النعيمة,النعيمة,KG-HASH-946430F8-13,,,,,,
حضانة الخطوات التعليمية,Educational Steps Nursery,عجلون,عجلون,عبين,خلف مطعم داريا – شارع إربد–عجلون,KG-HASH-A36C5601-13,,,,,,
حضانة فوفو ودودو,Fufu & Dodo Model Nursery,عمان,عمان,مرج الحمام,حي الأمير حمزة,KG-HASH-CC4AA39E-13,,,,,,
حضانة ورود المستقبل,Future Roses Nursery,عمان,عمان,الرونق,شارع الأصبه – بناية 6,KG-HASH-9EBF0C55-14,,,,,,
حضانة الانطباعات الأولى,First Impressions Nursery,إربد,إربد,الراهبات الوردية,غرب مسجد أبو دلو,KG-HASH-18EA009C-13,,,,,,
حضانة بابا سنفور,Papa Smurf Nursery,إربد,إربد,إربد,إربد,KG-HASH-C96222D2-13,,,,,,
حضانة جمعية الشابات المسيحية الخيرية-الفحيص,YWCA Al-Fuheis Nursery,البلقاء,السلط,الفحيص,خلف بيت الفحيص – شارع صبيان الحصان,KG-HASH-E90DA012-13,,,,,,
حضانة رياحين الجنة,Breezes of Paradise Nursery,عمان,عمان,شرق عمان,الهاشمي الشمالي – شارع الحارث العبدي,KG-HASH-5E4BFD57-13,,,,,,
حضانة خمسة وستون 65,65 Nursery,البلقاء,السلط,المدينة الرياضية,قرب مدارس السلط الأهلية,KG-HASH-B9CFA36F-13,,,,,,
حضانة جنة الورد,Rose Paradise Nursery,عجلون,عجلون,عين جنا,مبنى البلدية – وسط البلد,KG-HASH-9224266E-13,,,,,,
حضانة الكلمات الأولى,First Words Nursery,عمان,عمان,الصويفية,شارع سعيد المفتي – عمارة 16,KG-HASH-B7734AB4-14,,,,,,
حضانة زين ونانا,Zain & Nana Nursery,البلقاء,السلط,أم عليه,الشارع الرئيسي,KG-HASH-B22FB8B1-13,,,,,,
حضانة أفضل مكان لطفلك,Best Place for Your Child Nursery,إربد,إربد,إربد,,KG-HASH-52700EB7-13,,,,,,
حضانة زهور الليلك,Lilac Flowers Nursery,عمان,عمان,اليوبيل,مقابل مركز صحي أم السوس,KG-HASH-DC055CFC-13,,,,,,
المستوى الرفيع المتميز للتعليم,High Level Distinguished Education,عمان,عمان,الشميساني,شارع ابن الفارض 11,KG-HASH-CE292D29-13,,,,,,
حضانة المملكة الصغيرة,Small Kingdom Nursery,عمان,عمان,ضاحية الياسمين,شارع حفصة بنت عمرو 35,KG-HASH-4409DD81-13,,,,,,
حضانة أحلام المستقبل النموذجية,Dreams of the Future Model Nursery,مادبا,مادبا,الخطابية,الخطابية,KG-HASH-38D0B96A-13,,,,,,
حضانة عبق الربيع,Spring Fragrance Nursery,عمان,عمان,شرق عمان,طبربور – شارع قمر اليافي مقابل حلويات نفيسة,KG-HASH-6C1C8513-13,,,,,,
حضانة الانامل الذهبية,Golden Fingers Nursery,عمان,عمان,شرق عمان,ماركا الشمالية – شارع فاطمة الزهراء – مسجد فاطمة الزهراء,KG-HASH-4235AA00-19,,,,,,
حضانة حكايتي الصغيرة,My Little Story Nursery,عمان,عمان,الجبيهة,مقابل الجمعية العلمية الملكية – ط الأرضي,KG-HASH-41922AC3-19,,,,,,
حضانة براعم السكر,Sugar Buds Nursery,العقبة,العقبة,السكنية الثالثة,شارع العباسيين – بجانب مسجد سعد بن أبي وقاص,KG-HASH-4AA4B4D3-19,,,,,,
حضانة درجات صغيرة,Small Steps Nursery,عمان,عمان,اليوبيل,دوار البرديني – قرب مدارس الإشراق,KG-HASH-FF9AE220-19,,,,,,
حضانة أشكال النموذجية,Shapes Model Nursery,إربد,إربد,خلف مستشفى إربد التخصصي,0772155227,KG-IR-0021,,,,,,
حضانة لطفولة أرقى,Finer Childhood Nursery,الزرقاء,الزرقاء,مدينة الشرق,قرب دوار الطيارة,KG-HASH-0BA37A4E-19,,,,,,
حضانة سلمى وزين,Salma & Zain Nursery,البلقاء,السلط,البقيع,البقيع,KG-HASH-2761F2DE-19,,,,,,
حضانة هلا وغلا,Hala & Ghala Nursery,عمان,عمان,شرق عمان,طبربور – قرب إسكان الجيش – حديقة العهد والوفا – يوسف بني ياسين 9,KG-HASH-4CB76A0C-19,,,,,,
حضانة من الألف إلى الياء,From A to Z Nursery,عمان,عمان,جنوب عمان,مرج الحمام – إسكان عالية – فيلا 30,KG-AM-1029,,,,,,
حضانة الطفل السعيد,Happy Child Nursery,عمان,عمان,شرق عمان,ماركا الشمالية – حمزة – قرب مدرسة الشريف حسين,KG-HASH-0635148B-21,,,,,,
حضانة بدايات عظيمة,Great Beginnings Nursery,عمان,عمان,جبل الحسين,شارع إسماعيل بابوق 5,KG-HASH-6AD2B97C-21,,,,,,
حضانة ديمة النموذجية,Dima Model Nursery,البلقاء,السلط,شفا العامرية,شفا العامرية,KG-HASH-756B81D8-19,,,,,,
حضانة ضحكات الطفولة,Childhood Laughter Nursery,عمان,عمان,الشميساني,بناية 39 – شارع معروف الرصافي,KG-HASH-16722FFC-19,,,,,,
حضانة الأطفال السعداء,Happy Children Nursery,عمان,عمان,اليوبيل,مرج الحمام – شارع نالتشك – قرب مطعم دنيا المشاوي,KG-HASH-BE5F5773-19,,,,,,
حضانة جوان النموذجية,Jawan Model Nursery,الزرقاء,الزرقاء,الهاشمية,الحي الشرقي,KG-HASH-EBD119C2-19,,,,,,
حضانة نور الجبيهة,Nour Al-Jubeiha Nursery,عمان,عمان,الجبيهة,شارع مفلح اللوزي – بناية 32 – مقابل مفروشات شهوان,KG-HASH-68257B5B-19,,,,,,
حضانة وروضة رونق المودة,Ronaq Al-Mawaddah Nursery & KG,عمان,عمان,البيادر,شارع خضر قردن – مقابل النادي الأهلي,KG-HASH-0A2E8BF3-20,,,,,,
حضانة بريق النمارق,Briq Al-Namarq Nursery,البلقاء,السلط,البقعان,بجانب مدرسة فاطمة الزهراء,KG-HASH-C98B3A42-19,,,,,,
حضانة الأرض السعيدة,Happy Land Nursery,عمان,عمان,جنوب عمان,المقابلين – حي الصحابة – شارع عبد الكريم الخطاب,KG-HASH-A21959BA-19,,,,,,
حضانة الحمامي,Al-Hammami Nursery,عمان,عمان,الجبيهة,شارع الريان – أم زويتينة,KG-HASH-6C739D9A-19,,,,,,
أكاديمية مدرسة وروضة جنى دان,Jana Dan Academy & KG,الزرقاء,الزرقاء,بيرين,خلف النبعة,KG-HASH-63D4D1AC-19,,,,,,
حضانة شذى الورد,Shatha Al-Ward Nursery,عمان,عمان,شرق عمان,طبربور – شارع عجاج الهبارنة – قرب مسجد عباد الرحمن,KG-HASH-E4A8221D-19,,,,,,
حضانة بذور الغد,Seeds of Tomorrow Nursery,عمان,عمان,شرق عمان,إسكان الجيش – شارع عبدالقادر الزغول – باتجاه أبو عليا,KG-HASH-B85BE7B2-19,,,,,,
حضانة ناريمان النموذجية,Nariman Model Nursery,الرمثا,الرمثا,الرمثا,مقابل مدرسة جمانة,KG-HASH-A5004523-19,,,,,,
حضانة كوكب المرح الطفولي,Fun Planet Childhood Nursery,العقبة,العقبة,الثامنة,قرب مسجد الكالوتي,KG-HASH-1E3C633A-19,,,,,,
حضانة ورود الربيع,Spring Roses Nursery,البلقاء,السلط,ماحص,شارع المدارس,KG-HASH-3D270AC1-19,,,,,,
حضانة حسام وسبأ الحديثة,Husam & Saba Modern Nursery,إربد,إربد,الحصن,الحي الشرقي – شارع الكلية,KG-HASH-5DF86710-19,,,,,,
حضانة تكوين,Takween Nursery,عمان,عمان,شمال عمان,طلوع الجاذبية – قرب سوبرماركت ياهلا,KG-HASH-9112EFC2-19,,,,,,
حضانة الفطاحلة النموذجية,Al-Fatahilah Model Nursery,إربد,إربد,الحي الجنوبي,جنوب غرب دوار صحارى – 300 متر,KG-HASH-6FF73128-19,,,,,,
حضانة بيت السكاكر,Candy House Nursery,إربد,إربد,الراهبات الوردية,خلف مستشفى الراهبات الوردية – بجانب السور,KG-HASH-B3342EDC-19,,,,,,
حضانة القلب السعيد,Happy Heart Nursery,عمان,عمان,شرق عمان,ضاحية الأمير حسن – قرب مطعم الهنيني,KG-HASH-D57300DD-19,,,,,,
حضانة كوخ الدب,Bear Cabin Nursery,الزرقاء,الزرقاء,الجبل الشمالي,شارع الملك عبد الله الثاني,KG-HASH-7F0FA9DD-19,,,,,,
حضانة اليوم السعيد,Al-Yawm Al-Saeed Nursery,عمان,عمان,بسمان/جبل النزهة,شارع الكويتية – بناية 15,KG-HASH-2B4CE2CE-14,,,,,,
حضانة فرح النموذجية,Farah Model Nursery,عمان,عمان,جبل الحسين,دوار الداخلية – نزول سرفيس العبدلي,KG-HASH-AA9129EC-14,,,,,,
روضة وحضانة نداء الطفولة,Nadaa Al-Tufulah Nursery & KG,عمان,عمان,شمال عمان,شارع البلدية بعد البنك الإسلامي مقابل ملحمة الخليل,KG-AM-1030,,,,,,
حضانة سيسو النموذجية,Siso Model Nursery,عمان,عمان,خلدا,قرب دوار السكر – مقابل سامح مول,KG-HASH-467ED77E-14,,,,,,
روضة ومدارس أكاديمية ريتال الدولية,Rital International Academy,عمان,عمان,ياجوز,تقاطع جسر ياجوز – شارع الأردن,KG-HASH-9932B088-14,,,,,,
حضانة قوس قزح النموذجية,Rainbow Model Nursery,عمان,عمان,الشميساني,الشميساني,KG-HASH-30C80BA5-14,,,,,,
شركة إبداع الطفولة,Ebdaa Al-Tufulah,عمان,عمان,شمال عمان,شارع شريفة زين – خلف روان كيك,KG-HASH-407914AF-14,,,,,,
حضانة الصياد الصغير,Little Hunter Nursery,عمان,عمان,جنوب عمان,مرج الحمام – شارع محمد بن طلال,KG-HASH-0D22143D-14,,,,,,
الشجرة المباركة للتعليم والاستثمار,Blessed Tree Education,عمان,عمان,شمال عمان,إشارة جبري – خلف بهجت سنتر,KG-HASH-3A27D298-13,,,,,,
حضانة نطاق الألوان المرحة,Color Range Fun Nursery,عمان,عمان,شرق عمان,شفا بدران – بجانب أكاديمية ريماس,KG-HASH-2605B857-14,,,,,,
حضانة زهور صغيرة,Little Flowers Nursery,عمان,عمان,الشميساني,شارع الفيحاء,KG-HASH-4E0BEFAA-14,,,,,,
حضانة المشاكس الصغير,Little Mischief Nursery,عمان,عمان,أم أذينة,شارع الكوفة – بناية 71,KG-HASH-0E557CFF-22,,,,,,
حضانة عبق عجلون النموذجية,Abq Ajloun Model Nursery,عجلون,عجلون,عبين,شارع إربد – مقابل صالة النورس,KG-HASH-5601454A-14,,,,,,
مؤسسة المنهل التربوية,Al-Manhal Educational Institution,عمان,عمان,الجامعة الأردنية,إسكان الجامعة الأردنية,KG-HASH-91358FF4-14,,,,,,
حضانة النحلة الصغيرة,Little Bee Nursery,عمان,عمان,الجاردنز,دخلة مطعم السروات,KG-AM-1031,,,,,,
حضانة مملكة السكر,Sugar Kingdom Nursery,عمان,عمان,شرق عمان,طبربور – شارع أسعد بن زرارة,KG-HASH-49966BEA-14,,,,,,
حضانة طوق الياسمين,Tawq Al-Yasmin Nursery,عمان,عمان,شرق عمان,طبربور – مظهر علاونة – بجانب موسيقات القوات,KG-HASH-984DF634-22,,,,,,
حضانة قمم الأشجار,Tree Tops Nursery,عمان,عمان,الشميساني,عبد الحميد كرامي – بناية 8,KG-HASH-D2C447CD-15,,,,,,
حضانة الخيوط اللامعة,Shining Threads Nursery,عمان,عمان,أبو السوس,إسكان الأمانة – حي الصنوبر,KG-HASH-FCF5F87B-14,,,,,,
حضانة الما وأيلا,Alma & Ayla Nursery,عمان,عمان,شمال عمان,ضاحية الرشيد – قبل سكن أميمة,KG-HASH-46291761-14,,,,,,
حضانة ماما رولا,Mama Rola Nursery,عمان,عمان,شرق عمان,شفا بدران – حي ذهيبة – خلف الكلحة – بناية 3,KG-HASH-51336EBC-14,,,,,,
حضانة حبات التوت,Raspberry Seeds Nursery,عمان,عمان,مرج الحمام,شارع مويى النهار,KG-AM-1032,,,,,,
حضانة أطفال تمارا,Tamara Kids Nursery,عمان,عمان,شمال عمان,خلف مطعم طواحين,KG-HASH-D54CBE34-14,,,,,,
حضانة أزهار بيسان,Bisan Flowers Nursery,عمان,عمان,شرق عمان,الهاشمي الشمالي – حي نايفة – مقابل وزارة الصحة,KG-HASH-F0D51A7A-14,,,,,,
حضانة دانة الدولية,Dana International Nursery,عمان,عمان,شمال عمان,تلاع العلي – خلف الهوليدي إن,KG-HASH-21F6AEA4-14,,,,,,
حضانة سالي وسلمى,Sally & Salma Nursery,عمان,عمان,شمال عمان,الجبيهة – مقابل الأحدث سابقاً,KG-HASH-50F99C52-14,,,,,,
حضانة وسيم النموذجية,Waseem Model Nursery,عمان,عمان,جنوب عمان,الأشرفية – حي أم تينة,KG-HASH-A737AF34-14,,,,,,
حضانة النحلة جولي,Jolly Bee Nursery,عمان,عمان,شرق عمان,طبربور – بجانب جامعة العلوم الإسلامية,KG-HASH-F9383D91-14,,,,,,
حضانة الأكواخ الملونة,Colored Cabins Nursery,عمان,عمان,الشميساني,شارع الجاحظ – مقابل مجمع السعيد,KG-HASH-89BDD1D1-22,,,,,,
حضانة النجوم المتلألئة,Twinkling Stars Nursery,عمان,عمان,اليوبيل,مرج الحمام – شارع نايف بن عاصم,KG-HASH-68E974B2-14,,,,,,
حضانة جنتي للأطفال,My Paradise Nursery,عمان,عمان,شمال عمان,خلدا – شارع المعارف – قرب مدرسة المعارف,KG-HASH-43031B1B-14,,,,,,
حضانة ميرا والمى,Mira & Al-Mi Nursery,عمان,عمان,جنوب عمان,شارع فايزة المعارجة,KG-HASH-7A601E38-14,,,,,,
حضانة عصافير الكرك,Karak Sparrows Nursery,الكرك,الكرك,الكرك,الثنية – الشارع الرئيسي,KG-HASH-B864861A-15,,,,,,
حضانة القطط الصغيرة,Little Kittens Nursery,عمان,عمان,شمال عمان,تلاع العلي – بجانب البشيتي – بناية 3,KG-HASH-F761251C-14,,,,,,
حضانة الطفل الحسن,Good Child Nursery,عمان,عمان,اليوبيل,بيادر وادي السير – الجندويل,KG-HASH-9B7848CF-14,,,,,,
روضة وحضانة أنا الصغير,Ana Al-Saghir Nursery & KG,عمان,عمان,شمال عمان,خرجا – دخلة مدارس الدر المنثور,KG-HASH-1070AA6D-14,,,,,,
حضانة القلب الكبير,Big Heart Nursery,إربد,إربد,إربد,قرب مضافة أبو سالم,KG-HASH-B233B2FD-14,,,,,,
حضانة قرية التوت العالمية,Global Berry Village Nursery,عمان,عمان,عمان المركز,دوار الكيلو – خلف البرجر كنج – عمارة 46,KG-HASH-6E5273CC-14,,,,,,
حضانة الجيل القادم,Next Generation Nursery,عمان,عمان,شمال عمان,المدينة الرياضية – شمس الدين الذهبي,KG-AM-1033,,,,,,
حضانة التباشير البيضاء,White Chalk Nursery,عمان,عمان,بين الدوار 6 وال7,شارع التباشير,KG-HASH-846C96F7-11,,,,,,
حضانة مونلايت,Moonlight Nursery,عمان,عمان,الشميساني,الشميساني,KG-AM-1034,,,,,,
حضانة فيرست ووردز,First Words Preschool,عمان,عمان,الصويفية,شارع سعيد المفتي – عمارة 16,KG-HASH-DDDF528F-12,,,,,,
روضة ومدرسة ليلى للتعليم الحديث,Leila Modern Education KG & School,عمان,عمان,طبربور,شارع محمد العويدات – مجمع 2,KG-AM-1035,,,,,,
حضانة ليتل ليرنرز,Little Learners Nursery,عمان,عمان,الرابية,شارع أنور الخطيب,KG-AM-1036,,,,,,
حضانة العلمي الممتع,Fun Science Nursery,عمان,عمان,اليوبيل,شارع عبد الله غوشة,KG-AM-1037,,,,,,
حضانة ميني مي,Mini Me Nursery,عمان,عمان,خلدا,شارع الأمير زيد,KG-AM-1038,,,,,,
حضانة الانطلاقة,Al Intilaqa Nursery,عمان,عمان,الصويفية,شارع بخيت العيسى,KG-HASH-526522B6-11,,,,,,
حضانة كوكون,Cocoon Nursery,عمان,عمان,الرابية,شارع محمد الخماش,KG-AM-1039,,,,,,
حضانة زهور المستقبل,Future Flowers Nursery,عمان,عمان,الرونق,شارع الأسبح – فيلا 6,KG-HASH-F845F6B6-12,,,,,,
حضانة نهج المعرفة,Nahj Al-Ma’rifa KG,عمان,عمان,الدوار الثامن,الدوار الثامن,KG-AM-1040,,,,,,
روضة بوك أند براش,Book n Brush KG,عمان,عمان,الصويفية,شارع زهدي عصفور,KG-AM-1041,,,,,,
حضانة البدايات المشرقة,Bright Beginnings Nursery,عمان,عمان,أم أذينة,شارع الدمام 48,KG-HASH-D7CFF932-11,,,,,,
حضانة وروضة وورلد كرياتيف,Creative World Nursery & KG,عمان,عمان,الرابية,شارع إبراهيم القطان 22,KG-AM-1042,,,,,,
حضانة الأطفال السعداء (2),Happy Kids Nursery (2),عمان,عمان,السهل,السهل,KG-AM-1043,,,,,,
حضانة السندريلا,Cinderella Nursery,عمان,عمان,جبل الحسين,شارع الملك عبد الله الثاني 2,KG-HASH-0A54A420-11,,,,,,
روضة ينابيع العلم,Yanabe’ Al-Ilm KG,عمان,عمان,البيادر,مقسم العطار – شارع البيادر,KG-AM-1044,,,,,,
حضانة السوبر ناني,Super Nanny Nursery,عمان,عمان,المرج,المرج,KG-HASH-63B6BE81-11,,,,,,
حضانة ميلكي تيث,Milky Teeth KG Nursery,عمان,عمان,خلدا,خلدا,KG-AM-1045,,,,,,
حضانة ستارفيش,Starfish Nursery,عمان,عمان,الرابية,شارع أنوارين مسمار 4,KG-AM-1046,,,,,,
حضانة ليتل هاندز,Little Hands Nursery,عمان,عمان,خلدا,خلدا,KG-AM-1047,,,,,,
حضانة وروضة ستيبينج ستون,Stepping Stone Preschool & Nursery,عمان,عمان,أم السماق,شارع أرتيريا 50,KG-AM-1048,,,,,,
حضانة آدم كيدز,Adam Kids Nursery,عمان,عمان,عبدون,عبدون,KG-AM-1049,,,,,,
حضانة رونق المودة,Ronaq Al-Mawaddah Nursery,عمان,عمان,البيادر,شارع خضر قردن – مقابل النادي الأهلي,KG-HASH-AFC636DF-12,,,,,,
حضانة أمبريلا,Umbrella Nursery,عمان,عمان,اليوبيل,اليوبيل,KG-AM-1050,,,,,,
حضانة وروضة المتفوقين أكاديمي,Al Mutafawqeen Academy KG & School,عمان,عمان,خلدا,شارع أيوب السختياني 14,KG-AM-1051,,,,,,
حضانة منزلي الكبير,My Big House Nursery,عمان,عمان,الشميساني,شارع الشريف ناصر بن جميل 78,KG-AM-1052,,,,,,
روضة أكاديمية الأطفال الرائعين,Wonderful Kids Academy KG,عمان,عمان,اليوبيل,شارع محمد العجلوني,KG-AM-1053,,,,,,
حضانة وروضة كراميل,Caramel Nursery & KG,عمان,عمان,خلدا,شارع الأميرة زينب 63,KG-AM-1054,,,,,,
حضانة بز بي,BuzzBee Nursery,عمان,عمان,خلدا,خلدا,KG-AM-1055,,,,,,
روضة وابه,Wabe KG,عمان,عمان,طبربور,شارع صدقي أبو شقرة,KG-AM-1056,,,,,,
حضانة سيفتي هاوس,Safety House Nursery,عمان,عمان,خلدا,شارع المعارف – خلدا,KG-AM-1057,,,,,,
حضانة ليتل بي,Little Bee Nursery,عمان,عمان,اليوبيل,اليوبيل,KG-AM-1058,,,,,,
روضة و حضانة هيل هاوس,Hill House KG & Nursery,عمان,عمان,الشميساني,شارع محمد علي بدير 37,KG-AM-1059,,,,,,
حضانة الأكواخ الملونة,Al-Akwakh Al-Mulawwanah Nursery,عمان,عمان,الشميساني,شارع الجاحظ – مقابل مجمع السعيد التجاري,KG-HASH-89BDD1D1-23,,,,,,
حضانة سويت آند نوتي,Sweet and Naughty Nursery,عمان,عمان,الشميساني,الشميساني,KG-AM-1060,,,,,,
حضانة كيدز فالي,Kids Valley Nursery,عمان,عمان,الشميساني,شارع يوسف بن تاشفين 5,KG-AM-1061,,,,,,
حضانة ليتل جاردن,Little Garden Pre & Nursery,عمان,عمان,خلدا,خلدا,KG-AM-1062,,,,,,
حضانة راقي الدولية,Raqi International Preschool,عمان,عمان,الرابية,شارع رفاعة بن أوس 46,KG-AM-1063,,,,,,
حضانة السلام,Al-Salam Nursery,عمان,عمان,الكرسي,الكرسي,KG-AM-1064,,,,,,
حضانة ستدي بلاي,Study Play KG,عمان,عمان,خلدا,شارع الشيخ حسين الجسر 44,KG-AM-1065,,,,,,
حضانة فيرست ستيب,First Step Nursery,عمان,عمان,اليوبيل,اليوبيل,KG-AM-1066,,,,,,
حضانة كينزي,Kenzi KG,عمان,عمان,طبربور,شارع فاضل أحمد خليفة 20,KG-AM-1067,,,,,,
حضانة ليتل بروفيسورز أكاديمي,Little Professors Academy,عمان,عمان,خلدا,شارع أبهى 11,KG-AM-1068,,,,,,
حضانة زين,Zain Nursery,عمان,عمان,اليوبيل,شارع الإخلاص 31,KG-AM-1069,,,,,,
حضانة وروضة ليونز كينجدوم,Lions Kingdom Nursery & Pre-school,عمان,عمان,دابوق,شارع يثرب 9,KG-AM-1070,,,,,,
روضة و حضانة المجد الوطنية,Al Majd National Academy KG,عمان,عمان,خلدا,شارع الفقهاء – مجمع 4,KG-AM-1071,,,,,,
حضانة وايت لاينز,White Lines Nursery,عمان,عمان,خلدا,شارع أم الدنانير – خلدا,KG-AM-1072,,,,,,
حضانة لارا,Lara Nursery,عمان,عمان,تلاع العلي,خلف سوبر ماركت الأهالي,KG-HASH-4E021CE0-11,,,,,,
حضانة المشاكس الصغير,Al-Mushakis Al-Saghir Nursery,عمان,عمان,أم أذينة,أم أذينة الشرقي,KG-HASH-0E557CFF-23,,,,,,
حضانة عطر الجوري,Atr Al-Jouri Nursery,عمان,عمان,الياسمين,شارع محمد سالم الثوايب,KG-AM-1073,,,,,,
حضانة وروضة هابي فايسيز,Happy Faces Nursery & Preschool,عمان,عمان,اليوبيل,شارع ثويبة بن حرملة,KG-AM-1074,,,,,,
حضانة آرت كير,Art Care Nursery,عمان,عمان,خلدا,شارع عروة بن أذينة,KG-AM-1075,,,,,,
حضانة وروضة ستيب باي ستيب,Step By Step Preschool,عمان,عمان,الرابية,شارع وديع قسطندي 3,KG-AM-1076,,,,,,
حضانة وروضة ليتل لاند,Little Land Nursery & Preschool,عمان,عمان,الشميساني,شارع الأشعري 15,KG-AM-1077,,,,,,
حضانة دانا,Dana Nursery,عمان,عمان,خلدا,كنيسة كرم إمسيح – خلدا,KG-AM-1078,,,,,,
حضانة بانان دي كير,Banan Daycare,عمان,عمان,اليوبيل,شارع موسى الساكت 76,KG-AM-1079,,,,,,
حضانة طوق الياسمين,Tawq Al-Yasmin Nursery,عمان,عمان,طبربور,مظهر علاونة – بجانب موسيقات القوات المسلحة,KG-HASH-984DF634-23,,,,,,
حضانة كولورز تري,Colors Tree Nursery,عمان,عمان,خلدا,شارع عيسى أبو قدوم 6,KG-AM-1080,,,,,,
حضانة كرادل تو كرايون,Cradle to Crayon Nursery,عمان,عمان,اليوبيل,شارع أحمد عرابي,KG-AM-1081,,,,,,
روضة أيوب,Ayoub KG,عمان,عمان,الشميساني,شارع أحمد أوكلة النصور,KG-AM-1082,,,,,,
روضة و حضانة نحن الأطفال,Nahnu Al-Atfal Nursery & KG,عمان,عمان,جبل الحسين,شارع عز الدين القسام,KG-AM-1083,,,,,,
حضانة وروضة صنلايت,Sunlight Nursery & Pre-School,عمان,عمان,الرابية,شارع نهاوند – الرابية,KG-AM-1084,,,,,,
روضة و حضانة عالم الصغار,Aalam Al-Sighar Nursery & KG,عمان,عمان,الشميساني,شارع أسيد بن ثعلبة,KG-AM-1085,,,,,,
حضانة كُن طفلًا,Kun Tiflan Nursery,عمان,عمان,اليوبيل,شارع تعز,KG-AM-1086,,,,,,
حضانة تري توبس,Tree Tops Nursery,عمان,عمان,الشميساني,شارع عبد الحميد كرامي,KG-HASH-AE47A5BB-15,,,,,,
روضة هابي هارت,Happy Heart Kindergarten,عمان,عمان,اليوبيل,مجمع النور – شارع محمد بن غطوس,KG-AM-1087,,,,,,
حضانة بامبل بي,Bumble Bee Preschool,عمان,عمان,الرابية,شارع تبريز,KG-AM-1088,,,,,,
حضانة الما وايلا,Alma and Ayla Nursery,عمان,عمان,ضاحية الرشيد,قبل سكن أميمة,KG-HASH-5755C175-14,,,,,,
حضانة ليديبرد,Ladybird Nursery,عمان,عمان,الشميساني,شارع يوسف بن تاشفين,KG-AM-1089,,,,,,
حضانة داندون,Dandoon Nursery,عمان,عمان,خلدا,شارع عبد الله الأعزب,KG-AM-1090,,,,,,
حضانة إيرلي بيرد (تلاع العلي),Early Bird Nursery (Tala Al-Ali),عمان,عمان,تلاع العلي,مجمع 44 – شارع عبد الحليم عباس,KG-AM-1091,,,,,,
روضة الطفل السعيد,Al-Tifl Al-Saeed KG,عمان,عمان,شرق عمان,ماركا الشمالية – حمزة,KG-HASH-BCCAE8EB-14,,,,,,
حضانة هيا سبراوتس,Haya Sprouts Preschool,عمان,عمان,خلدا,شاكر بن زيد,KG-AM-1092,,,,,,
حضانة بيتي الصغير,My Little Home Nursery,عمان,عمان,شمال عمان,يوسف بن تاشفين 20 – الشميساني,KG-HASH-A45EF066-14,,,,,,
روضة كيدز واي,Kids Way Kindergarten,عمان,عمان,خلدا,شارع الأوزاعي – مجمع 11,KG-AM-1093,,,,,,
حضانة جريت بيجينينجز,Great Beginnings Child Care,عمان,عمان,جبل الحسين,شارع إسماعيل بابوق,KG-HASH-3561F16A-14,,,,,,
حضانة ليتل ستيبس,Little Steps Nursery,عمان,عمان,خلدا,شارع الشيخ حسين الجسر,KG-AM-1094,,,,,,
حضانة رايت ستارت,Right Start Nursery,عمان,عمان,اليوبيل,اليوبيل,KG-AM-1095,,,,,,
روضة الأصدقاء المبدعين,Creative Friends KG,عمان,عمان,خلدا,شارع عبد الله بن مسعود 20,KG-AM-1096,,,,,,
حضانة الجيل القادم,Next Generation Nursery,عمان,عمان,شمال عمان,المدينة الرياضية – شمس الدين الذهبي,KG-HASH-26164CE9-14,,,,,,
حضانة ليتل فلاورز,Little Flowers Day Nursery,عمان,عمان,خلدا,خلدا,KG-AM-1097,,,,,,
حضانة كيدز ستيبس,Kids Steps Nursery,عمان,عمان,الرابية,شارع تلمسان – مجمع 5,KG-AM-1098,,,,,,
حضانة شيري تري,Cherry Tree Nursery,عمان,عمان,جبل الحسين,شارع محمد جمجوم – مجمع 2,KG-AM-1099,,,,,,
حضانة ثراء كيدز,Thraa Kids Nursery,عمان,عمان,شرق عمان,شرق عمان,KG-AM-1100,,,,,,
حضانة الفقاعة المضحكة,Funny Bubble Nursery,عمان,عمان,أم السماق,شارع عطيوي المجالي – بناية 26,KG-HASH-68475EC4-27,,,,,,
حضانة طيور المحبة,Birds of Love Nursery,عمان,عمان,جبل عمان,دوار ثاني – شارع المعتصم 55,KG-HASH-39B76A94-30,,,,,,
حضانة ريتان,Ritan Nursery,إربد,إربد,الحي الشرقي,خلف حلويات الكت والكات,KG-HASH-63C89E6F-27,,,,,,
حضانة الطفل الأمثل,Best Child Care Nursery,الزرقاء,الزرقاء,البتراوي,حي البتراوي,KG-HASH-9D52338B-30,,,,,,
حضانة أطفال الرونق,Ronaq Kids Nursery,عمان,عمان,الرونق,شارع محمد علي حسين الكردي – عمارة 30,KG-HASH-F80BBEEE-14,,,,,,
حضانة البالون,Balloon Nursery,عمان,عمان,الدوار السابع,بجانب فندق جنيفا,KG-HASH-B3A79E1B-14,,,,,,
حضانة براعم الرمثا التعليمية والنموذجية,Baraem Al-Ramtha Educational & Model Nursery,الرمثا,الرمثا,الرئيسي,الرئيسي,KG-HASH-E7F2DA07-14,,,,,,
حضانة النبات السليم,Healthy Plant Nursery,عمان,عمان,طبربور,حي الشهيد الجنوبي,KG-HASH-F9974F8A-14,,,,,,
حضانة أرض النجوم,Land of Stars Nursery,عمان,عمان,ضاحية الرشيد,مقابل مدرسة تقارب,KG-HASH-2AB7CA43-15,,,,,,
حضانة صقور العزة,Falcons of Pride Nursery,عمان,عمان,أبو نصير,شارع السعادة,KG-HASH-0CF80CD3-14,,,,,,
حضانة أطفال التوت البري,Wild Berry Kids Nursery,عمان,عمان,اليوبيل,شارع عبدالله غوشة – بجانب مسجد أحد,KG-HASH-6F0E538C-14,,,,,,
حضانة أنس وأمير,Anas & Amir Nursery,عمان,عمان,الجبيهة,حي الريان – شارع المريري,KG-HASH-4EF9D4C1-14,,,,,,
حضانة ألوان الفرح للأطفال,Colors of Joy Nursery,عمان,عمان,شرق عمان,حي العبداللات – بجانب مدرسة الكندي,KG-HASH-74D75DC4-14,,,,,,
حضانة أحمد وضحى,Ahmed & Dahaa Nursery,إربد,إربد,الصريح,الصريح,KG-HASH-09CFD651-14,,,,,,
حضانة البداية السعيدة النموذجية,Happy Beginning Model Nursery,عمان,عمان,اليوبيل,شارع المدينة المنورة,KG-HASH-660684B1-14,,,,,,
حضانة أنا وأخي نمرح,Me & My Brother Play Nursery,مادبا,مادبا,اليرموك,شارع اليرموك,KG-HASH-9CFA6D03-14,,,,,,
حضانة جود وميرا,Jood & Mira Nursery,الزرقاء,الزرقاء,جبل المغير,قرب صيدلية شمع العسل,KG-HASH-39A390C9-14,,,,,,
حضانة ضوء القمر,Moonlight Nursery,عمان,عمان,الصويفية,قرب قرية الصويفية – شارع زكي الصويتي,KG-HASH-A1634816-14,,,,,,
حضانة بيت الحلوة للأطفال,Sweet Home Kids Nursery,عمان,عمان,الجاردنز,خلف مدارس الرأي – عمارة 20,KG-HASH-D1B5B898-14,,,,,,
حضانة الطفل العربي,Arab Child Nursery,إربد,إربد,الحي الشرقي,قرب أسواق المؤسسة العسكرية,KG-HASH-B8E907D2-14,,,,,,
حضانة حبايبنا,Our Darlings Nursery,إربد,إربد,النعيمة,النعيمة,KG-HASH-946430F8-14,,,,,,
حضانة الخطوات التعليمية,Educational Steps Nursery,عجلون,عجلون,عبين,خلف مطعم داريا – شارع إربد–عجلون,KG-HASH-A36C5601-14,,,,,,
حضانة فوفو ودودو,Fufu & Dodo Model Nursery,عمان,عمان,مرج الحمام,حي الأمير حمزة,KG-HASH-CC4AA39E-14,,,,,,
حضانة ورود المستقبل,Future Roses Nursery,عمان,عمان,الرونق,شارع الأصبه – بناية 6,KG-HASH-9EBF0C55-15,,,,,,
حضانة الانطباعات الأولى,First Impressions Nursery,إربد,إربد,الراهبات الوردية,غرب مسجد أبو دلو,KG-HASH-18EA009C-14,,,,,,
حضانة بابا سنفور,Papa Smurf Nursery,إربد,إربد,إربد,إربد,KG-HASH-C96222D2-14,,,,,,
حضانة جمعية الشابات المسيحية الخيرية-الفحيص,YWCA Al-Fuheis Nursery,البلقاء,السلط,الفحيص,خلف بيت الفحيص – شارع صبيان الحصان,KG-HASH-E90DA012-14,,,,,,
حضانة رياحين الجنة,Breezes of Paradise Nursery,عمان,عمان,شرق عمان,الهاشمي الشمالي – شارع الحارث العبدي,KG-HASH-5E4BFD57-14,,,,,,
حضانة خمسة وستون 65,65 Nursery,البلقاء,السلط,المدينة الرياضية,قرب مدارس السلط الأهلية,KG-HASH-B9CFA36F-14,,,,,,
حضانة جنة الورد,Rose Paradise Nursery,عجلون,عجلون,عين جنا,مبنى البلدية – وسط البلد,KG-HASH-9224266E-14,,,,,,
حضانة الكلمات الأولى,First Words Nursery,عمان,عمان,الصويفية,شارع سعيد المفتي – عمارة 16,KG-HASH-B7734AB4-15,,,,,,
حضانة زين ونانا,Zain & Nana Nursery,البلقاء,السلط,أم عليه,الشارع الرئيسي,KG-HASH-B22FB8B1-14,,,,,,
حضانة أفضل مكان لطفلك,Best Place for Your Child Nursery,إربد,إربد,إربد,,KG-HASH-52700EB7-14,,,,,,
حضانة زهور الليلك,Lilac Flowers Nursery,عمان,عمان,اليوبيل,مقابل مركز صحي أم السوس,KG-HASH-DC055CFC-14,,,,,,
المستوى الرفيع المتميز للتعليم,High Level Distinguished Education,عمان,عمان,الشميساني,شارع ابن الفارض 11,KG-HASH-CE292D29-14,,,,,,
حضانة المملكة الصغيرة,Small Kingdom Nursery,عمان,عمان,ضاحية الياسمين,شارع حفصة بنت عمرو 35,KG-HASH-4409DD81-14,,,,,,
حضانة أحلام المستقبل النموذجية,Dreams of the Future Model Nursery,مادبا,مادبا,الخطابية,الخطابية,KG-HASH-38D0B96A-14,,,,,,
حضانة عبق الربيع,Spring Fragrance Nursery,عمان,عمان,شرق عمان,طبربور – شارع قمر اليافي مقابل حلويات نفيسة,KG-HASH-6C1C8513-14,,,,,,
حضانة الانامل الذهبية,Golden Fingers Nursery,عمان,عمان,شرق عمان,ماركا الشمالية – شارع فاطمة الزهراء – مسجد فاطمة الزهراء,KG-HASH-4235AA00-20,,,,,,
حضانة حكايتي الصغيرة,My Little Story Nursery,عمان,عمان,الجبيهة,مقابل الجمعية العلمية الملكية – ط الأرضي,KG-HASH-41922AC3-20,,,,,,
حضانة براعم السكر,Sugar Buds Nursery,العقبة,العقبة,السكنية الثالثة,شارع العباسيين – بجانب مسجد سعد بن أبي وقاص,KG-HASH-4AA4B4D3-20,,,,,,
حضانة درجات صغيرة,Small Steps Nursery,عمان,عمان,اليوبيل,دوار البرديني – قرب مدارس الإشراق,KG-HASH-FF9AE220-20,,,,,,
حضانة أشكال النموذجية,Shapes Model Nursery,إربد,إربد,خلف مستشفى إربد التخصصي,0772155227,KG-IR-0022,,,,,,
حضانة لطفولة أرقى,Finer Childhood Nursery,الزرقاء,الزرقاء,مدينة الشرق,قرب دوار الطيارة,KG-HASH-0BA37A4E-20,,,,,,
حضانة سلمى وزين,Salma & Zain Nursery,البلقاء,السلط,البقيع,البقيع,KG-HASH-2761F2DE-20,,,,,,
حضانة هلا وغلا,Hala & Ghala Nursery,عمان,عمان,شرق عمان,طبربور – قرب إسكان الجيش – حديقة العهد والوفا – يوسف بني ياسين 9,KG-HASH-4CB76A0C-20,,,,,,
حضانة من الألف إلى الياء,From A to Z Nursery,عمان,عمان,جنوب عمان,مرج الحمام – إسكان عالية – فيلا 30,KG-AM-1101,,,,,,
حضانة الطفل السعيد,Happy Child Nursery,عمان,عمان,شرق عمان,ماركا الشمالية – حمزة – قرب مدرسة الشريف حسين,KG-HASH-0635148B-22,,,,,,
حضانة بدايات عظيمة,Great Beginnings Nursery,عمان,عمان,جبل الحسين,شارع إسماعيل بابوق 5,KG-HASH-6AD2B97C-22,,,,,,
حضانة ديمة النموذجية,Dima Model Nursery,البلقاء,السلط,شفا العامرية,شفا العامرية,KG-HASH-756B81D8-20,,,,,,
حضانة ضحكات الطفولة,Childhood Laughter Nursery,عمان,عمان,الشميساني,بناية 39 – شارع معروف الرصافي,KG-HASH-16722FFC-20,,,,,,
حضانة الأطفال السعداء,Happy Children Nursery,عمان,عمان,اليوبيل,مرج الحمام – شارع نالتشك – قرب مطعم دنيا المشاوي,KG-HASH-BE5F5773-20,,,,,,
حضانة جوان النموذجية,Jawan Model Nursery,الزرقاء,الزرقاء,الهاشمية,الحي الشرقي,KG-HASH-EBD119C2-20,,,,,,
حضانة نور الجبيهة,Nour Al-Jubeiha Nursery,عمان,عمان,الجبيهة,شارع مفلح اللوزي – بناية 32 – مقابل مفروشات شهوان,KG-HASH-68257B5B-20,,,,,,
حضانة وروضة رونق المودة,Ronaq Al-Mawaddah Nursery & KG,عمان,عمان,البيادر,شارع خضر قردن – مقابل النادي الأهلي,KG-HASH-0A2E8BF3-21,,,,,,
حضانة بريق النمارق,Briq Al-Namarq Nursery,البلقاء,السلط,البقعان,بجانب مدرسة فاطمة الزهراء,KG-HASH-C98B3A42-20,,,,,,
حضانة الأرض السعيدة,Happy Land Nursery,عمان,عمان,جنوب عمان,المقابلين – حي الصحابة – شارع عبد الكريم الخطاب,KG-HASH-A21959BA-20,,,,,,
حضانة الحمامي,Al-Hammami Nursery,عمان,عمان,الجبيهة,شارع الريان – أم زويتينة,KG-HASH-6C739D9A-20,,,,,,
أكاديمية مدرسة وروضة جنى دان,Jana Dan Academy & KG,الزرقاء,الزرقاء,بيرين,خلف النبعة,KG-HASH-63D4D1AC-20,,,,,,
حضانة شذى الورد,Shatha Al-Ward Nursery,عمان,عمان,شرق عمان,طبربور – شارع عجاج الهبارنة – قرب مسجد عباد الرحمن,KG-HASH-E4A8221D-20,,,,,,
حضانة بذور الغد,Seeds of Tomorrow Nursery,عمان,عمان,شرق عمان,إسكان الجيش – شارع عبدالقادر الزغول – باتجاه أبو عليا,KG-HASH-B85BE7B2-20,,,,,,
حضانة ناريمان النموذجية,Nariman Model Nursery,الرمثا,الرمثا,الرمثا,مقابل مدرسة جمانة,KG-HASH-A5004523-20,,,,,,
حضانة كوكب المرح الطفولي,Fun Planet Childhood Nursery,العقبة,العقبة,الثامنة,قرب مسجد الكالوتي,KG-HASH-1E3C633A-20,,,,,,
حضانة ورود الربيع,Spring Roses Nursery,البلقاء,السلط,ماحص,شارع المدارس,KG-HASH-3D270AC1-20,,,,,,
حضانة حسام وسبأ الحديثة,Husam & Saba Modern Nursery,إربد,إربد,الحصن,الحي الشرقي – شارع الكلية,KG-HASH-5DF86710-20,,,,,,
حضانة تكوين,Takween Nursery,عمان,عمان,شمال عمان,طلوع الجاذبية – قرب سوبرماركت ياهلا,KG-HASH-9112EFC2-20,,,,,,
حضانة الفطاحلة النموذجية,Al-Fatahilah Model Nursery,إربد,إربد,الحي الجنوبي,جنوب غرب دوار صحارى – 300 متر,KG-HASH-6FF73128-20,,,,,,
حضانة بيت السكاكر,Candy House Nursery,إربد,إربد,الراهبات الوردية,خلف مستشفى الراهبات الوردية – بجانب السور,KG-HASH-B3342EDC-20,,,,,,
حضانة القلب السعيد,Happy Heart Nursery,عمان,عمان,شرق عمان,ضاحية الأمير حسن – قرب مطعم الهنيني,KG-HASH-D57300DD-20,,,,,,
حضانة كوخ الدب,Bear Cabin Nursery,الزرقاء,الزرقاء,الجبل الشمالي,شارع الملك عبد الله الثاني,KG-HASH-7F0FA9DD-20,,,,,,
حضانة الفقاعة المضحكة,Funny Bubble Nursery,عمان,عمان,أم السماق,شارع عطيوي المجالي – بناية 26,KG-HASH-68475EC4-28,,,,,,
حضانة طيور المحبة,Birds of Love Nursery,عمان,عمان,جبل عمان,دوار ثاني – شارع المعتصم 55 – بجانب عمارة قناة الجزيرة,KG-HASH-39B76A94-31,,,,,,
حضانة ريتان,Ritan Nursery,إربد,إربد,الحي الشرقي,خلف حلويات الكت والكات,KG-HASH-63C89E6F-28,,,,,,
حضانة الطفل الأمثل,Best Child Nursery,الزرقاء,الزرقاء,البتراوي,حي البتراوي,KG-HASH-9D52338B-31,,,,,,
حضانة اليوم السعيد,Al-Yawm Al-Saeed Nursery,عمان,عمان,بسمان/جبل النزهة,شارع الكويتية – بناية 15,KG-HASH-2B4CE2CE-15,,,,,,
حضانة فرح النموذجية,Farah Model Nursery,عمان,عمان,جبل الحسين,دوار الداخلية – نزول سرفيس العبدلي,KG-HASH-AA9129EC-15,,,,,,
روضة وحضانة نداء الطفولة,Nadaa Al-Tufulah Nursery & KG,عمان,عمان,شمال عمان,شارع البلدية بعد البنك الإسلامي مقابل ملحمة الخليل,KG-AM-1102,,,,,,
حضانة سيسو النموذجية,Siso Model Nursery,عمان,عمان,خلدا,قرب دوار السكر – مقابل سامح مول,KG-HASH-467ED77E-15,,,,,,
روضة ومدارس أكاديمية ريتال الدولية,Rital International Academy,عمان,عمان,ياجوز,تقاطع جسر ياجوز – شارع الأردن,KG-HASH-9932B088-15,,,,,,
حضانة قوس قزح النموذجية,Rainbow Model Nursery,عمان,عمان,الشميساني,الشميساني,KG-HASH-30C80BA5-15,,,,,,
شركة إبداع الطفولة,Ebdaa Al-Tufulah,عمان,عمان,شمال عمان,شارع شريفة زين – خلف روان كيك,KG-HASH-407914AF-15,,,,,,
حضانة الصياد الصغير,Little Hunter Nursery,عمان,عمان,جنوب عمان,مرج الحمام – شارع محمد بن طلال,KG-HASH-0D22143D-15,,,,,,
الشجرة المباركة للتعليم والاستثمار,Blessed Tree Education,عمان,عمان,شمال عمان,إشارة جبري – خلف بهجت سنتر,KG-HASH-3A27D298-14,,,,,,
حضانة نطاق الألوان المرحة,Color Range Fun Nursery,عمان,عمان,شرق عمان,شفا بدران – بجانب أكاديمية ريماس,KG-HASH-2605B857-15,,,,,,
حضانة زهور صغيرة,Little Flowers Nursery,عمان,عمان,الشميساني,شارع الفيحاء,KG-HASH-4E0BEFAA-15,,,,,,
حضانة المشاكس الصغير,Little Mischief Nursery,عمان,عمان,أم أذينة,شارع الكوفة – بناية 71,KG-HASH-0E557CFF-24,,,,,,
حضانة عبق عجلون النموذجية,Abq Ajloun Model Nursery,عجلون,عجلون,عبين,شارع إربد – مقابل صالة النورس,KG-HASH-5601454A-15,,,,,,
مؤسسة المنهل التربوية,Al-Manhal Educational Institution,عمان,عمان,الجامعة الأردنية,إسكان الجامعة الأردنية,KG-HASH-91358FF4-15,,,,,,
حضانة النحلة الصغيرة,Little Bee Nursery,عمان,عمان,الجاردنز,دخلة مطعم السروات,KG-AM-1103,,,,,,
حضانة مملكة السكر,Sugar Kingdom Nursery,عمان,عمان,شرق عمان,طبربور – شارع أسعد بن زرارة,KG-HASH-49966BEA-15,,,,,,
حضانة طوق الياسمين,Tawq Al-Yasmin Nursery,عمان,عمان,شرق عمان,طبربور – مظهر علاونة – بجانب موسيقات القوات,KG-HASH-984DF634-24,,,,,,
حضانة قمم الأشجار,Tree Tops Nursery,عمان,عمان,الشميساني,عبد الحميد كرامي – بناية 8,KG-HASH-D2C447CD-16,,,,,,
حضانة الخيوط اللامعة,Shining Threads Nursery,عمان,عمان,أبو السوس,إسكان الأمانة – حي الصنوبر,KG-HASH-FCF5F87B-15,,,,,,
حضانة الما وأيلا,Alma & Ayla Nursery,عمان,عمان,شمال عمان,ضاحية الرشيد – قبل سكن أميمة,KG-HASH-46291761-15,,,,,,
حضانة ماما رولا,Mama Rola Nursery,عمان,عمان,شرق عمان,شفا بدران – حي ذهيبة – خلف الكلحة – بناية 3,KG-HASH-51336EBC-15,,,,,,
حضانة حبات التوت,Raspberry Seeds Nursery,عمان,عمان,مرج الحمام,شارع مويى النهار,KG-AM-1104,,,,,,
حضانة أطفال تمارا,Tamara Kids Nursery,عمان,عمان,شمال عمان,خلف مطعم طواحين,KG-HASH-D54CBE34-15,,,,,,
حضانة أزهار بيسان,Bisan Flowers Nursery,عمان,عمان,شرق عمان,الهاشمي الشمالي – حي نايفة – مقابل وزارة الصحة,KG-HASH-F0D51A7A-15,,,,,,
حضانة دانة الدولية,Dana International Nursery,عمان,عمان,شمال عمان,تلاع العلي – خلف الهوليدي إن,KG-HASH-21F6AEA4-15,,,,,,
حضانة سالي وسلمى,Sally & Salma Nursery,عمان,عمان,شمال عمان,الجبيهة – مقابل الأحدث سابقاً,KG-HASH-50F99C52-15,,,,,,
حضانة وسيم النموذجية,Waseem Model Nursery,عمان,عمان,جنوب عمان,الأشرفية – حي أم تينة,KG-HASH-A737AF34-15,,,,,,
حضانة النحلة جولي,Jolly Bee Nursery,عمان,عمان,شرق عمان,طبربور – بجانب جامعة العلوم الإسلامية,KG-HASH-F9383D91-15,,,,,,
حضانة الأكواخ الملونة,Colored Cabins Nursery,عمان,عمان,الشميساني,شارع الجاحظ – مقابل مجمع السعيد,KG-HASH-89BDD1D1-24,,,,,,
حضانة النجوم المتلألئة,Twinkling Stars Nursery,عمان,عمان,اليوبيل,مرج الحمام – شارع نايف بن عاصم,KG-HASH-68E974B2-15,,,,,,
حضانة جنتي للأطفال,My Paradise Nursery,عمان,عمان,شمال عمان,خلدا – شارع المعارف – قرب مدرسة المعارف,KG-HASH-43031B1B-15,,,,,,
حضانة ميرا والمى,Mira & Al-Mi Nursery,عمان,عمان,جنوب عمان,شارع فايزة المعارجة,KG-HASH-7A601E38-15,,,,,,
حضانة عصافير الكرك,Karak Sparrows Nursery,الكرك,الكرك,الكرك,الثنية – الشارع الرئيسي,KG-HASH-B864861A-16,,,,,,
حضانة القطط الصغيرة,Little Kittens Nursery,عمان,عمان,شمال عمان,تلاع العلي – بجانب البشيتي – بناية 3,KG-HASH-F761251C-15,,,,,,
حضانة الطفل الحسن,Good Child Nursery,عمان,عمان,اليوبيل,بيادر وادي السير – الجندويل,KG-HASH-9B7848CF-15,,,,,,
روضة وحضانة أنا الصغير,Ana Al-Saghir Nursery & KG,عمان,عمان,شمال عمان,خرجا – دخلة مدارس الدر المنثور,KG-HASH-1070AA6D-15,,,,,,
حضانة القلب الكبير,Big Heart Nursery,إربد,إربد,إربد,قرب مضافة أبو سالم,KG-HASH-B233B2FD-15,,,,,,
حضانة قرية التوت العالمية,Global Berry Village Nursery,عمان,عمان,عمان المركز,دوار الكيلو – خلف البرجر كنج – عمارة 46,KG-HASH-6E5273CC-15,,,,,,
حضانة الجيل القادم,Next Generation Nursery,عمان,عمان,شمال عمان,المدينة الرياضية – شمس الدين الذهبي,KG-AM-1105,,,,,,
حضانة التباشير البيضاء,White Chalk Nursery,عمان,عمان,بين الدوار 6 وال7,شارع التباشير,KG-HASH-846C96F7-12,,,,,,
حضانة مونلايت,Moonlight Nursery,عمان,عمان,الشميساني,الشميساني,KG-AM-1106,,,,,,
حضانة فيرست ووردز,First Words Preschool,عمان,عمان,الصويفية,شارع سعيد المفتي – عمارة 16,KG-HASH-DDDF528F-13,,,,,,
روضة ومدرسة ليلى للتعليم الحديث,Leila Modern Education KG & School,عمان,عمان,طبربور,شارع محمد العويدات – مجمع 2,KG-AM-1107,,,,,,
حضانة ليتل ليرنرز,Little Learners Nursery,عمان,عمان,الرابية,شارع أنور الخطيب,KG-AM-1108,,,,,,
حضانة العلمي الممتع,Fun Science Nursery,عمان,عمان,اليوبيل,شارع عبد الله غوشة,KG-AM-1109,,,,,,
حضانة ميني مي,Mini Me Nursery,عمان,عمان,خلدا,شارع الأمير زيد,KG-AM-1110,,,,,,
حضانة الانطلاقة,Al Intilaqa Nursery,عمان,عمان,الصويفية,شارع بخيت العيسى,KG-HASH-526522B6-12,,,,,,
حضانة كوكون,Cocoon Nursery,عمان,عمان,الرابية,شارع محمد الخماش,KG-AM-1111,,,,,,
حضانة زهور المستقبل,Future Flowers Nursery,عمان,عمان,الرونق,شارع الأسبح – فيلا 6,KG-HASH-F845F6B6-13,,,,,,
حضانة نهج المعرفة,Nahj Al-Ma’rifa KG,عمان,عمان,الدوار الثامن,الدوار الثامن,KG-AM-1112,,,,,,
روضة بوك أند براش,Book n Brush KG,عمان,عمان,الصويفية,شارع زهدي عصفور,KG-AM-1113,,,,,,
حضانة البدايات المشرقة,Bright Beginnings Nursery,عمان,عمان,أم أذينة,شارع الدمام 48,KG-HASH-D7CFF932-12,,,,,,
حضانة وروضة وورلد كرياتيف,Creative World Nursery & KG,عمان,عمان,الرابية,شارع إبراهيم القطان 22,KG-AM-1114,,,,,,
حضانة الأطفال السعداء (2),Happy Kids Nursery (2),عمان,عمان,السهل,السهل,KG-AM-1115,,,,,,
حضانة السندريلا,Cinderella Nursery,عمان,عمان,جبل الحسين,شارع الملك عبد الله الثاني 2,KG-HASH-0A54A420-12,,,,,,
روضة ينابيع العلم,Yanabe’ Al-Ilm KG,عمان,عمان,البيادر,مقسم العطار – شارع البيادر,KG-AM-1116,,,,,,
حضانة السوبر ناني,Super Nanny Nursery,عمان,عمان,المرج,المرج,KG-HASH-63B6BE81-12,,,,,,
حضانة ميلكي تيث,Milky Teeth KG Nursery,عمان,عمان,خلدا,خلدا,KG-AM-1117,,,,,,
حضانة ستارفيش,Starfish Nursery,عمان,عمان,الرابية,شارع أنوارين مسمار 4,KG-AM-1118,,,,,,
حضانة ليتل هاندز,Little Hands Nursery,عمان,عمان,خلدا,خلدا,KG-AM-1119,,,,,,
حضانة وروضة ستيبينج ستون,Stepping Stone Preschool & Nursery,عمان,عمان,أم السماق,شارع أرتيريا 50,KG-AM-1120,,,,,,
حضانة آدم كيدز,Adam Kids Nursery,عمان,عمان,عبدون,عبدون,KG-AM-1121,,,,,,
حضانة رونق المودة,Ronaq Al-Mawaddah Nursery,عمان,عمان,البيادر,شارع خضر قردن – مقابل النادي الأهلي,KG-HASH-AFC636DF-13,,,,,,
حضانة أمبريلا,Umbrella Nursery,عمان,عمان,اليوبيل,اليوبيل,KG-AM-1122,,,,,,
حضانة وروضة المتفوقين أكاديمي,Al Mutafawqeen Academy KG & School,عمان,عمان,خلدا,شارع أيوب السختياني 14,KG-AM-1123,,,,,,
حضانة منزلي الكبير,My Big House Nursery,عمان,عمان,الشميساني,شارع الشريف ناصر بن جميل 78,KG-AM-1124,,,,,,
روضة أكاديمية الأطفال الرائعين,Wonderful Kids Academy KG,عمان,عمان,اليوبيل,شارع محمد العجلوني,KG-AM-1125,,,,,,
حضانة وروضة كراميل,Caramel Nursery & KG,عمان,عمان,خلدا,شارع الأميرة زينب 63,KG-AM-1126,,,,,,
حضانة بز بي,BuzzBee Nursery,عمان,عمان,خلدا,خلدا,KG-AM-1127,,,,,,
روضة وابه,Wabe KG,عمان,عمان,طبربور,شارع صدقي أبو شقرة,KG-AM-1128,,,,,,
حضانة سيفتي هاوس,Safety House Nursery,عمان,عمان,خلدا,شارع المعارف – خلدا,KG-AM-1129,,,,,,
حضانة ليتل بي,Little Bee Nursery,عمان,عمان,اليوبيل,اليوبيل,KG-AM-1130,,,,,,
روضة و حضانة هيل هاوس,Hill House KG & Nursery,عمان,عمان,الشميساني,شارع محمد علي بدير 37,KG-AM-1131,,,,,,
حضانة سويت آند نوتي,Sweet and Naughty Nursery,عمان,عمان,الشميساني,الشميساني,KG-AM-1132,,,,,,
حضانة كيدز فالي,Kids Valley Nursery,عمان,عمان,الشميساني,شارع يوسف بن تاشفين 5,KG-AM-1133,,,,,,
حضانة ليتل جاردن,Little Garden Pre & Nursery,عمان,عمان,خلدا,خلدا,KG-AM-1134,,,,,,
حضانة راقي الدولية,Raqi International Preschool,عمان,عمان,الرابية,شارع رفاعة بن أوس 46,KG-AM-1135,,,,,,
حضانة السلام,Al-Salam Nursery,عمان,عمان,الكرسي,الكرسي,KG-AM-1136,,,,,,
حضانة ستدي بلاي,Study Play KG,عمان,عمان,خلدا,شارع الشيخ حسين الجسر 44,KG-AM-1137,,,,,,
حضانة فيرست ستيب,First Step Nursery,عمان,عمان,اليوبيل,اليوبيل,KG-AM-1138,,,,,,
حضانة كينزي,Kenzi KG,عمان,عمان,طبربور,شارع فاضل أحمد خليفة 20,KG-AM-1139,,,,,,
حضانة ليتل بروفيسورز أكاديمي,Little Professors Academy,عمان,عمان,خلدا,شارع أبهى 11,KG-AM-1140,,,,,,
حضانة زين,Zain Nursery,عمان,عمان,اليوبيل,شارع الإخلاص 31,KG-AM-1141,,,,,,
حضانة وروضة ليونز كينجدوم,Lions Kingdom Nursery & Pre-school,عمان,عمان,دابوق,شارع يثرب 9,KG-AM-1142,,,,,,
روضة و حضانة المجد الوطنية,Al Majd National Academy KG,عمان,عمان,خلدا,شارع الفقهاء – مجمع 4,KG-AM-1143,,,,,,
حضانة وايت لاينز,White Lines Nursery,عمان,عمان,خلدا,شارع أم الدنانير – خلدا,KG-AM-1144,,,,,,
حضانة لارا,Lara Nursery,عمان,عمان,تلاع العلي,خلف سوبر ماركت الأهالي,KG-HASH-4E021CE0-12,,,,,,
حضانة المشاكس الصغير,Al-Mushakis Al-Saghir Nursery,عمان,عمان,أم أذينة,أم أذينة الشرقي,KG-HASH-0E557CFF-25,,,,,,
حضانة عطر الجوري,Atr Al-Jouri Nursery,عمان,عمان,الياسمين,شارع محمد سالم الثوايب,KG-AM-1145,,,,,,
حضانة وروضة هابي فايسيز,Happy Faces Nursery & Preschool,عمان,عمان,اليوبيل,شارع ثويبة بن حرملة,KG-AM-1146,,,,,,
حضانة آرت كير,Art Care Nursery,عمان,عمان,خلدا,شارع عروة بن أذينة,KG-AM-1147,,,,,,
حضانة وروضة ستيب باي ستيب,Step By Step Preschool,عمان,عمان,الرابية,شارع وديع قسطندي 3,KG-AM-1148,,,,,,
حضانة وروضة ليتل لاند,Little Land Nursery & Preschool,عمان,عمان,الشميساني,شارع الأشعري 15,KG-AM-1149,,,,,,
حضانة دانا,Dana Nursery,عمان,عمان,خلدا,كنيسة كرم إمسيح – خلدا,KG-AM-1150,,,,,,
حضانة بانان دي كير,Banan Daycare,عمان,عمان,اليوبيل,شارع موسى الساكت 76,KG-AM-1151,,,,,,
حضانة كولورز تري,Colors Tree Nursery,عمان,عمان,خلدا,شارع عيسى أبو قدوم 6,KG-AM-1152,,,,,,
حضانة كرادل تو كرايون,Cradle to Crayon Nursery,عمان,عمان,اليوبيل,شارع أحمد عرابي,KG-AM-1153,,,,,,
روضة أيوب,Ayoub KG,عمان,عمان,الشميساني,شارع أحمد أوكلة النصور,KG-AM-1154,,,,,,
روضة و حضانة نحن الأطفال,Nahnu Al-Atfal Nursery & KG,عمان,عمان,جبل الحسين,شارع عز الدين القسام,KG-AM-1155,,,,,,
حضانة وروضة صنلايت,Sunlight Nursery & Pre-School,عمان,عمان,الرابية,شارع نهاوند – الرابية,KG-AM-1156,,,,,,
روضة و حضانة عالم الصغار,Aalam Al-Sighar Nursery & KG,عمان,عمان,الشميساني,شارع أسيد بن ثعلبة,KG-AM-1157,,,,,,
حضانة كُن طفلًا,Kun Tiflan Nursery,عمان,عمان,اليوبيل,شارع تعز,KG-AM-1158,,,,,,
حضانة هابي داي,Happy Day Nursery,عمان,عمان,اليوبيل,شارع النزهة 15,KG-AM-1159,,,,,,
حضانة لحن الحياة,Lahn Al-Hayat Nursery,عمان,عمان,جنوب عمان,إسحاق بن حنين – الياسمين – بناية 7,KG-HASH-BFA7C561-3,,,,,,
حضانة طلال ونورة,Talal wa Noura Nursery,عمان,عمان,الرابية,شارع عرار 205,KG-AM-1160,,,,,,
حضانة كيه سيتي,K-City Nursery,عمان,عمان,تلاع العلي,شارع سامر رمّانة,KG-AM-1161,,,,,,
حضانة نجوم المرج النموذجية,Nujoom Al-Murj Model Nursery,عمان,عمان,المرج,المرج,KG-AM-1162,,,,,,
حضانة تري توبس,Tree Tops Nursery,عمان,عمان,الشميساني,شارع عبد الحميد كرامي,KG-HASH-AE47A5BB-16,,,,,,
روضة هابي هارت,Happy Heart Kindergarten,عمان,عمان,اليوبيل,مجمع النور – شارع محمد بن غطوس,KG-AM-1163,,,,,,
حضانة بامبل بي,Bumble Bee Preschool,عمان,عمان,الرابية,شارع تبريز,KG-AM-1164,,,,,,
حضانة الما وايلا,Alma and Ayla Nursery,عمان,عمان,ضاحية الرشيد,قبل سكن أميمة,KG-HASH-5755C175-15,,,,,,
حضانة ليديبرد,Ladybird Nursery,عمان,عمان,الشميساني,شارع يوسف بن تاشفين,KG-AM-1165,,,,,,
حضانة داندون,Dandoon Nursery,عمان,عمان,خلدا,شارع عبد الله الأعزب,KG-AM-1166,,,,,,
حضانة إيرلي بيرد (تلاع العلي),Early Bird Nursery (Tala Al-Ali),عمان,عمان,تلاع العلي,مجمع 44 – شارع عبد الحليم عباس,KG-AM-1167,,,,,,
روضة الطفل السعيد,Al-Tifl Al-Saeed KG,عمان,عمان,شرق عمان,ماركا الشمالية – حمزة,KG-HASH-BCCAE8EB-15,,,,,,
حضانة هيا سبراوتس,Haya Sprouts Preschool,عمان,عمان,خلدا,شاكر بن زيد,KG-AM-1168,,,,,,
حضانة بيتي الصغير,My Little Home Nursery,عمان,عمان,شمال عمان,يوسف بن تاشفين 20 – الشميساني,KG-HASH-A45EF066-15,,,,,,
روضة كيدز واي,Kids Way Kindergarten,عمان,عمان,خلدا,شارع الأوزاعي – مجمع 11,KG-AM-1169,,,,,,
حضانة جريت بيجينينجز,Great Beginnings Child Care,عمان,عمان,جبل الحسين,شارع إسماعيل بابوق,KG-HASH-3561F16A-15,,,,,,
حضانة ليتل ستيبس,Little Steps Nursery,عمان,عمان,خلدا,شارع الشيخ حسين الجسر,KG-AM-1170,,,,,,
حضانة رايت ستارت,Right Start Nursery,عمان,عمان,اليوبيل,اليوبيل,KG-AM-1171,,,,,,
روضة الأصدقاء المبدعين,Creative Friends KG,عمان,عمان,خلدا,شارع عبد الله بن مسعود 20,KG-AM-1172,,,,,,
حضانة الجيل القادم,Next Generation Nursery,عمان,عمان,شمال عمان,المدينة الرياضية – شمس الدين الذهبي,KG-HASH-26164CE9-15,,,,,,
حضانة ليتل فلاورز,Little Flowers Day Nursery,عمان,عمان,خلدا,خلدا,KG-AM-1173,,,,,,
حضانة كيدز ستيبس,Kids Steps Nursery,عمان,عمان,الرابية,شارع تلمسان – مجمع 5,KG-AM-1174,,,,,,
حضانة شيري تري,Cherry Tree Nursery,عمان,عمان,جبل الحسين,شارع محمد جمجوم – مجمع 2,KG-AM-1175,,,,,,
حضانة ثراء كيدز,Thraa Kids Nursery,عمان,عمان,شرق عمان,شرق عمان,KG-AM-1176,,,,,,
حضانة الفقاعة المضحكة,Funny Bubble Nursery,عمان,عمان,أم السماق,شارع عطيوي المجالي – بناية 26,KG-HASH-68475EC4-29,,,,,,
حضانة طيور المحبة,Birds of Love Nursery,عمان,عمان,جبل عمان,دوار ثاني – شارع المعتصم 55 – بجانب عمارة قناة الجزيرة,KG-HASH-39B76A94-32,,,,,,
حضانة ريتان,Ritan Nursery,إربد,إربد,الحي الشرقي,خلف حلويات الكت والكات,KG-HASH-63C89E6F-29,,,,,,
حضانة الطفل الأمثل,Best Child Nursery,الزرقاء,الزرقاء,البتراوي,حي البتراوي,KG-HASH-9D52338B-32,,,,,,
حضانة أطفال الرونق,Ronaq Kids Nursery,عمان,عمان,الرونق,شارع محمد علي حسين الكردي – عمارة 30,KG-HASH-F80BBEEE-15,,,,,,
حضانة البالون,Balloon Nursery,عمان,عمان,الدوار السابع,بجانب فندق جنيفا,KG-HASH-B3A79E1B-15,,,,,,
حضانة براعم الرمثا التعليمية والنموذجية,Baraem Al-Ramtha Educational & Model,الرمثا,الرمثا,الرئيسي,الرئيسي,KG-HASH-E7F2DA07-15,,,,,,
حضانة النبات السليم,Healthy Plant Nursery,عمان,عمان,طبربور,حي الشهيد الجنوبي,KG-HASH-F9974F8A-15,,,,,,
حضانة أرض النجوم,Land of Stars Nursery,عمان,عمان,ضاحية الرشيد,مقابل مدرسة تقارب,KG-HASH-2AB7CA43-16,,,,,,
حضانة صقور العزة,Falcons of Pride Nursery,عمان,عمان,أبو نصير,شارع السعادة,KG-HASH-0CF80CD3-15,,,,,,
حضانة أطفال التوت البري,Wild Berry Kids Nursery,عمان,عمان,اليوبيل,شارع عبدالله غوشة – بجانب مسجد أحد,KG-HASH-6F0E538C-15,,,,,,
حضانة أنس وأمير,Anas & Amir Nursery,عمان,عمان,الجبيهة,حي الريان – شارع المريري,KG-HASH-4EF9D4C1-15,,,,,,
حضانة ألوان الفرح للأطفال,Colors of Joy Nursery,عمان,عمان,شرق عمان,حي العبداللات – بجانب مدرسة الكندي,KG-HASH-74D75DC4-15,,,,,,
حضانة أحمد وضحى,Ahmed & Dahaa Nursery,إربد,إربد,الصريح,الصريح,KG-HASH-09CFD651-15,,,,,,
حضانة البداية السعيدة النموذجية,Happy Beginning Model Nursery,عمان,عمان,اليوبيل,شارع المدينة المنورة,KG-HASH-660684B1-15,,,,,,
حضانة أنا وأخي نمرح,Me & My Brother Play Nursery,مادبا,مادبا,اليرموك,شارع اليرموك,KG-HASH-9CFA6D03-15,,,,,,
حضانة جود وميرا,Jood & Mira Nursery,الزرقاء,الزرقاء,جبل المغير,قرب صيدلية شمع العسل,KG-HASH-39A390C9-15,,,,,,
حضانة ضوء القمر,Moonlight Nursery,عمان,عمان,الصويفية,قرب قرية الصويفية – شارع زكي الصويتي,KG-HASH-A1634816-15,,,,,,
حضانة بيت الحلوة للأطفال,Sweet Home Kids Nursery,عمان,عمان,الجاردنز,خلف مدارس الرأي – عمارة 20,KG-HASH-D1B5B898-15,,,,,,
حضانة الطفل العربي,Arab Child Nursery,إربد,إربد,الحي الشرقي,قرب أسواق المؤسسة العسكرية,KG-HASH-B8E907D2-15,,,,,,
حضانة حبايبنا,Our Darlings Nursery,إربد,إربد,النعيمة,النعيمة,KG-HASH-946430F8-15,,,,,,
حضانة الخطوات التعليمية,Educational Steps Nursery,عجلون,عجلون,عبين,خلف مطعم داريا – شارع إربد–عجلون,KG-HASH-A36C5601-15,,,,,,
حضانة فوفو ودودو,Fufu & Dodo Model Nursery,عمان,عمان,مرج الحمام,حي الأمير حمزة,KG-HASH-CC4AA39E-15,,,,,,
حضانة ورود المستقبل,Future Roses Nursery,عمان,عمان,الرونق,شارع الأصبه – بناية 6,KG-HASH-9EBF0C55-16,,,,,,
حضانة الانطباعات الأولى,First Impressions Nursery,إربد,إربد,الراهبات الوردية,غرب مسجد أبو دلو,KG-HASH-18EA009C-15,,,,,,
حضانة بابا سنفور,Papa Smurf Nursery,إربد,إربد,إربد,إربد,KG-HASH-C96222D2-15,,,,,,
حضانة جمعية الشابات المسيحية الخيرية-الفحيص,YWCA Al-Fuheis Nursery,البلقاء,السلط,الفحيص,خلف بيت الفحيص – شارع صبيان الحصان,KG-HASH-E90DA012-15,,,,,,
حضانة رياحين الجنة,Breezes of Paradise Nursery,عمان,عمان,شرق عمان,الهاشمي الشمالي – شارع الحارث العبدي,KG-HASH-5E4BFD57-15,,,,,,
حضانة خمسة وستون 65,65 Nursery,البلقاء,السلط,المدينة الرياضية,قرب مدارس السلط الأهلية,KG-HASH-B9CFA36F-15,,,,,,
حضانة جنة الورد,Rose Paradise Nursery,عجلون,عجلون,عين جنا,مبنى البلدية – وسط البلد,KG-HASH-9224266E-15,,,,,,
حضانة الكلمات الأولى,First Words Nursery,عمان,عمان,الصويفية,شارع سعيد المفتي – عمارة 16,KG-HASH-B7734AB4-16,,,,,,
حضانة زين ونانا,Zain & Nana Nursery,البلقاء,السلط,أم عليه,الشارع الرئيسي,KG-HASH-B22FB8B1-15,,,,,,
حضانة أفضل مكان لطفلك,Best Place for Your Child Nursery,إربد,إربد,إربد,,KG-HASH-52700EB7-15,,,,,,
حضانة زهور الليلك,Lilac Flowers Nursery,عمان,عمان,اليوبيل,مقابل مركز صحي أم السوس,KG-HASH-DC055CFC-15,,,,,,
المستوى الرفيع المتميز للتعليم,High Level Distinguished Education,عمان,عمان,الشميساني,شارع ابن الفارض 11,KG-HASH-CE292D29-15,,,,,,
حضانة المملكة الصغيرة,Small Kingdom Nursery,عمان,عمان,ضاحية الياسمين,شارع حفصة بنت عمرو 35,KG-HASH-4409DD81-15,,,,,,
حضانة أحلام المستقبل النموذجية,Dreams of the Future Model Nursery,مادبا,مادبا,الخطابية,الخطابية,KG-HASH-38D0B96A-15,,,,,,
حضانة عبق الربيع,Spring Fragrance Nursery,عمان,عمان,شرق عمان,طبربور – شارع قمر اليافي مقابل حلويات نفيسة,KG-HASH-6C1C8513-15,,,,,,
حضانة الانامل الذهبية,Golden Fingers Nursery,عمان,عمان,شرق عمان,ماركا الشمالية – شارع فاطمة الزهراء – مسجد فاطمة الزهراء,KG-HASH-4235AA00-21,,,,,,
حضانة حكايتي الصغيرة,My Little Story Nursery,عمان,عمان,الجبيهة,مقابل الجمعية العلمية الملكية – ط الأرضي,KG-HASH-41922AC3-21,,,,,,
حضانة براعم السكر,Sugar Buds Nursery,العقبة,العقبة,السكنية الثالثة,شارع العباسيين – بجانب مسجد سعد بن أبي وقاص,KG-HASH-4AA4B4D3-21,,,,,,
حضانة درجات صغيرة,Small Steps Nursery,عمان,عمان,اليوبيل,دوار البرديني – قرب مدارس الإشراق,KG-HASH-FF9AE220-21,,,,,,
حضانة أشكال النموذجية,Shapes Model Nursery,إربد,إربد,خلف مستشفى إربد التخصصي,0772155227,KG-IR-0023,,,,,,
حضانة لطفولة أرقى,Finer Childhood Nursery,الزرقاء,الزرقاء,مدينة الشرق,قرب دوار الطيارة,KG-HASH-0BA37A4E-21,,,,,,
حضانة سلمى وزين,Salma & Zain Nursery,البلقاء,السلط,البقيع,البقيع,KG-HASH-2761F2DE-21,,,,,,
حضانة هلا وغلا,Hala & Ghala Nursery,عمان,عمان,شرق عمان,طبربور – قرب إسكان الجيش – حديقة العهد والوفا – يوسف بني ياسين 9,KG-HASH-4CB76A0C-21,,,,,,
حضانة من الألف إلى الياء,From A to Z Nursery,عمان,عمان,جنوب عمان,مرج الحمام – إسكان عالية – فيلا 30,KG-AM-1177,,,,,,
حضانة الطفل السعيد,Happy Child Nursery,عمان,عمان,شرق عمان,ماركا الشمالية – حمزة – قرب مدرسة الشريف حسين,KG-HASH-0635148B-23,,,,,,
حضانة بدايات عظيمة,Great Beginnings Nursery,عمان,عمان,جبل الحسين,شارع إسماعيل بابوق 5,KG-HASH-6AD2B97C-23,,,,,,
حضانة ديمة النموذجية,Dima Model Nursery,البلقاء,السلط,شفا العامرية,شفا العامرية,KG-HASH-756B81D8-21,,,,,,
حضانة ضحكات الطفولة,Childhood Laughter Nursery,عمان,عمان,الشميساني,بناية 39 – شارع معروف الرصافي,KG-HASH-16722FFC-21,,,,,,
حضانة الأطفال السعداء,Happy Children Nursery,عمان,عمان,اليوبيل,مرج الحمام – شارع نالتشك – قرب مطعم دنيا المشاوي,KG-HASH-BE5F5773-21,,,,,,
حضانة جوان النموذجية,Jawan Model Nursery,الزرقاء,الزرقاء,الهاشمية,الحي الشرقي,KG-HASH-EBD119C2-21,,,,,,
حضانة نور الجبيهة,Nour Al-Jubeiha Nursery,عمان,عمان,الجبيهة,شارع مفلح اللوزي – بناية 32 – مقابل مفروشات شهوان,KG-HASH-68257B5B-21,,,,,,
حضانة وروضة رونق المودة,Ronaq Al-Mawaddah Nursery & KG,عمان,عمان,البيادر,شارع خضر قردن – مقابل النادي الأهلي,KG-HASH-0A2E8BF3-22,,,,,,
حضانة بريق النمارق,Briq Al-Namarq Nursery,البلقاء,السلط,البقعان,بجانب مدرسة فاطمة الزهراء,KG-HASH-C98B3A42-21,,,,,,
حضانة الأرض السعيدة,Happy Land Nursery,عمان,عمان,جنوب عمان,المقابلين – حي الصحابة – شارع عبد الكريم الخطاب,KG-HASH-A21959BA-21,,,,,,
حضانة الحمامي,Al-Hammami Nursery,عمان,عمان,الجبيهة,شارع الريان – أم زويتينة,KG-HASH-6C739D9A-21,,,,,,
أكاديمية مدرسة وروضة جنى دان,Jana Dan Academy & KG,الزرقاء,الزرقاء,بيرين,خلف النبعة,KG-HASH-63D4D1AC-21,,,,,,
حضانة شذى الورد,Shatha Al-Ward Nursery,عمان,عمان,شرق عمان,طبربور – شارع عجاج الهبارنة – قرب مسجد عباد الرحمن,KG-HASH-E4A8221D-21,,,,,,
حضانة بذور الغد,Seeds of Tomorrow Nursery,عمان,عمان,شرق عمان,إسكان الجيش – شارع عبدالقادر الزغول – باتجاه أبو عليا,KG-HASH-B85BE7B2-21,,,,,,
حضانة ناريمان النموذجية,Nariman Model Nursery,الرمثا,الرمثا,الرمثا,مقابل مدرسة جمانة,KG-HASH-A5004523-21,,,,,,
حضانة كوكب المرح الطفولي,Fun Planet Childhood Nursery,العقبة,العقبة,الثامنة,قرب مسجد الكالوتي,KG-HASH-1E3C633A-21,,,,,,
حضانة ورود الربيع,Spring Roses Nursery,البلقاء,السلط,ماحص,شارع المدارس,KG-HASH-3D270AC1-21,,,,,,
حضانة حسام وسبأ الحديثة,Husam & Saba Modern Nursery,إربد,إربد,الحصن,الحي الشرقي – شارع الكلية,KG-HASH-5DF86710-21,,,,,,
حضانة تكوين,Takween Nursery,عمان,عمان,شمال عمان,طلوع الجاذبية – قرب سوبرماركت ياهلا,KG-HASH-9112EFC2-21,,,,,,
حضانة الفطاحلة النموذجية,Al-Fatahilah Model Nursery,إربد,إربد,الحي الجنوبي,جنوب غرب دوار صحارى – 300 متر,KG-HASH-6FF73128-21,,,,,,
حضانة بيت السكاكر,Candy House Nursery,إربد,إربد,الراهبات الوردية,خلف مستشفى الراهبات الوردية – بجانب السور,KG-HASH-B3342EDC-21,,,,,,
حضانة القلب السعيد,Happy Heart Nursery,عمان,عمان,شرق عمان,ضاحية الأمير حسن – قرب مطعم الهنيني,KG-HASH-D57300DD-21,,,,,,
حضانة كوخ الدب,Bear Cabin Nursery,الزرقاء,الزرقاء,الجبل الشمالي,شارع الملك عبد الله الثاني,KG-HASH-7F0FA9DD-21,,,,,,
حضانة الفقاعة المضحكة,Funny Bubble Nursery,عمان,عمان,أم السماق,شارع عطيوي المجالي – بناية 26,KG-HASH-68475EC4-30,,,,,,
حضانة طيور المحبة,Birds of Love Nursery,عمان,عمان,جبل عمان,دوار ثاني – شارع المعتصم 55 – بجانب عمارة قناة الجزيرة,KG-HASH-39B76A94-33,,,,,,
حضانة ريتان,Ritan Nursery,إربد,إربد,الحي الشرقي,خلف حلويات الكت والكات,KG-HASH-63C89E6F-30,,,,,,
حضانة الطفل الأمثل,Best Child Nursery,الزرقاء,الزرقاء,البتراوي,حي البتراوي,KG-HASH-9D52338B-33,,,,,,
روضة ومدارس اكادميه ريتال الدوليه/شركة التعاون للتعليم والاس,,,,فرع شمال عمان,تقاطع جسر ياجوز شارع الاردن,KG-HASH-E0629C83-2,,,,1.html,فرع شمال عمان,New unique record extracted from HTML source.
شركة فيصل ورندة البيايضة / حضانة الصياد الصغير,,,,فرع جنوب عمان,مرج الحمام شارع محمد بن طلال بن محمد,KG-HASH-6240C5AF-2,,,,1.html,فرع جنوب عمان,New unique record extracted from HTML source.
حضانة عبق عجلون النموذجيه خلدون عبد الرحمن قاسم المومني,,,,فرع عجلون,عجلون عبين شارع اربد مقابل صالة النورس,KG-HASH-383AB546-2,,,,1.html,فرع عجلون,New unique record extracted from HTML source.
شركةمؤسسه المنهل التربويه,,,,فرع شمال عمان,عمان اسكان الجامعه الاردنيه,KG-HASH-C54B3D43-2,,,,1.html,فرع شمال عمان,New unique record extracted from HTML source.
معتصم و علي حياصات,,,,فرع السلط,الصافح,KG-HASH-BDE62138-1,,,,1.html,فرع السلط,New unique record extracted from HTML source.
حضانة نبال,,,,فرع السلط,السلط/البقيع,KG-HASH-B0770603-2,,,,1.html,فرع السلط,New unique record extracted from HTML source.
حضانة بلوتو,,,,فرع اربد,اربد-الحي الشرقي- شرق الملعب البلدي,KG-HASH-6C99F2A8-1,,,,1.html,فرع اربد,New unique record extracted from HTML source.
حضانة حلا الحلوين,,,,فرع السلط,قرب جامعة البلقاء-طريق بطنا الرئيسي,KG-HASH-AC88F6AD-1,,,,1.html,فرع السلط,New unique record extracted from HTML source.
حضانه شعاع الشمس / نداء حسنى راشد الخزاعى,,,,فرع اليوبيل,وادي السير,KG-HASH-DF5C6B1A-1,,,,1.html,فرع اليوبيل,New unique record extracted from HTML source.
شركة العبيسات والخضيرات/حضانة طوق الياسمين,,,,فرع شرق عمان,طبربور/مظهر علاونة/بجانب موسيقات القوات المسلحة اسكان الضباط,KG-HASH-33DB6FE2-2,,,,1.html,فرع شرق عمان,New unique record extracted from HTML source.
نها عطا خليل ابو الشعر / حضانة ماما رولا,,,,فرع شرق عمان,عمان - شفا بدران - حي ذهيبه خلف مطعم الكلحه بناية 3,KG-HASH-9CBD52CC-2,,,,1.html,فرع شرق عمان,New unique record extracted from HTML source.
حضانة العبقري الصغير,,,,فرع اربد,اربد/ايدون/قرب دوار النسيم,KG-HASH-935B9BA9-1,,,,1.html,فرع اربد,New unique record extracted from HTML source.
حضانة غزل البنات,,,,فرع شرق عمان,طبربور طارق شارع عبد المهدي المراطي مقابل السهل الاخضر,KG-HASH-B8053318-2,,,,1.html,فرع شرق عمان,New unique record extracted from HTML source.
حضانة ايناس الفراهيد,,,,فرع شمال عمان,تلاع العلي,KG-HASH-FC0612A1-1,,,,1.html,فرع شمال عمان,New unique record extracted from HTML source.
شركة الكروان لتجارة المواد الغذائيه/حضانة البدايات المشرقه الدولية,,,,فرع عمان المركز,عمان ام اذينه,KG-HASH-61390352-2,,,,1.html,فرع عمان المركز,New unique record extracted from HTML source.
حضانة غاده الاطفال,,,,فرع جنوب عمان,عمان_جبل التاج/قرب محول الكهرباءالشارع الرئيسي,KG-HASH-A4E1F76B-1,,,,1.html,فرع جنوب عمان,New unique record extracted from HTML source.
حضانة بيت ستي,,,,فرع اربد,دوار القبه،مقابل شركة الكهرباء,KG-HASH-B9FA9131-1,,,,1.html,فرع اربد,New unique record extracted from HTML source.
حضانة خطوات ناعمة/سابقا حضانة انا واصحابي,,,,فرع شمال عمان,تلاع العلي /خلف اسواق السلطان,KG-HASH-8333A956-1,,,,1.html,فرع شمال عمان,New unique record extracted from HTML source.
حضانة اسوار الحديقه الصغيره,,,,فرع شمال عمان,دخلة شركة بيجو بعد الدوار اول دخلة شمال بناية رقم 11,KG-HASH-422F6D46-1,,,,1.html,فرع شمال عمان,New unique record extracted from HTML source.
حضانة نايا,,,,فرع السلط,الفحيص - طريق البكالوريا,KG-HASH-499B0AAC-1,,,,1.html,فرع السلط,New unique record extracted from HTML source.
حضانة سنابل الربيع النموذجيه,,,,فرع الكرك,البوابه الجنوبيه,KG-HASH-06E05A08-1,,,,1.html,فرع الكرك,New unique record extracted from HTML source.
حضانة نايا وردينا,,,,فرع السلط,شارع البكالوريا,KG-HASH-36C7AF83-1,,,,1.html,فرع السلط,New unique record extracted from HTML source.
حضانة رؤى النموذجيه,,,,فرع اليوبيل,مرج الحمام - شارع البيان,KG-HASH-93BC8731-1,,,,1.html,فرع اليوبيل,New unique record extracted from HTML source.
شركة حضانة النجوم المتلالئة,,,,فرع اليوبيل,مرج الحمام شارع نايف بن عاصم,KG-HASH-DC0A85BE-2,,,,1.html,فرع اليوبيل,New unique record extracted from HTML source.
شركه روضه الانامل المبدعه,,,,فرع اليوبيل,دير غبار,KG-HASH-B6FE751C-2,,,,1.html,فرع اليوبيل,New unique record extracted from HTML source.
الحضانه البرونزيه,,,,فرع اليوبيل,الصويفيه/ش صلاح طوقان/عماره44,KG-HASH-25EED9C1-2,,,,1.html,فرع اليوبيل,New unique record extracted from HTML source.
حضانه نور,,,,فرع عمان المركز,الرابيه -الضاحيه الحسين,KG-HASH-D0B76068-1,,,,1.html,فرع عمان المركز,New unique record extracted from HTML source.
روضة وحضانة ادم,,,,فرع اليوبيل,عبدون الشمالي /شارع علي سيدو الكردي,KG-HASH-5C9404A3-2,,,,1.html,فرع اليوبيل,New unique record extracted from HTML source.
علا عامر عاشور دعنا- حضانة الكنغر,,,,فرع عمان المركز,ام اذينه-خلف ابراج السادس-الدوار السادس-بجانب المركز الصيني,KG-HASH-1BA17FD0-1,,,,1.html,فرع عمان المركز,New unique record extracted from HTML source.
حضانة الق الشميساني,,,,فرع عمان المركز,الشمساني ش عبداللع بن عباس,KG-HASH-94AB912D-1,,,,1.html,فرع عمان المركز,New unique record extracted from HTML source.
حضانة الخنفساء الصغيرة,,,,فرع شمال عمان,الشميساني خلف السيفوي,KG-HASH-5C98A0B6-1,,,,1.html,فرع شمال عمان,New unique record extracted from HTML source.
روضة وحضانة ذكريات الطفوله,,,,فرع اربد,شارع بغداد-غرب اشارة الدرواشة,KG-HASH-4C787241-1,,,,1.html,فرع اربد,New unique record extracted from HTML source.
حضانه الطفل الحلو/سويت بيبي,,,,فرع شمال عمان,الشميساني خلف الماريوت قرب وزاره المياه,KG-HASH-137F8472-1,,,,1.html,فرع شمال عمان,New unique record extracted from HTML source.
حضانة وروضة المدرسة الذكية للطفل النجم,,,,فرع شمال عمان,ضاحية الرشيد/21/ خلف مركز الحسين للسرطان,KG-HASH-DB3151B5-1,,,,1.html,فرع شمال عمان,New unique record extracted from HTML source.
شركة سماره والدغليس,,,,فرع شمال عمان,قرب دوار خلدا قرب اكاديمية عمان,KG-HASH-BBB430F8-1,,,,1.html,فرع شمال عمان,New unique record extracted from HTML source.
حضانة الاوقات السعيده,,,,فرع شمال عمان,تلاع العلي مقابل مسجد التلاوي,KG-HASH-BCCAE61E-1,,,,1.html,فرع شمال عمان,New unique record extracted from HTML source.
حضانة وردي وازرق,,,,فرع شمال عمان,سوق السلطان بعد دخلة صيدلية خالد,KG-HASH-C5BCB1CC-1,,,,1.html,فرع شمال عمان,New unique record extracted from HTML source.
حضانة اولادي الصغار,,,,فرع شرق عمان,ماركا الجنوبية- نادي السباق-حي الأمير حسن بناية14,KG-HASH-5A5E2752-1,,,,1.html,فرع شرق عمان,New unique record extracted from HTML source.
حضانة جنى ونايا,,,,فرع شرق عمان,شفا بدران الشارع الرئيسي مقابل مجمع مكه المكرمه,KG-HASH-11EF8AF8-1,,,,1.html,فرع شرق عمان,New unique record extracted from HTML source.
حضانه احلى الاجواء للاطفال,,,,فرع اليوبيل,ضاحيه الامير راشد,0,,,,1.html,فرع اليوبيل,New unique record extracted from HTML source.
شركة عدنان فقيسي ومحمد القطامي/حضانة الحضن الدافىء,,,,فرع شرق عمان,النصر حي الامير حسن مقابل مدارس الناصر,KG-HASH-4192A2AA-1,,,,1.html,فرع شرق عمان,New unique record extracted from HTML source.
حضانه عايدة,,,,فرع السلط,عين الباشا / التطوير الحضري,KG-HASH-4D461A64-2,,,,1.html,فرع السلط,New unique record extracted from HTML source.
حضانه هنا لنكبر,,,,فرع اليوبيل,الدوار السابع عماره رقم 2 ط ارضي بجانب السفاره السيريلانكيه,KG-HASH-FD3311DF-2,,,,1.html,فرع اليوبيل,New unique record extracted from HTML source.
حضانة شجرة الكرز,,,,فرع عمان المركز,جبل الحسين خلف دوار الداخلية - خلف المركز الصحي,KG-HASH-EEC9B9AB-1,,,,1.html,فرع عمان المركز,New unique record extracted from HTML source.
حضانة طريق المستقبل,,,,فرع اربد,اربد/ خلف مستشفى القواسمي,KG-HASH-A69ADDF8-1,,,,1.html,فرع اربد,New unique record extracted from HTML source.
المدارس العمريه المساهمه الخصوصيه المحدوده,,,,فرع شمال عمان,عمان / تلاع العلي / حي البستان,KG-HASH-EBE4269E-2,,,,1.html,فرع شمال عمان,New unique record extracted from HTML source.
شركة البرج للتربية والتعليم/ مدارس البرج للتربية والتعليم,,,,فرع اليوبيل,الدوار السابع مقابل نادي السيارات الملكي,KG-HASH-6003AB46-1,,,,1.html,فرع اليوبيل,New unique record extracted from HTML source.
حضانة جمعية الشابات المسيحيه,,,,فرع السلط,الفحيص ام عليق,KG-HASH-A05A99D1-1,,,,1.html,فرع السلط,New unique record extracted from HTML source.
حضانه نعمه الله,,,,فرع شرق عمان,طبربور / منطقه طارق خلف الامانه شارع العيزريه,KG-HASH-0BBBF6FC-1,,,,1.html,فرع شرق عمان,New unique record extracted from HTML source.
حضانة زهرة التوليب,,,,فرع الزرقاء,الزرقاء/الزرقاء الجديدة/ش.واصل بن عطاء/,KG-HASH-76F58A59-1,,,,1.html,فرع الزرقاء,New unique record extracted from HTML source.
حضانة الدلال,,,,فرع السلط,السلط - المغاريب,KG-HASH-4C21AA9B-2,,,,1.html,فرع السلط,New unique record extracted from HTML source.
حضانه جبل التاج النموذجيه,,,,فرع جنوب عمان,اليرموك/حي جبل التاج/ شارع المنسي,KG-HASH-1369F889-1,,,,1.html,فرع جنوب عمان,New unique record extracted from HTML source.
حضانة نبات حسن النموذجيه,,,,فرع شرق عمان,طبربور/الشهيد الشمالي/9 ش جميل شاكر/مقابل هيئة الاتصالات,KG-HASH-BFCCA6AA-2,,,,1.html,فرع شرق عمان,New unique record extracted from HTML source.
حضانة هتوف,,,,فرع اربد,اربد- الحي الشرقي- غرب دوار الشهداء,KG-HASH-5682239D-1,,,,1.html,فرع اربد,New unique record extracted from HTML source.
حضانه نيروخ النموذجية,,,,فرع جنوب عمان,الاشرفية شارع حسبان رقم المبنى 11,KG-HASH-E3547300-1,,,,1.html,فرع جنوب عمان,New unique record extracted from HTML source.
حضانة ابن العز,,,,فرع شرق عمان,عمان -طبربور - الخزنه ش حسين عبد الله المجاغفه,KG-HASH-05F40C1A-1,,,,1.html,فرع شرق عمان,New unique record extracted from HTML source.
حضانة ارض الحلوى,,,,فرع شمال عمان,بقرب مدارس المعارف,KG-HASH-5B964B51-1,,,,1.html,فرع شمال عمان,New unique record extracted from HTML source.
حضانة عالم الصغار,,,,فرع عمان المركز,الشميساني / خلف جامع الفيحاء شارع اسيد بن ثعلبه,KG-HASH-7ADE73A6-2,,,,1.html,فرع عمان المركز,New unique record extracted from HTML source.
حضانة هبوش,,,,فرع شرق عمان,عمان - شفا بدران - ش حمدان الحجاج مقابل مدرسة المبادئ العلمي,KG-HASH-3CBCFBD6-1,,,,1.html,فرع شرق عمان,New unique record extracted from HTML source.
حضانة احلى عالم,,,,فرع اربد,اربد- ايدون - الشارع الرئيسي,KG-HASH-B0C99406-1,,,,1.html,فرع اربد,New unique record extracted from HTML source.
شركة حضانة كتيب الاطفال,,,,فرع اليوبيل,مرج الحمام/ضاحية النخيل,KG-HASH-84B131C2-1,,,,1.html,فرع اليوبيل,New unique record extracted from HTML source.
حضانة العب واكبر,,,,فرع اليوبيل,الجندويل,KG-HASH-9C2612A0-1,,,,1.html,فرع اليوبيل,New unique record extracted from HTML source.
حضانة نكبر ونتعلم معا,,,,فرع اليوبيل,وادي السير حي الروابي شارع عبدالرحمن خليفة,KG-HASH-5018E71E-1,,,,2.html,فرع اليوبيل,New unique record extracted from HTML source.
حضانة نادي السندباد,,,,فرع شمال عمان,خلف مجمع بهجت جاردنز,KG-HASH-E512026C-1,,,,2.html,فرع شمال عمان,New unique record extracted from HTML source.
حضانة متعة التعلم,,,,فرع اربد,بجانب ارابيلا مول دخلة شارع نور رشيد خريس,KG-HASH-2F8CA26E-1,,,,2.html,فرع اربد,New unique record extracted from HTML source.
روضه وحضانه جنه الطفل,,,,فرع عمان المركز,جبل اللويبدة /م0مكتبه الجامعه/ م بنك القاهره اللويبده,KG-HASH-E4C2CB52-1,,,,2.html,فرع عمان المركز,New unique record extracted from HTML source.
حضانة علاء الدين الحساسنه,,,,فرع الطفيلة,الطفيله/واد زيد/جانب المستشفى العسكري,KG-HASH-92E71852-1,,,,2.html,فرع الطفيلة,New unique record extracted from HTML source.
حضانة اشبال المستقبل,,,,فرع السلط,البلقاء/الفحيص/ام النعاج,KG-HASH-F96E6002-1,,,,2.html,فرع السلط,New unique record extracted from HTML source.
حضانه القلب الطيب النموذجية,,,,فرع السلط,عمان الكماليه شارع الاميره هيا,KG-HASH-EFA48D6D-1,,,,2.html,فرع السلط,New unique record extracted from HTML source.
حضانة الام الخارقه,,,,فرع الكرك,الكرك/ الثنية /خلف كازية المناصير,KG-HASH-FCFF9E03-2,,,,2.html,فرع الكرك,New unique record extracted from HTML source.
روضة ومدارس الابداع التربوي,,,,فرع شمال عمان,قرب دوار المنهل,KG-HASH-91A4559F-2,,,,2.html,فرع شمال عمان,New unique record extracted from HTML source.
حضانه رتاج,,,,فرع اربد,اربد / الحي الجنوبي / بجانب المحكمه الشرعيه,KG-HASH-F27DA2B4-1,,,,2.html,فرع اربد,New unique record extracted from HTML source.
شركة حضانة هورايزن,,,,فرع اليوبيل,عمان وادي السير الروابي شارع البراء بن عازب,KG-HASH-802327E2-2,,,,2.html,فرع اليوبيل,New unique record extracted from HTML source.
حضانة وروضه زهرة المانوليا,,,,فرع اربد,اربد/ ايدون/ مقابل مدرسة المنارة/ خلف اسواق الديري,KG-HASH-C1818C49-1,,,,2.html,فرع اربد,New unique record extracted from HTML source.
حضانة أرانب صغيرة,,,,فرع شرق عمان,شفا بدران - مرج الفرس مقابل سوبر ماركت ابو عيسى,KG-HASH-1B2D39D1-1,,,,2.html,فرع شرق عمان,New unique record extracted from HTML source.
حضانة قصة نجاح,,,,فرع اربد,اربد/ الحي الشرقي,KG-HASH-AAD306B0-1,,,,2.html,فرع اربد,New unique record extracted from HTML source.
حضانة بنت و ولد,,,,فرع اربد,اربد/ الحي الشرقي/ شارع جرش/ قرب حديقة الزهراء,KG-HASH-DD6E06DD-1,,,,2.html,فرع اربد,New unique record extracted from HTML source.
الشركة الاردنبة الامريكية لتعليم اللغات / مركز قاصد الثقافي,,,,فرع شمال عمان,شارع الملكة رانبا,KG-HASH-1C9E4E56-2,,,,2.html,فرع شمال عمان,New unique record extracted from HTML source.
حضانة نجم البحر,,,,فرع عمان المركز,الرابيه حي السلام / شارع انورين مسمار 4,KG-HASH-AA2CE132-2,,,,2.html,فرع عمان المركز,New unique record extracted from HTML source.
شركة حضانة ازهار اطفال والعاب,,,,فرع شرق عمان,شفا بدران - حي الكوم - ش.موسى الجهالين بناء 2,KG-HASH-F70D0880-1,,,,2.html,فرع شرق عمان,New unique record extracted from HTML source.
روضة و حضانة وجه الثلج السعيد,,,,فرع اربد,اربد ايدون شرق دوار العيدات,KG-HASH-774145CC-1,,,,2.html,فرع اربد,New unique record extracted from HTML source.
حضانة بلوسوم,,,,فرع شمال عمان,قرب وزارة التعليم العالي,KG-HASH-E3C4BC75-2,,,,2.html,فرع شمال عمان,New unique record extracted from HTML source.
حضانة وروضة كلية الاطفال,,,,فرع اليوبيل,ضاحية الامير راشد/شارع البديع/مقابل المؤسسة العسكريه,KG-HASH-C55C24D1-1,,,,2.html,فرع اليوبيل,New unique record extracted from HTML source.
حضانه دنيا المرح,,,,فرع شرق عمان,ضاحية الاستقلال/مقابل ديوانا الخدمة المدنية قرب مسجد ابو بكر,KG-HASH-7911427D-1,,,,2.html,فرع شرق عمان,New unique record extracted from HTML source.
حضانة وروضة الانطلاقه,,,,فرع اليوبيل,الصويفية / ش حسن بكر العزازي / بنايه/40,KG-HASH-07CD0E27-1,,,,2.html,فرع اليوبيل,New unique record extracted from HTML source.
حضانة عطر الجوري للاطفال,,,,فرع جنوب عمان,الياسمين/شارع محمد سالم ذويب,KG-HASH-670B2F23-2,,,,2.html,فرع جنوب عمان,New unique record extracted from HTML source.
حضانة طفلي حبيبي,,,,فرع جنوب عمان,جبل التاج شارع الشهيد,KG-HASH-CADB0BE9-1,,,,2.html,فرع جنوب عمان,New unique record extracted from HTML source.
سعاد عيسى الخطيب,,,,فرع عمان المركز,جبل الحسين شارع اللد بناية رقم 1,KG-HASH-8D404731-1,,,,2.html,فرع عمان المركز,New unique record extracted from HTML source.
حضانه الامومه للتعليم للمبكر,,,,فرع مادبا,مادبا حي العيادات خلف الكارفور,KG-HASH-13220382-1,,,,2.html,فرع مادبا,New unique record extracted from HTML source.
عبدالله العتيبي وشريكته,,,,فرع شرق عمان,الهاشمي الشمالي ش الحارث العيدي اشارة العنبتاوي نزول السوق,KG-HASH-CE08116F-1,,,,2.html,فرع شرق عمان,New unique record extracted from HTML source.
حضانة الطفل الرغيد,,,,فرع السلط,البلقاء السلط الصبيحي/مثلث الختوم,KG-HASH-1B10650A-1,,,,2.html,فرع السلط,New unique record extracted from HTML source.
حضانه ليان وبانا,,,,فرع شرق عمان,عمان شفا بدران الكوم الشارع الرئيسي بجانب سلاله مول,KG-HASH-55E9CFC0-1,,,,2.html,فرع شرق عمان,New unique record extracted from HTML source.
حضانة اكاديمية الازدهار,,,,فرع شرق عمان,طارق/طبربور/ش يوسف شكري خلف حلويات النجمة / اسكان العين,KG-HASH-10117779-1,,,,2.html,فرع شرق عمان,New unique record extracted from HTML source.
هبه حسين علي جرادات / حضانة نيوتن النموذجيه,,,,فرع اربد,اربد/بشرى,KG-HASH-A3760101-1,,,,2.html,فرع اربد,New unique record extracted from HTML source.
محمد يوسف ارشيد منسي,,,,فرع اربد,اربد الحي الجنوبي بجانب مسجد عليا التل,KG-HASH-484D9719-1,,,,2.html,فرع اربد,New unique record extracted from HTML source.
حضانة شمس الصباح,,,,فرع جنوب عمان,المقابلين-الحرية-شارع ياسر محمود حجازي,KG-HASH-E94E5C5B-2,,,,2.html,فرع جنوب عمان,New unique record extracted from HTML source.
حضانة النجمة المضيئه,,,,فرع اليوبيل,الدوار الثامن - شارع النيزك,KG-HASH-A7585424-1,,,,2.html,فرع اليوبيل,New unique record extracted from HTML source.
حضانة السلالم الذهبية للاطفال,,,,فرع شمال عمان,المبني يقع على شارعين بيت محسير عمارة رقم 8 خلف قصر اليوسفي,KG-HASH-612AEAEA-2,,,,2.html,فرع شمال عمان,New unique record extracted from HTML source.
حضانة خطوة النجاح الاردنيه,,,,فرع عمان المركز,ام اذينه قرب وزارة البيئه,KG-HASH-246B9638-1,,,,2.html,فرع عمان المركز,New unique record extracted from HTML source.
براعم سما الحمر,,,,فرع السلط,عمان / الكماليه - شارع سراج الجين المخزومي,KG-HASH-D556F975-2,,,,2.html,فرع السلط,New unique record extracted from HTML source.
شركة شحاده وعزازي,,,,فرع اليوبيل,عمان البيادر حي السهل بجانب دخلة سجاد مناصرة,KG-HASH-EC55A699-1,,,,2.html,فرع اليوبيل,New unique record extracted from HTML source.
جمعية الطفيله الخيريه للنهوض بالطفل,,,,فرع الطفيلة,الطفيله,KG-HASH-2331A63E-1,,,,2.html,فرع الطفيلة,New unique record extracted from HTML source.
حضانة بلقيس النموذجيه,,,,فرع اربد,ايدون-حي عاليه-مقابل مدرسه مصعب بن عمير,KG-HASH-107162C0-1,,,,2.html,فرع اربد,New unique record extracted from HTML source.
حضانة قصص الخيال,,,,فرع شمال عمان,تلاع العلي/شارع عواد النعيمات/بناية15/مقابل مسجد التلاوي,KG-HASH-B105A248-1,,,,2.html,فرع شمال عمان,New unique record extracted from HTML source.
حضانه ضحكة وبسمة,,,,فرع شرق عمان,بسمان/ضاحية الاقصى شارع عبد الله الجازي/قرب عريفة مول,KG-HASH-52290036-1,,,,2.html,فرع شرق عمان,New unique record extracted from HTML source.
المعهدالوطنى للعلوم الهندسيه والاداريه,,,,فرع شمال عمان,المدينة الرياضية / شارع صرح الشهيد / بجانب حراج طبربور .,KG-HASH-B5E521FC-1,,,,2.html,فرع شمال عمان,New unique record extracted from HTML source.
التباشير البيضاء,,,,فرع اليوبيل,الروابي / ش التباشير / بنايه /16,KG-HASH-D126F87A-2,,,,2.html,فرع اليوبيل,New unique record extracted from HTML source.
هوشه و عبد النبي,,,,فرع اليوبيل,مرج الحمام دوار ام عبهره,KG-HASH-EFB5E27E-1,,,,2.html,فرع اليوبيل,New unique record extracted from HTML source.
حضانة بيت الميمه (شركة ابوسير والفاعوري),,,,فرع شرق عمان,طبربور / منطقة طارق /ش عمره النجاريه م 2,KG-HASH-F5EF0D58-1,,,,2.html,فرع شرق عمان,New unique record extracted from HTML source.
حضانة تيلا و تولا للاطفال,,,,فرع شرق عمان,شارع الرفادة,KG-HASH-1E29112F-1,,,,2.html,فرع شرق عمان,New unique record extracted from HTML source.
حضانة البيت اللطيف,,,,فرع السلط,الفحيص - قرب مصنع الاسمنت,KG-HASH-F3B1A346-1,,,,2.html,فرع السلط,New unique record extracted from HTML source.
حضانة البذور الزاهره النموذجية,,,,فرع الكرك,منشية ابو حمور / الشارع الرئيسي / قرب المستشفى العسكري,KG-HASH-51826E33-2,,,,2.html,فرع الكرك,New unique record extracted from HTML source.
حضانة روعة الورد,,,,فرع الكرك,الكرك المرج الشارع الرئيسي,KG-HASH-1EC0FB2A-1,,,,2.html,فرع الكرك,New unique record extracted from HTML source.
حضانة وروضة اليانا,,,,فرع جنوب عمان,اسكان التلفزيون / شارع قيس بن نشبة / 41,KG-HASH-B1DFEA8E-1,,,,2.html,فرع جنوب عمان,New unique record extracted from HTML source.
حضانة منشية ابو حمور,,,,فرع الكرك,الكرك/ منشية ابو حمور/ الشارع الرئيسي,KG-HASH-126ACCB1-1,,,,2.html,فرع الكرك,New unique record extracted from HTML source.
حضانة حدود القمر,,,,فرع اربد,اربد,KG-HASH-8CF9BF41-1,,,,2.html,فرع اربد,New unique record extracted from HTML source.
شركة حضانة الوجوه السعيده,,,,فرع اليوبيل,الروابي / ش علي احمد ازمقنا,KG-HASH-8E683139-1,,,,2.html,فرع اليوبيل,New unique record extracted from HTML source.
اكاديميه الروادالدوليه/شركه مدارس روادالمستقبل للتعليم والاس,,,,فرع شمال عمان,قرب مسجد جبران بجانب التعليم العالي,KG-HASH-7312C6C1-1,,,,2.html,فرع شمال عمان,New unique record extracted from HTML source.
اكاديمية الاساتذه الصغار,,,,فرع شمال عمان,طلوع سوق شاكر مقابل قصر الشريف ناصر,KG-HASH-0B0B028E-1,,,,2.html,فرع شمال عمان,New unique record extracted from HTML source.
حضانة ارض الياسمين,,,,فرع جنوب عمان,ضاحية الياسمين,KG-HASH-EF42B29C-1,,,,2.html,فرع جنوب عمان,New unique record extracted from HTML source.
حضانة مايا النموذجية,,,,فرع اربد,شارع البتراء,KG-HASH-93565DB6-1,,,,2.html,فرع اربد,New unique record extracted from HTML source.
حضانة البداية الصحيحة,,,,فرع اليوبيل,مرج الحمام / شارع علي الختالين / دوار الشوابكه /,KG-HASH-EFD2E912-1,,,,2.html,فرع اليوبيل,New unique record extracted from HTML source.
حضانه الشذى النموذجيه,,,,فرع الزرقاء,جبل طارق دخلت مرايا,KG-HASH-98D2F84C-1,,,,2.html,فرع الزرقاء,New unique record extracted from HTML source.
حضانة الاطفال المبتسمون,,,,فرع عمان المركز,الرابيه مقابل مطعم الكلحه,KG-HASH-78F230F9-1,,,,2.html,فرع عمان المركز,New unique record extracted from HTML source.
حضانة لؤي الصغير الدولية,,,,فرع اليوبيل,الدوار السابع/خلف فندق جنيفا,KG-HASH-3F4F1B0E-1,,,,2.html,فرع اليوبيل,New unique record extracted from HTML source.
حضانة حي الضباط النموذجيه,,,,فرع المفرق,حي الضباط-قرب الإستخبارات,KG-HASH-38C8C60A-1,,,,2.html,فرع المفرق,New unique record extracted from HTML source.
حضانة من المهد الى القلم,,,,فرع عمان المركز,مقابل الباب الرئيسي لحديقةالاميرهاشم بالقرب من مشفى الشميسان,KG-HASH-1C2AEBF2-1,,,,2.html,فرع عمان المركز,New unique record extracted from HTML source.
حضانة الفراولة,,,,فرع شمال عمان,تلاع العلي خلف فندق الهولدي ان,KG-HASH-BCF0DBAC-1,,,,2.html,فرع شمال عمان,New unique record extracted from HTML source.
حضانة الميلاد الجديد النموذجية,,,,فرع المفرق,المفرق الحي الجنوبي شارع الشهيد حسين بصبوص قرب روضة نادي الط,KG-HASH-5A4ED2FE-1,,,,2.html,فرع المفرق,New unique record extracted from HTML source.
حضانة وروضة الرؤيا الشامله الدوليه,,,,فرع اربد,اربد الملعب البلدي ش عبد القادر الحسيني,KG-HASH-9E79E5D0-1,,,,2.html,فرع اربد,New unique record extracted from HTML source.
روضة دروب النور,,,,فرع عمان المركز,الرابيه شارع عبدالكريم الدباس مقابل مدارس الكامبردج 6,KG-HASH-08DB6388-1,,,,2.html,فرع عمان المركز,New unique record extracted from HTML source.
حضانة الفهد الصغير,,,,فرع شمال عمان,تلاع العلي حي البركة شارع عبدالله العزب مجمع النادي الفيصلي,KG-HASH-AC27D89C-1,,,,2.html,فرع شمال عمان,New unique record extracted from HTML source.
شركة روضة وحضانة ريحانة تشرين,,,,فرع شمال عمان,بجانب مكة مول,KG-HASH-73D3F525-2,,,,2.html,فرع شمال عمان,New unique record extracted from HTML source.
حضانة شمس العز,,,,فرع شمال عمان,بجانب مستشفى تلاع العلي,KG-HASH-D168BA9D-2,,,,2.html,فرع شمال عمان,New unique record extracted from HTML source.
حضانة لارين,,,,فرع شمال عمان,خلف الجامعة الاردنية قرب مركز الحسين للسرطان,KG-HASH-FF440E55-2,,,,2.html,فرع شمال عمان,New unique record extracted from HTML source.
شركة كتاب وفرشاه لدور الحضانه,,,,فرع اليوبيل,الصويفيه/ش الشفاعة/دخلة مطعم اماسي/بناية 17,KG-HASH-CF054D3E-1,,,,2.html,فرع اليوبيل,New unique record extracted from HTML source.
حضانة عالم المرح,,,,فرع شمال عمان,ضاحية الرشيد خلف مجمع ابو الحاج,KG-HASH-698EFDD0-1,,,,2.html,فرع شمال عمان,New unique record extracted from HTML source.
حضانة وروضه بيتي الكبير,,,,فرع عمان المركز,الشميساني/بنايه5,KG-HASH-9A922B9F-1,,,,2.html,فرع عمان المركز,New unique record extracted from HTML source.
حضانة ازهار الفردوس,,,,فرع السلط,البلقاء السلط البحيره مقابل مسجد العطيات,KG-HASH-8D0EBC32-1,,,,2.html,فرع السلط,New unique record extracted from HTML source.
روضة و حضانة خواطر,,,,فرع شمال عمان,ضاحية الرشيد - قرب الكلية العلمية الاسلامية -فيلا (5),KG-HASH-F0F667CF-2,,,,2.html,فرع شمال عمان,New unique record extracted from HTML source.
حضانة الاصابع الصغيره,,,,فرع شمال عمان,حي الخالدين شارع عناد عارف الجازي دخلة عاليه المركزي,KG-HASH-4C02891A-1,,,,2.html,فرع شمال عمان,New unique record extracted from HTML source.
حضانة نور الهنا,,,,فرع شرق عمان,مقابل حديقة الراية,KG-HASH-0C7A2ACE-1,,,,2.html,فرع شرق عمان,New unique record extracted from HTML source.
حضانة فلونا,,,,فرع شمال عمان,منطقة الجبيهة / حي الزيتونة / 40 شارع ابو نصير,KG-HASH-555E0927-1,,,,2.html,فرع شمال عمان,New unique record extracted from HTML source.
حضانه جود وليان,,,,فرع شرق عمان,الهاشمي حي نايفه شارع ام حكيم,KG-HASH-831B0E20-2,,,,2.html,فرع شرق عمان,New unique record extracted from HTML source.
حضانة الاجيال الواعده,,,,فرع السلط,السلالم - مقابل مدرسة اليمامه,KG-HASH-F59F4CCE-1,,,,2.html,فرع السلط,New unique record extracted from HTML source.
شركه المتعلمون الصغار للخدمات التعليميه,,,,فرع اليوبيل,عبدون الشمالي,KG-HASH-AD13D514-1,,,,2.html,فرع اليوبيل,New unique record extracted from HTML source.
حضانة بندق وسكر,,,,فرع اربد,اربد/ الحي الشرقي/ شرق مركز الامن الشرقي,KG-HASH-709C13F5-1,,,,2.html,فرع اربد,New unique record extracted from HTML source.
حضانة حدائق الورد,,,,فرع شمال عمان,مقبل البوابةالرئيسية حدائق الملك الحسين,KG-HASH-7B17A496-2,,,,2.html,فرع شمال عمان,New unique record extracted from HTML source.
شركة هدى ابوناصر وشريكها,,,,فرع شمال عمان,خلدا قرب دوار المعارف,KG-HASH-F53CD0BB-1,,,,2.html,فرع شمال عمان,New unique record extracted from HTML source.
نهاد محمد علي قويدر,,,,فرع جنوب عمان,شارع زينب بنت قيس رقم ?,KG-HASH-00EBAE8E-1,,,,2.html,فرع جنوب عمان,New unique record extracted from HTML source.
حضانة رند ورنيم,,,,فرع شمال عمان,جبيهه/مقابل التعليم العالي/مجمع ابو سطام التجاري,KG-HASH-BEC09F1F-2,,,,2.html,فرع شمال عمان,New unique record extracted from HTML source.
حضانة المدثر,,,,فرع المفرق,المفرق المدينة/الحي الجنوبي/قرب بقالة المومني,KG-HASH-A5EEC0DF-1,,,,2.html,فرع المفرق,New unique record extracted from HTML source.
حضانه عالم السماسم,,,,فرع جنوب عمان,ضاحيه الحاج حسن /شارع حي الروضة,KG-HASH-388929BE-1,,,,2.html,فرع جنوب عمان,New unique record extracted from HTML source.
شركه العطاري وابو هدبه /الحضانه البلاتينيه,,,,فرع اليوبيل,الصويفيه,KG-HASH-99E7B0BC-1,,,,2.html,فرع اليوبيل,New unique record extracted from HTML source.
حضانة عيون سيرين,,,,فرع اربد,اربد / ضاحية الحسين / قرب حديقة الاستقلال,KG-HASH-EE8168CA-1,,,,2.html,فرع اربد,New unique record extracted from HTML source.
حضانة هدية الله النموذجيه,,,,فرع شرق عمان,ضاحية الاقصى- حي الرواق - ش.حابس المجالي - قرب مستشفى حمزه,KG-HASH-8BAB0D5A-1,,,,2.html,فرع شرق عمان,New unique record extracted from HTML source.
حضانة خطوات الصغار/KIDS STEPS,,,,فرع عمان المركز,الرابيه,KG-HASH-582D43E7-1,,,,3.html,فرع عمان المركز,New unique record extracted from HTML source.
حضانة التعليم الفاعل,,,,فرع اليوبيل,البيادر,KG-HASH-FA400738-2,,,,3.html,فرع اليوبيل,New unique record extracted from HTML source.
شركة حضانة الحب والرعايه,,,,فرع شرق عمان,طبربور - ابو عليا - ش. مصلح الكوشه,KG-HASH-E4CC703C-1,,,,3.html,فرع شرق عمان,New unique record extracted from HTML source.
حضانة حلاوة شقاوة,,,,فرع شمال عمان,شارع الخلد/ خلف جريدة الدستور/9,KG-HASH-EFDA6333-1,,,,3.html,فرع شمال عمان,New unique record extracted from HTML source.
حضانة ربوع جبل طارق,,,,فرع الزرقاء,شارع سلمى,KG-HASH-6E8B751A-1,,,,3.html,فرع الزرقاء,New unique record extracted from HTML source.
حضانة بنان عنبتاوي,,,,فرع شمال عمان,تلاع العلي - شارع عبدالله العلمي - بناية 11,KG-HASH-D174886D-1,,,,3.html,فرع شمال عمان,New unique record extracted from HTML source.
حضانة سنافر الشوبك,,,,فرع مـعـان,معان - الشوبك - نجل,KG-HASH-536B1680-1,,,,3.html,فرع مـعـان,New unique record extracted from HTML source.
حضانة السلسال الذهبي النموذجية,,,,فرع شمال عمان,بجانب زهى الثقافي,KG-HASH-26C03BEF-1,,,,3.html,فرع شمال عمان,New unique record extracted from HTML source.
حضانة ورد ولين,,,,فرع شرق عمان,عمان/ ضاحية الامير حسن,KG-HASH-3B1D8BF6-1,,,,3.html,فرع شرق عمان,New unique record extracted from HTML source.
حضانه الواحه النموذجيه,,,,فرع اليوبيل,منطقة الصناعه/خلف مدارس ابوشقره,KG-HASH-0384F5AD-1,,,,3.html,فرع اليوبيل,New unique record extracted from HTML source.
حضانة مظلة الامان,,,,فرع اليوبيل,عمان مرج الحمام شارع سالم سلامة غيث,KG-HASH-4B40D345-1,,,,3.html,فرع اليوبيل,New unique record extracted from HTML source.
حضانة حديقتي المفضله للاطفال,,,,فرع شرق عمان,شفا بدران/ شارع الاعراب/بجانب صالون لينا مطر,KG-HASH-DBDB4C45-1,,,,3.html,فرع شرق عمان,New unique record extracted from HTML source.
حضانتي تتجاوز الافق,,,,فرع اليوبيل,عمان وادي السير الروابي/ ش الاميره ثروت,KG-HASH-D83D386C-1,,,,3.html,فرع اليوبيل,New unique record extracted from HTML source.
حضانة الارض الخضراء للاطفال,,,,فرع اليوبيل,بدر الجديدة / الشارع الرئيسي/ قرب الامانة,KG-HASH-14302623-1,,,,3.html,فرع اليوبيل,New unique record extracted from HTML source.
حضانة حجرة الاطفال الجميله,,,,فرع شمال عمان,الجبيهه / ام زويتينه/,KG-HASH-3073D3F9-2,,,,3.html,فرع شمال عمان,New unique record extracted from HTML source.
حضانه خطاب وليان,,,,فرع السلط,البلقاء السلط زي بجانب المركز الصحي,KG-HASH-70534FC5-1,,,,3.html,فرع السلط,New unique record extracted from HTML source.
حضانة كريستال,,,,فرع اربد,اربد حي النزهه,KG-HASH-E9DB802A-1,,,,3.html,فرع اربد,New unique record extracted from HTML source.
حضانة الخطوة الاولى النموذجيه,,,,فرع اليوبيل,الدوار الخامس شارع عقبة بن نافع حي الرضوان منطقة زهران.,KG-HASH-2E1B64B2-1,,,,3.html,فرع اليوبيل,New unique record extracted from HTML source.
حضانة جنة الرحمن,,,,فرع اربد,الحي الجنوبي جنوب مستشفى النجاح,KG-HASH-67EC4980-1,,,,3.html,فرع اربد,New unique record extracted from HTML source.
حضانة علي بابا النموذجيه,,,,فرع السلط,البلقاء السلط خلف المحافظة,KG-HASH-1160DD4A-1,,,,3.html,فرع السلط,New unique record extracted from HTML source.
حضانة قصة الالعاب النموذجيه,,,,فرع شمال عمان,حي الصديق بجانب مدارس المنهل,KG-HASH-989745D5-1,,,,3.html,فرع شمال عمان,New unique record extracted from HTML source.
حضانة اللطافة والجمال,,,,فرع شرق عمان,شفا بدران / طاب كراع/ ش مركز التدريب المهني,KG-HASH-57B34917-1,,,,3.html,فرع شرق عمان,New unique record extracted from HTML source.
حضانة جدوعلي,,,,فرع شمال عمان,ضاحية الرشيد/قرب صيدلية الضواحي/6,KG-HASH-239920E9-1,,,,3.html,فرع شمال عمان,New unique record extracted from HTML source.
حضانة عالمي الممتع,,,,فرع اليوبيل,وادي السير - حي الروابي - شارع الحرم الإبراهيمي - بناية 54,KG-HASH-42E0614C-1,,,,3.html,فرع اليوبيل,New unique record extracted from HTML source.
اكاديمية لانكشر الدوليه للتعليم,,,,فرع شمال عمان,تلاع العلي,KG-HASH-59BC56E6-1,,,,3.html,فرع شمال عمان,New unique record extracted from HTML source.
حضانة نور الشمس,,,,فرع عمان المركز,عمان / الرابيه / شارع نهاوند خلف دكان الكيك بناية 9,KG-HASH-53E9665E-1,,,,3.html,فرع عمان المركز,New unique record extracted from HTML source.
حضانة قصر الاطفال للوسائل التعليميه,,,,فرع شمال عمان,حي الدينة الرياضية /شارع عباس بن فرناس-/1قرب مدرسة ابن عباس,KG-HASH-61AFCBEB-1,,,,3.html,فرع شمال عمان,New unique record extracted from HTML source.
حضانة جنة ماعين,,,,فرع مادبا,مادبا/ماعين/مقابل المخبز,KG-HASH-BA5C7D55-1,,,,3.html,فرع مادبا,New unique record extracted from HTML source.
حضانه وروضه براعم الشميساني,,,,فرع عمان المركز,عمان/الشميساني,KG-HASH-0A609BCD-1,,,,3.html,فرع عمان المركز,New unique record extracted from HTML source.
حضانة طيور الصباح,,,,فرع شمال عمان,تلاع العلي بعد مدرسة تلاع العلي للبنات مقابل الصالة الرياضية,KG-HASH-739120AE-2,,,,3.html,فرع شمال عمان,New unique record extracted from HTML source.
حضانه وروضه البستان,,,,فرع شمال عمان,تلاع العلي /خلف الرأي,KG-HASH-CB83DA24-2,,,,3.html,فرع شمال عمان,New unique record extracted from HTML source.
حضانه سنا المجد,,,,فرع جـرش,جرش جبل الشيخ مصلح,KG-HASH-CE141CDC-1,,,,3.html,فرع جـرش,New unique record extracted from HTML source.
اكاديمية ومدارس المشاهيرللعلم والمعرفة,,,,فرع سحاب,سحاب / خلف نقولا ابو خضر,KG-HASH-B27C42E6-2,,,,3.html,فرع سحاب,New unique record extracted from HTML source.
حضانة العقول المدبرة,,,,فرع اليوبيل,عمان الجبدويل شارع عبدالله رجب هاكوز,KG-HASH-444CA91E-1,,,,3.html,فرع اليوبيل,New unique record extracted from HTML source.
حضانه الخطى الصغيره,,,,فرع شمال عمان,الشميساني,KG-HASH-68F9A845-1,,,,3.html,فرع شمال عمان,New unique record extracted from HTML source.
حضانة بيسان و زين,,,,فرع شرق عمان,طبربور حي الشهيد الجنوبي ش ثويبه بجانب مسجد ابو ذر الغفاري,KG-HASH-3FAC13E2-1,,,,3.html,فرع شرق عمان,New unique record extracted from HTML source.
حضانة الدوحة النموذجية,,,,فرع شمال عمان,تلاع العلي حي البركة بجانب سامح مول,KG-HASH-E4C85508-1,,,,3.html,فرع شمال عمان,New unique record extracted from HTML source.
حضانة حمزه وعمر,,,,فرع السلط,البلقاء/السلط/السلالم/حي الامير راشد,KG-HASH-64C860D5-1,,,,3.html,فرع السلط,New unique record extracted from HTML source.
حضانة بيتنا للاطفال,,,,فرع السلط,البقعان - خلف الدفاع المدني - قرب مسجد الحديدي,KG-HASH-99AB7171-1,,,,3.html,فرع السلط,New unique record extracted from HTML source.
حضانة رحيق الورد,,,,فرع شرق عمان,قرب جامعة العلوم الاسلامية/مقابل اسوار الجامعة,KG-HASH-01AEDABB-1,,,,3.html,فرع شرق عمان,New unique record extracted from HTML source.
حضانة الساعد الصغير,,,,فرع اليوبيل,عمان- مرج الحمام,KG-HASH-ABA30B2D-1,,,,3.html,فرع اليوبيل,New unique record extracted from HTML source.
اكاديمية اطفال الاردن اللامعون,,,,فرع اليوبيل,شارع دار السلام حي الرضوان منطقة زهران بين الرابع والخامس,KG-HASH-2A2449F3-1,,,,3.html,فرع اليوبيل,New unique record extracted from HTML source.
حضانه بيت تيتا للاطفال,,,,فرع شمال عمان,ضاحيه الرشيد/29/شارع الوفاق/ قرب المركز الامنى,0,,,,3.html,فرع شمال عمان,New unique record extracted from HTML source.
حضانة الفرحة الاولى,,,,فرع شمال عمان,شارع الصعب بن جثامه/بجانب مستشفى الجاردنز/30,KG-HASH-03B4015E-2,,,,3.html,فرع شمال عمان,New unique record extracted from HTML source.
شركة الامل للتعليم المبكر/حضانة لبنى نديم التعليميه,,,,فرع اليوبيل,عبدون - شارع دمشق شار ع السفارة البريطانية,KG-HASH-5C1088D0-1,,,,3.html,فرع اليوبيل,New unique record extracted from HTML source.
حضانة سحابة الاطفال,,,,فرع شمال عمان,مقابل مدارس الدر المنثور شقه رقم 2,KG-HASH-67BC013C-1,,,,3.html,فرع شمال عمان,New unique record extracted from HTML source.
حضانة بيت جدو,,,,فرع شرق عمان,شفا بدران شارع محمد سلامه العدوان قرب مسجد الشمري,KG-HASH-CD2302E3-1,,,,3.html,فرع شرق عمان,New unique record extracted from HTML source.
حضانة التقى,,,,فرع شرق عمان,ماركا امتداد شارع المخفر حي العبداللات,KG-HASH-A6FBCAD1-1,,,,3.html,فرع شرق عمان,New unique record extracted from HTML source.
حضانة مدينة البسكويت,,,,فرع شمال عمان,قصر خلدا بجانب المدارس المستقله,KG-HASH-4FA9E609-1,,,,3.html,فرع شمال عمان,New unique record extracted from HTML source.
حضانة روان و رشا,,,,فرع اليوبيل,الصويفية بجانب كنيسة السريان,KG-HASH-DC669978-1,,,,3.html,فرع اليوبيل,New unique record extracted from HTML source.
حضانة حبات السكر,,,,فرع جنوب عمان,نزال - شارع الدستور عماره 148 بجانب المنجد الطبي,KG-HASH-E4366C14-1,,,,3.html,فرع جنوب عمان,New unique record extracted from HTML source.
حضانة جنة العصافير,,,,فرع عمان المركز,جبل عمان الدوار الثاني شارع راغب النشاشيبي بناية رقم 6,KG-HASH-D0B0A0DE-1,,,,3.html,فرع عمان المركز,New unique record extracted from HTML source.
حضانة بنات واولاد مبدعين/ حضانة اطفال,,,,فرع اربد,اربد/ الحي الجنوبي/ غرب شارع اربد ايدون/ جنوب مدرسة تقارب,KG-HASH-B20C756A-1,,,,3.html,فرع اربد,New unique record extracted from HTML source.
حضانة الاطفال الرائعون,,,,فرع اليوبيل,الروابي / ش ياسين الموصلي / بنايه/30,KG-HASH-E0E4F28E-1,,,,3.html,فرع اليوبيل,New unique record extracted from HTML source.
دار حضانه البركه النموذجيه,,,,فرع السلط,عين الباشا /مقابل التربيه,KG-HASH-C389429A-2,,,,3.html,فرع السلط,New unique record extracted from HTML source.
حضانة معجزة الاجيال,,,,فرع شمال عمان,ام السماق - حي الروابي - خلف برغر كنج - تقاطع ش الرحيق فيلا2,KG-HASH-0407B184-1,,,,3.html,فرع شمال عمان,New unique record extracted from HTML source.
حضانه دلع العصافير,,,,فرع شرق عمان,طبربور/صرح الشهيد/قرب البنك الاسلامي الاردني,KG-HASH-5F3637BC-1,,,,3.html,فرع شرق عمان,New unique record extracted from HTML source.
حضانة المشاركة المرحة,,,,فرع اليوبيل,مرج الحمام / ش محمد بن طلال بن محمد / بنايه/1,KG-HASH-6E451B8B-1,,,,3.html,فرع اليوبيل,New unique record extracted from HTML source.
حضانه صغار كبار,,,,فرع شرق عمان,طبربور/الخالدين/الخزنه/قرب مسجد الاخلاص,KG-HASH-3F88D69C-1,,,,3.html,فرع شرق عمان,New unique record extracted from HTML source.
حضانة الاطفال المغامرون,,,,فرع جنوب عمان,عمان,KG-HASH-19E9094B-1,,,,3.html,فرع جنوب عمان,New unique record extracted from HTML source.
حضانة المربيه الخارقه,,,,فرع اليوبيل,مرج الحمام - قرب مسجد المحسنات,0,,,,3.html,فرع اليوبيل,New unique record extracted from HTML source.
حضانة بسمان الحديثه,,,,فرع شرق عمان,طبربور /بسمان /مقابل وزاره الصحه,KG-HASH-38DF4E3F-1,,,,3.html,فرع شرق عمان,New unique record extracted from HTML source.
روضة وحضانة ادرس والعب,,,,فرع شمال عمان,خلف الماريت / مقابل وزارة المياة والري,KG-HASH-11A771A0-2,,,,3.html,فرع شمال عمان,New unique record extracted from HTML source.
حضانه النبلاء,,,,فرع شرق عمان,عمان/جبل الحسين/شارع مسلمه ابن الوليد,KG-HASH-4E96AC25-1,,,,3.html,فرع شرق عمان,New unique record extracted from HTML source.
روضة نحن الاطفال,,,,فرع عمان المركز,جبل الحسين دوار المأمونيه شارع القسام لناية رقم 70,KG-HASH-82C9BC66-1,,,,3.html,فرع عمان المركز,New unique record extracted from HTML source.
حضانة ارض السكر,,,,فرع شرق عمان,الجبيهة/ شارع يوسف مبيضين/ مقابل جامعة العلوم التطبيقيه,KG-HASH-3D71443A-1,,,,3.html,فرع شرق عمان,New unique record extracted from HTML source.
المدارس العالميه/الشركه التربويه العالميه للتعليم والاستثمار,,,,فرع جنوب عمان,عمان/ناعور/طريق المطار,KG-HASH-AC33D8B3-1,,,,3.html,فرع جنوب عمان,New unique record extracted from HTML source.
حضانة العنايه بالطفل,,,,فرع مـعـان,معان / وادي موسى / بجانب مدرسة سمية بنت الخياط,KG-HASH-9CBF7E70-1,,,,3.html,فرع مـعـان,New unique record extracted from HTML source.
حضانة اشراقه الصباح,,,,فرع جنوب عمان,بجانب مسجد علي صقر,KG-HASH-85E534F2-1,,,,3.html,فرع جنوب عمان,New unique record extracted from HTML source.
شركة ريما العمري ونوره زريقات,,,,فرع شمال عمان,خلف مكة مول,KG-HASH-AE345542-1,,,,3.html,فرع شمال عمان,New unique record extracted from HTML source.
العطي و نوفل,,,,فرع عمان المركز,عمان / جبل عمان / شارع عباس محمود بن العقاد,0,,,,3.html,فرع عمان المركز,New unique record extracted from HTML source.
حضانه الشاطر حسن,,,,فرع عمان المركز,عمان ج*الحسين ش*عبد الحميد ياسين,KG-HASH-4AFEB185-1,,,,3.html; 4.html,فرع عمان المركز,New unique record extracted from HTML source.
حضانة عالم الطفل,,,,فرع الكرك,الكرك / الشهابيه /الشارع الرئيسي,KG-HASH-3A26A803-1,,,,3.html,فرع الكرك,New unique record extracted from HTML source.
حضانه وروضه الارض الصغيره/حضانة الارض الصغيرة ذ.م.م,,,,فرع عمان المركز,العبدلي / شارع ابو الحسن الأشعري,KG-HASH-DF58C981-1,,,,3.html,فرع عمان المركز,New unique record extracted from HTML source.
حضانة بيت نوبا,,,,فرع جنوب عمان,الاردن -عمان -ضاحية الياسمين,KG-HASH-A0999FF0-1,,,,3.html,فرع جنوب عمان,New unique record extracted from HTML source.
فايده كامل احمد العمري /حضانة اللافندر,,,,فرع اربد,اربد/ ش الثلاثين/غرب اسواق زمزم,KG-HASH-BD72DF53-1,,,,3.html,فرع اربد,New unique record extracted from HTML source.
جمعيه وادي السير النسائيه,,,,فرع اليوبيل,وادي السير / مقابل مدرسه وادي السير الثانويه للبنين,KG-HASH-1A5DD364-1,,,,3.html,فرع اليوبيل,New unique record extracted from HTML source.
حضانة النحلة الطنانة,,,,فرع شمال عمان,حي الصالحين / قرب مدارس الدر المنثور,KG-HASH-6E16F14C-1,,,,3.html,فرع شمال عمان,New unique record extracted from HTML source.
حضانة البطولة,,,,فرع اليوبيل,شارع سهيل حي الرونق عماره رقم?,KG-HASH-32FDFD59-1,,,,3.html,فرع اليوبيل,New unique record extracted from HTML source.
حضانة سلفيا,,,,فرع اربد,اربد-الحي الجنوبي-مسجد علياء التل-اربد مول-بجانب القرم للتصف,KG-HASH-FDA0369B-1,,,,3.html,فرع اربد,New unique record extracted from HTML source.
روضة وحضانة دروب النور,,,,فرع عمان المركز,عمان / الرابية,KG-HASH-DCC8A8C4-1,,,,3.html,فرع عمان المركز,New unique record extracted from HTML source.
حضانة مملكة الاسود,,,,فرع السلط,دابوق، حي الرحمانية، ش. فواز ماهر، بناء رقم 9,KG-HASH-BC2E6BF7-1,,,,3.html,فرع السلط,New unique record extracted from HTML source.
حضانة الذهب والالماس,,,,فرع شمال عمان,صويلح /اسكان المهندسين بجانب مدارس القاهره,KG-HASH-BF1F3989-2,,,,3.html,فرع شمال عمان,New unique record extracted from HTML source.
شركة مدارس الجامعه الامريكيه للشرق الاوسط,,,,فرع اربد,اربد/ شارع الجامعه / البوابه الشماليه,KG-HASH-4208AF51-2,,,,3.html,فرع اربد,New unique record extracted from HTML source.
روان حمدى علي الهواري وشريكتها,,,,فرع شمال عمان,إشارات البشيتي,KG-HASH-CEE54432-1,,,,3.html,فرع شمال عمان,New unique record extracted from HTML source.
اكاديمة ومدرسة وروضة الصفوة الدولية / اكاديمية اراء للتعلم,,,,فرع اربد,اربد سموع ش الرئيسي,KG-HASH-054DAA5B-1,,,,3.html,فرع اربد,New unique record extracted from HTML source.
حضانة براعم الصنوبر النموذجية,,,,فرع السلط,البلقاء السلط المنشية - شارع سليمان الحديدي,KG-HASH-E18D443A-1,,,,3.html,فرع السلط,New unique record extracted from HTML source.
حضانه ازهار القمر,,,,فرع شرق عمان,عمان/شفا بدران / عيسى عبدالكريم ابو غراب. 21,KG-HASH-2CC680A2-1,,,,3.html,فرع شرق عمان,New unique record extracted from HTML source.
روضة وحضانة اطفال طيور الجنه,,,,فرع العقبه,العقبه - السكنيه العاشره - الشارع الرئيسي,KG-HASH-07159152-1,,,,3.html,فرع العقبه,New unique record extracted from HTML source.
حضانة بسمة ارشيد النموذجية,,,,فرع العقبه,العقبة / السكنية الثامنه - قرب سوق الثامنه,KG-HASH-1966151F-1,,,,3.html,فرع العقبه,New unique record extracted from HTML source.
الشول وعبد الفتاح,,,,فرع شمال عمان,اسواق جمال خلف اشارة السيرك قرب مسجد زميلي,KG-HASH-9ABB0B35-1,,,,3.html,فرع شمال عمان,New unique record extracted from HTML source.
حضانة جنه الصغار,,,,فرع الزرقاء,حي رمزي / شارع حسن البنا / رقم البناية 43,KG-HASH-DAB874CD-1,,,,3.html,فرع الزرقاء,New unique record extracted from HTML source.
حضانة اجود ولين,,,,فرع الكرك,الكرك/المرج/بجانب صندوق التنميه والتشغيل,KG-HASH-38677101-1,,,,3.html,فرع الكرك,New unique record extracted from HTML source.
_,,,,فرع اليوبيل,ام السماق شارع مثاري النعيمات,KG-HASH-47303B8F-1,,,,3.html,فرع اليوبيل,New unique record extracted from HTML source.
شركة هيام العبسي واخواتها / حضانة البيادر الحديثة,,,,فرع اليوبيل,البيادر / الجندويل / بجانب المتصرفية,KG-HASH-47DD10EB-1,,,,3.html,فرع اليوبيل,New unique record extracted from HTML source.
روضة وحضانة طريق الطفل,,,,فرع شمال عمان,ضاحية الرشيد/ حي الجامعة/بجانب كلية الاميرة سمية/11,KG-HASH-FDA523F5-1,,,,3.html,فرع شمال عمان,New unique record extracted from HTML source.
حضانة الطفل الجميل,,,,فرع العقبه,العقبه-السكنية الثالثة /قرب مستشفى العقبه الحديث,KG-HASH-35F8E4E2-1,,,,4.html,فرع العقبه,New unique record extracted from HTML source.
مدرسة وروضة و حضانة الكأس النموذجيه,,,,فرع السلط,السلط/ام عطيه/خلف الاشغال العامة,KG-HASH-BFA59D66-1,,,,4.html,فرع السلط,New unique record extracted from HTML source.
حضانة وروضة الاسنان اللبنيه ذ.م.م,,,,فرع اليوبيل,3 شارع حسن العطار شارع البراء بن عازب خلف نادي السيارات,KG-HASH-78B55859-1,,,,4.html,فرع اليوبيل,New unique record extracted from HTML source.
حضانه شجره الالوان,,,,فرع جنوب عمان,ضاحيه اليامين _شارع ام الاسود _قرب مطعم حماده,KG-HASH-A2B6A803-1,,,,4.html,فرع جنوب عمان,New unique record extracted from HTML source.
حضانة الجنة الخضراء,,,,فرع اليوبيل,اسكان السلطة - ش. محمود حسن الرشايدة - 36,KG-HASH-19638D21-1,,,,4.html,فرع اليوبيل,New unique record extracted from HTML source.
حضانة دانيه حسن للاطفال,,,,فرع شمال عمان,الجبيهة حي بن عوف,KG-HASH-714AE586-1,,,,4.html,فرع شمال عمان,New unique record extracted from HTML source.
حضانة الايدي الدافئة,,,,فرع اليوبيل,ناعور البلد خلف المسجد الكبير,KG-HASH-C71A4036-1,,,,4.html,فرع اليوبيل,New unique record extracted from HTML source.
حضانة منطقة الاطفال,,,,فرع عمان المركز,الرابية شارع عاهد السخن فيلا رقم 26,KG-HASH-7E1A0B83-1,,,,4.html,فرع عمان المركز,New unique record extracted from HTML source.
محمد محمود الجداية وشريكته,,,,فرع شمال عمان,تلاع العلي شارع عروة بن زيد الخيل فيلا رقم 27,KG-HASH-D51854D1-1,,,,4.html,فرع شمال عمان,New unique record extracted from HTML source.
جمعية المركز الاسلامي الخيرية /كليةالمجتمع الاسلامي,,,,فرع الزرقاء,الزرقاء-وادي الحجر,KG-HASH-3281E66B-1,,,,4.html,فرع الزرقاء,New unique record extracted from HTML source.
حضانة مدرسة أكاديمية و روضة جنى دان,,,,فرع الزرقاء,مقابل حي نصار خلف النبعة,KG-HASH-9136A5A4-2,,,,4.html,فرع الزرقاء,New unique record extracted from HTML source.
حضانة نسائم الخير,,,,فرع شرق عمان,الهاشمي الشمالي - قرب معهد زين الشرف - شارع نهر المقطع,KG-HASH-4692F7B2-1,,,,4.html,فرع شرق عمان,New unique record extracted from HTML source.
حضانة ابتسامة الكراميش,,,,فرع السلط,البلقاء السلط البقيع - بالقرب من المركز الصحي,KG-HASH-6594F157-1,,,,4.html,فرع السلط,New unique record extracted from HTML source.
حضانة ماكينزي للاطفال,,,,فرع شمال عمان,عمان شارع الجامعه خلف محكمة شمال عمان بنايه رقم 7,KG-HASH-886DCABD-2,,,,4.html,فرع شمال عمان,New unique record extracted from HTML source.
حضانة الايدي المبدعة,,,,فرع جنوب عمان,حي حطين,KG-HASH-5E9B5EF6-1,,,,4.html,فرع جنوب عمان,New unique record extracted from HTML source.
حضانة مارينا,,,,فرع جنوب عمان,دوار الجندي، محمد طالب العمري، فيلا14,KG-HASH-7E4E4AD0-1,,,,4.html,فرع جنوب عمان,New unique record extracted from HTML source.
حضانه ثراء الطفوله النموذجيه,,,,فرع شرق عمان,طبربور اسكان المحامين شارع برقوسا فيلا 8,KG-HASH-A1550549-1,,,,4.html,فرع شرق عمان,New unique record extracted from HTML source.
حضانة نحن نهتم,,,,فرع شرق عمان,عمان- ابو نصير - قرب مسجد الهدى,KG-HASH-4489AA5C-1,,,,4.html,فرع شرق عمان,New unique record extracted from HTML source.
حضانة فرح عجلون النموذجيه,,,,فرع عجلون,عجلون / صخره قرب مسجد الزبير بن العوام,KG-HASH-6BE6FBD4-1,,,,4.html,فرع عجلون,New unique record extracted from HTML source.
حضانه السوسن,,,,فرع الزرقاء,الزرقاء /الزرقاء الجديده / ش 16,KG-HASH-30EDA696-1,,,,4.html,فرع الزرقاء,New unique record extracted from HTML source.
حضانة الورود الملونه,,,,فرع السلط,البلقاء/ السلط/ البحيره/بجانب مدرسة السلط الحديثة,KG-HASH-199AE9BC-1,,,,4.html,فرع السلط,New unique record extracted from HTML source.
حضانة براعم الثنيه,,,,فرع الكرك,الكرك /الثنيه /حي الورود,KG-HASH-BFB52E80-1,,,,4.html,فرع الكرك,New unique record extracted from HTML source.
حضانة الايادي الحنونة,,,,فرع اليوبيل,مرج الحمام دوار البكري,KG-HASH-D34AEA18-1,,,,4.html,فرع اليوبيل,New unique record extracted from HTML source.
حضانة نحن الاطفال,,,,فرع اليوبيل,الدربيات شارع عوني ابراهيم حجازي رقم البنايه 4,KG-HASH-56AF4EAB-1,,,,4.html,فرع اليوبيل,New unique record extracted from HTML source.
حضانه ايادي المحبه,,,,فرع مادبا,مادبا/ خلف مدرسة الامير حمزه,KG-HASH-55579456-1,,,,4.html,فرع مادبا,New unique record extracted from HTML source.
حضانة لعبة ولون,,,,فرع الزرقاء,حي الرشيد خلف كازية توتال,KG-HASH-0F884480-1,,,,4.html,فرع الزرقاء,New unique record extracted from HTML source.
حضانه براعم ايه,,,,فرع مادبا,مادبا/ الفيصلية /بعد مؤسسة التدريب المهني,KG-HASH-E102ADA5-1,,,,4.html,فرع مادبا,New unique record extracted from HTML source.
حضانة انوار الغد,,,,فرع السلط,السلط البقعان,KG-HASH-E03C8926-1,,,,4.html,فرع السلط,New unique record extracted from HTML source.
حضانة ماما رشا,,,,فرع اربد,اربد/ الحي الشرقي,KG-HASH-D34D8C0F-1,,,,4.html,فرع اربد,New unique record extracted from HTML source.
حضانة الفارس,,,,فرع اربد,اربد جنوب مبنى الضمان الاجتماعي باتجاه المحاكم الشرعيه,KG-HASH-F30BDA41-1,,,,4.html,فرع اربد,New unique record extracted from HTML source.
حضانة زهرة تشرين,,,,فرع اربد,اربد - الحي الشرفي - باتجاة مركز القدس الطبي,KG-HASH-C31ACB8E-1,,,,4.html,فرع اربد,New unique record extracted from HTML source.
حضانة زهرة الجمال النموذجية,,,,فرع عجلون,عنجرة - قرب المصنع الالبسة - الشارع الرئيسي,KG-HASH-36D591E7-1,,,,4.html,فرع عجلون,New unique record extracted from HTML source.
محمود ابو سويلم وشريكته,,,,فرع مادبا,مادبا-حي محمد الفاتح,KG-HASH-4049C910-1,,,,4.html,فرع مادبا,New unique record extracted from HTML source.
حضانه الطفل الانيق,,,,فرع العقبه,العقبه/ الثامنه/خلف مسجد الكالوتي,KG-HASH-2023E71C-1,,,,4.html,فرع العقبه,New unique record extracted from HTML source.
حضانة كوخ الطفل,,,,فرع عمان المركز,1 شارع حيفا /حي جبل الحسين /العبدلي,KG-HASH-7509D0EE-1,,,,4.html,فرع عمان المركز,New unique record extracted from HTML source.
حضانة التوت الوردي,,,,فرع شمال عمان,الجبيهة/ضاحية الرشيد/بناية/شارع مجاهد المحيسن24,KG-HASH-32A3237E-1,,,,4.html,فرع شمال عمان,New unique record extracted from HTML source.
جمعية بسمة خير للاعاقات والايتام الخيريه,,,,فرع اربد,اربد/الكوره,KG-HASH-D5183C4E-1,,,,4.html,فرع اربد,New unique record extracted from HTML source.
حضانة الشموع المضيئه,,,,فرع شرق عمان,الهاشمي / حمزه/ ضاحية الاقصى,KG-HASH-BBF32CEF-1,,,,4.html,فرع شرق عمان,New unique record extracted from HTML source.
شركة البلاد للخدمات الطبيه/مستشفى الاستقلال,,,,فرع شرق عمان,عرجان شارع الاستقلال,KG-HASH-03044866-1,,,,4.html,فرع شرق عمان,New unique record extracted from HTML source.
جمعيه خليل الرحمن الخيريه,,,,فرع اليوبيل,جبل عمان - الدوار السابع - خلف السيتاون - قرب نادي المعلمين,KG-HASH-E24B092C-2,,,,4.html,فرع اليوبيل,New unique record extracted from HTML source.
حضانه الغد الجديد,,,,فرع مـعـان,معان/طريق اذرح/شارع محمد خليل خطاب/مقابل مدرسة ابو بكر,KG-HASH-2CAB3195-1,,,,4.html,فرع مـعـان,New unique record extracted from HTML source.
سيرين عدنان محمد العز/حضانة سيدرا,,,,فرع اربد,اربد,KG-HASH-D4764FB2-1,,,,4.html,فرع اربد,New unique record extracted from HTML source.
شركة الاجيال لرياض الاطفال /حضانة الطفل المبدع,,,,فرع عمان المركز,الرابية شارع تبريز عماة رقم 19,KG-HASH-70C14671-1,,,,4.html,فرع عمان المركز,New unique record extracted from HTML source.
حضانة غدا اجمل,,,,فرع الزرقاء,جبل طارق شارع الحاج احمد العوريفي,KG-HASH-4C7224D2-1,,,,4.html,فرع الزرقاء,New unique record extracted from HTML source.
مدارس النمو التربوى,,,,فرع شمال عمان,0780222238/0795246217,KG-HASH-8B7F1A3D-1,,,,4.html,فرع شمال عمان,New unique record extracted from HTML source.
حضانة الطفل المرح,,,,فرع السلط,القبعات /خلف الدفاع المدني,KG-HASH-A43BFCC5-1,,,,4.html,فرع السلط,New unique record extracted from HTML source.
حضانة حبايب قلبي,,,,فرع شمال عمان,ضاحية الرشيد خلف سكن اميمة,KG-HASH-41EABCDB-1,,,,4.html,فرع شمال عمان,New unique record extracted from HTML source.
حضانة غابة الاطفال,,,,فرع شرق عمان,طبربور حي الخزنة خلف المشاغل,KG-HASH-3367A0D0-1,,,,4.html,فرع شرق عمان,New unique record extracted from HTML source.
حضانة شمس المدينة,,,,فرع شمال عمان,شارع الملكة رانيا بعد سمارت باي,KG-HASH-00F2D99A-1,,,,4.html,فرع شمال عمان,New unique record extracted from HTML source.
حضانة صالح وتميم,,,,فرع السلط,شارع الستين،بجانب مستشفى السلط الجديد،55B,KG-HASH-63FD20D2-1,,,,4.html,فرع السلط,New unique record extracted from HTML source.
حضانة المبتكر الصغير النموذجيه,,,,فرع عجلون,عجلون/مثلث اشتفينا/قرب قصر العدل/الشارع الرئيسى,KG-HASH-A3555E35-1,,,,4.html,فرع عجلون,New unique record extracted from HTML source.
حضانه بصمات الصغار,,,,فرع عمان المركز,الرابيه/خلف فندق الاوركيدا,KG-HASH-EFF25978-1,,,,4.html,فرع عمان المركز,New unique record extracted from HTML source.
شركه مدارس الرضوان,,,,فرع شمال عمان,خلدا/قرب المدارس العصريه,KG-HASH-3E4F20BD-1,,,,4.html,فرع شمال عمان,New unique record extracted from HTML source.
حضانة العصفور الفصيح,,,,فرع مادبا,مادبا بالقرب من اتحاد المراة حي الغربي,KG-HASH-F8B822E6-1,,,,4.html,فرع مادبا,New unique record extracted from HTML source.
حضانة امل ونهضه للاطفال,,,,فرع اليوبيل,شارع الثقافة,KG-HASH-9732D510-1,,,,4.html,فرع اليوبيل,New unique record extracted from HTML source.
حضانة بسمة رفيف,,,,فرع شرق عمان,شفا بدران بالقرب من القضاء العسكري,KG-HASH-0612DE76-1,,,,4.html,فرع شرق عمان,New unique record extracted from HTML source.
حضانة روشان,,,,فرع جنوب عمان,البنيات شارع عقيل السرحان,0,,,,4.html,فرع جنوب عمان,New unique record extracted from HTML source.
شركة محمد المشني و رحاب حسونه,,,,فرع شرق عمان,دوار الحجاج,KG-HASH-21671008-1,,,,4.html,فرع شرق عمان,New unique record extracted from HTML source.
حضانه زي العسل,,,,فرع اربد,الأشرفية، حي حلان الشوك، 000,KG-HASH-2BFA2BAF-1,,,,4.html,فرع اربد,New unique record extracted from HTML source.
شركة عبابنه و المراهفه,,,,فرع السلط,الكماليه - شارع الشجر,KG-HASH-E2196B0A-1,,,,4.html,فرع السلط,New unique record extracted from HTML source.
حضانة صوفيا,,,,فرع السلط,الفحيص/الرهوة/الشارع الرئيسي,KG-HASH-7E9057A1-1,,,,4.html,فرع السلط,New unique record extracted from HTML source.
حبشتكنات للاستثمارات التجاريه,,,,فرع شمال عمان,صويلح الحي الشرقي بناية 51,KG-HASH-DBD2E0D9-1,,,,4.html,فرع شمال عمان,New unique record extracted from HTML source.
حضانه العصفوره يارا,,,,فرع السلط,يرقا / قرب دوار يرقا - باتجاه وادي شعيب,KG-HASH-E7837B03-1,,,,4.html,فرع السلط,New unique record extracted from HTML source.
حضانة جاد واياس,,,,فرع شرق عمان,شفا بدران شارع العرب,KG-HASH-6D2AFD55-1,,,,4.html,فرع شرق عمان,New unique record extracted from HTML source.
حضانة ركن الحنان,,,,فرع جنوب عمان,جبل الحديد شارع النوري الحديد مقابل مجمع الاقصى بالقرب من مس,KG-HASH-A943E128-1,,,,4.html,فرع جنوب عمان,New unique record extracted from HTML source.
حضانة مرح ابو شقرة,,,,فرع اليوبيل,ضاحية الامير راشد/ شارع الاميره ثروت,KG-HASH-CEA99B2A-1,,,,4.html,فرع اليوبيل,New unique record extracted from HTML source.
حضانة الخطوات الجميله,,,,فرع السلط,البلقاء/عين الباشا/حي الزيتونه/مقابل مؤسسة التدريب المهني,KG-HASH-3E56486D-1,,,,4.html,فرع السلط,New unique record extracted from HTML source.
حضانة اشبال طبربور,,,,فرع شرق عمان,طارق - طبربور - حي الشهيد الشمالي - شارع جفتلك - بناية رقم 6,KG-HASH-28626D40-1,,,,4.html,فرع شرق عمان,New unique record extracted from HTML source.
حضانة مالديف,,,,فرع شمال عمان,بالقرب من اشارات المنهل,KG-HASH-F208D402-1,,,,4.html,فرع شمال عمان,New unique record extracted from HTML source.
حضانة سندي الصغير,,,,فرع اليوبيل,حي اسكان عالية شارع العهد بناية رقم 1,KG-HASH-6F2402E4-1,,,,4.html,فرع اليوبيل,New unique record extracted from HTML source.
حضانة اشكال النموذجيه - محمود بادي العودات,,,,فرع اربد,اربد \ خلف مستشفى اربد التخصصي,KG-HASH-BDB7AD81-2,,,,4.html,فرع اربد,New unique record extracted from HTML source.
حضانة سلمى و زين,,,,فرع السلط,البقيع,KG-HASH-6DE84875-2,,,,4.html,فرع السلط,New unique record extracted from HTML source.
شركة اشرف وايهاب جلنبو (حضانة من الف الى الياء ),,,,فرع جنوب عمان,مرج الحمام/ إسكان عالية/ سيمي فيلا 30,KG-HASH-6D04B06D-2,,,,4.html,فرع جنوب عمان,New unique record extracted from HTML source.
حضانة و روضة رونق الموده,,,,فرع اليوبيل,البيادر / ش خضر قردن / مقابل النادي الاهلي,KG-HASH-8A5DC3F5-2,,,,4.html,فرع اليوبيل,New unique record extracted from HTML source.
أكاديمية مدرسة و روضة جنى دان,,,,فرع الزرقاء,الزرقاء/بيرين/خلف النبعه,KG-HASH-DEAEDA21-2,,,,4.html,فرع الزرقاء,New unique record extracted from HTML source.
حضانة الطفل الأمثل لرعاية الاطفال,,,,فرع الزرقاء,الزرقاء الجديدة- حي البتراوي- شارع ??,KG-HASH-2F2B71D3-2,,,,5.html,فرع الزرقاء,New unique record extracted from HTML source.
حضانة النبات السليم للاطفال,,,,فرع شرق عمان,عمان طبربور حي الشهيد الجنوبي,KG-HASH-40A94F88-2,,,,5.html,فرع شرق عمان,New unique record extracted from HTML source.
حضانة انا و اخي نمرح,,,,فرع مادبا,شارع اليرموك,KG-HASH-2A485A06-2,,,,5.html,فرع مادبا,New unique record extracted from HTML source.
شركه الجيلاني وشريكته /حضانه ضوء القمر,,,,فرع اليوبيل,الصويفيه-قرب من قرية الصويفية - ش/ زكي الصويتي رقم بناية 36,KG-HASH-493E0A73-2,,,,5.html,فرع اليوبيل,New unique record extracted from HTML source.
هيثم خالد حمدان الريموني وشريكته,,,,فرع شرق عمان,ابو قرام عماره رقم 1,KG-HASH-592A2D35-1,,,,5.html,فرع شرق عمان,New unique record extracted from HTML source.
حضانه فوفو و دودو النموذجيه,,,,فرع اليوبيل,مرج الحمام/ حي الاميرحمزه,KG-HASH-9764DEB9-2,,,,5.html,فرع اليوبيل,New unique record extracted from HTML source.
روضة أيوب,عمان,عمان,الشميساني,شارع أحمد أوكلة النصور,,Ayoub KG,,,,KG-AM-1178,
روضة و حضانة نحن الأطفال,عمان,عمان,جبل الحسين,شارع عز الدين القسام,,Nahnu Al-Atfal Nursery & KG,,,,KG-AM-1179,
حضانة وروضة صنلايت,عمان,عمان,الرابية,شارع نهاوند – الرابية,,Sunlight Nursery & Pre-School,,,,KG-AM-1180,
روضة و حضانة عالم الصغار,عمان,عمان,الشميساني,شارع أسيد بن ثعلبة,,Aalam Al-Sighar Nursery & KG,,,,KG-AM-1181,
حضانة كُن طفلًا,عمان,عمان,اليوبيل,شارع تعز,,Kun Tiflan Nursery,,,,KG-AM-1182,
حضانة تري توبس,عمان,عمان,الشميساني,شارع عبد الحميد كرامي,0795057999,Tree Tops Nursery,,,,KG-AM-1183,
روضة هابي هارت,عمان,عمان,اليوبيل,مجمع النور – شارع محمد بن غطوس,,Happy Heart Kindergarten,,,,KG-AM-1184,
حضانة بامبل بي,عمان,عمان,الرابية,شارع تبريز,,Bumble Bee Preschool,,,,KG-AM-1185,
حضانة الما وايلا,عمان,عمان,ضاحية الرشيد,قبل سكن أميمة,0798683815,Alma and Ayla Nursery,,,,KG-AM-1186,
حضانة ليديبرد,عمان,عمان,الشميساني,شارع يوسف بن تاشفين,,Ladybird Nursery,,,,KG-AM-1187,
حضانة داندون,عمان,عمان,خلدا,شارع عبد الله الأعزب,,Dandoon Nursery,,,,KG-AM-1188,
حضانة إيرلي بيرد (تلاع العلي),عمان,عمان,تلاع العلي,مجمع 44 – شارع عبد الحليم عباس,,Early Bird Nursery (Tala Al-Ali),,,,KG-AM-1189,
روضة الطفل السعيد,عمان,عمان,شرق عمان,ماركا الشمالية – حمزة,04895823,Al-Tifl Al-Saeed KG,,,,KG-AM-1190,
حضانة هيا سبراوتس,عمان,عمان,خلدا,شاكر بن زيد,,Haya Sprouts Preschool,,,,KG-AM-1191,
حضانة بيتي الصغير,عمان,عمان,شمال عمان,يوسف بن تاشفين 20 – الشميساني,065676210,My Little Home Nursery,,,,KG-AM-1192,
روضة كيدز واي,عمان,عمان,خلدا,شارع الأوزاعي – مجمع 11,,Kids Way Kindergarten,,,,KG-AM-1193,
حضانة جريت بيجينينجز,عمان,عمان,جبل الحسين,شارع إسماعيل بابوق,0775367440,Great Beginnings Child Care,,,,KG-AM-1194,
حضانة ليتل ستيبس,عمان,عمان,خلدا,شارع الشيخ حسين الجسر,,Little Steps Nursery,,,,KG-AM-1195,
حضانة رايت ستارت,عمان,عمان,اليوبيل,اليوبيل,,Right Start Nursery,,,,KG-AM-1196,
روضة الأصدقاء المبدعين,عمان,عمان,خلدا,شارع عبد الله بن مسعود 20,,Creative Friends KG,,,,KG-AM-1197,
حضانة الجيل القادم,عمان,عمان,شمال عمان,المدينة الرياضية – شمس الدين الذهبي,065163070,Next Generation Nursery,,,,KG-AM-1198,
حضانة ليتل فلاورز,عمان,عمان,خلدا,خلدا,,Little Flowers Day Nursery,,,,KG-AM-1199,
حضانة كيدز ستيبس,عمان,عمان,الرابية,شارع تلمسان – مجمع 5,,Kids Steps Nursery,,,,KG-AM-1200,
حضانة شيري تري,عمان,عمان,جبل الحسين,شارع محمد جمجوم – مجمع 2,,Cherry Tree Nursery,,,,KG-AM-1201,
حضانة ثراء كيدز,عمان,عمان,شرق عمان,شرق عمان,,Thraa Kids Nursery,,,,KG-AM-1202,
حضانة الفقاعة المضحكة,عمان,عمان,أم السماق,شارع عطيوي المجالي – بناية 26,0798379019,Funny Bubble Nursery,,,,KG-AM-1203,
حضانة طيور المحبة,عمان,عمان,جبل عمان,دوار ثاني – شارع المعتصم 55,04623095,Birds of Love Nursery,,,,KG-AM-1204,
حضانة ريتان,إربد,إربد,الحي الشرقي,خلف حلويات الكت والكات,0789416515,Ritan Nursery,,,,KG-IR-0024,
حضانة الطفل الأمثل,الزرقاء,الزرقاء,البتراوي,حي البتراوي,0790063659,Best Child Care Nursery,,,,KG-ZA-0001,
حضانة أطفال الرونق,عمان,عمان,الرونق,شارع محمد علي حسين الكردي – عمارة 30,0775933580,Ronaq Kids Nursery,,,,KG-AM-1205,
حضانة البالون,عمان,عمان,الدوار السابع,بجانب فندق جنيفا,05815852,Balloon Nursery,,,,KG-AM-1206,
حضانة براعم الرمثا التعليمية والنموذجية,,الرمثا,الرئيسي,الرئيسي,0799593982,Baraem Al-Ramtha Educational & Model Nursery,,,,KG-HASH-5545778D-2,
حضانة النبات السليم,عمان,عمان,طبربور,حي الشهيد الجنوبي,0790479314,Healthy Plant Nursery,,,,KG-AM-1207,
حضانة أرض النجوم,عمان,عمان,ضاحية الرشيد,مقابل مدرسة تقارب,05555,Land of Stars Nursery,,,,KG-AM-1208,
حضانة صقور العزة,عمان,عمان,أبو نصير,شارع السعادة,0796655818,Falcons of Pride Nursery,,,,KG-AM-1209,
حضانة أطفال التوت البري,عمان,عمان,اليوبيل,شارع عبدالله غوشة – بجانب مسجد أحد,0797266304,Wild Berry Kids Nursery,,,,KG-AM-1210,
حضانة أنس وأمير,عمان,عمان,الجبيهة,حي الريان – شارع المريري,0770065605,Anas & Amir Nursery,,,,KG-AM-1211,
حضانة ألوان الفرح للأطفال,عمان,عمان,شرق عمان,حي العبداللات – بجانب مدرسة الكندي,0785652504,Colors of Joy Nursery,,,,KG-AM-1212,
حضانة أحمد وضحى,إربد,إربد,الصريح,الصريح,0772258725,Ahmed & Dahaa Nursery,,,,KG-IR-0025,
حضانة البداية السعيدة النموذجية,عمان,عمان,اليوبيل,شارع المدينة المنورة,0795395747,Happy Beginning Model Nursery,,,,KG-AM-1213,
حضانة أنا وأخي نمرح,مادبا,مادبا,اليرموك,شارع اليرموك,0772211947,Me & My Brother Play Nursery,,,,KG-MD-0001,
حضانة جود وميرا,الزرقاء,الزرقاء,جبل المغير,قرب صيدلية شمع العسل,0782209062,Jood & Mira Nursery,,,,KG-ZA-0002,
حضانة ضوء القمر,عمان,عمان,الصويفية,قرب قرية الصويفية – شارع زكي الصويتي,078988868,Moonlight Nursery,,,,KG-AM-1214,
حضانة بيت الحلوة للأطفال,عمان,عمان,الجاردنز,خلف مدارس الرأي – عمارة 20,0799853333,Sweet Home Kids Nursery,,,,KG-AM-1215,
حضانة الطفل العربي,إربد,إربد,الحي الشرقي,قرب أسواق المؤسسة العسكرية,0793050777,Arab Child Nursery,,,,KG-IR-0026,
حضانة حبايبنا,إربد,إربد,النعيمة,النعيمة,0790959613,Our Darlings Nursery,,,,KG-IR-0027,
حضانة الخطوات التعليمية,عجلون,عجلون,عبين,خلف مطعم داريا – شارع إربد–عجلون,0775570101,Educational Steps Nursery,,,,KG-AJ-0001,
حضانة فوفو ودودو,عمان,عمان,مرج الحمام,حي الأمير حمزة,0777726263,Fufu & Dodo Model Nursery,,,,KG-AM-1216,
حضانة ورود المستقبل,عمان,عمان,الرونق,شارع الأصبه – بناية 6,0782668833,Future Roses Nursery,,,,KG-AM-1217,
حضانة الانطباعات الأولى,إربد,إربد,الراهبات الوردية,غرب مسجد أبو دلو,0780466032,First Impressions Nursery,,,,KG-IR-0028,
حضانة بابا سنفور,إربد,إربد,إربد,إربد,0787054530,Papa Smurf Nursery,,,,KG-IR-0029,
حضانة جمعية الشابات المسيحية الخيرية-الفحيص,البلقاء,السلط,الفحيص,خلف بيت الفحيص – شارع صبيان الحصان,0799946050,YWCA Al-Fuheis Nursery,,,,KG-BA-0001,
حضانة رياحين الجنة,عمان,عمان,شرق عمان,الهاشمي الشمالي – شارع الحارث العبدي,0797401206,Breezes of Paradise Nursery,,,,KG-AM-1218,
حضانة خمسة وستون 65,البلقاء,السلط,المدينة الرياضية,قرب مدارس السلط الأهلية,0777774819,65 Nursery,,,,KG-BA-0002,
حضانة جنة الورد,عجلون,عجلون,عين جنا,مبنى البلدية – وسط البلد,0777006207,Rose Paradise Nursery,,,,KG-AJ-0002,
حضانة الكلمات الأولى,عمان,عمان,الصويفية,شارع سعيد المفتي – عمارة 16,0796246213,First Words Nursery,,,,KG-AM-1219,
حضانة زين ونانا,البلقاء,السلط,أم عليه,الشارع الرئيسي,0785226638,Zain & Nana Nursery,,,,KG-BA-0003,
حضانة أفضل مكان لطفلك,إربد,إربد,إربد,.,0790303443,Best Place for Your Child Nursery,,,,KG-IR-0030,
حضانة زهور الليلك,عمان,عمان,اليوبيل,مقابل مركز صحي أم السوس,0795049140,Lilac Flowers Nursery,,,,KG-AM-1220,
المستوى الرفيع المتميز للتعليم,عمان,عمان,الشميساني,شارع ابن الفارض 11,0799714198,High Level Distinguished Education,,,,KG-AM-1221,
حضانة المملكة الصغيرة,عمان,عمان,ضاحية الياسمين,شارع حفصة بنت عمرو 35,0792024263,Small Kingdom Nursery,,,,KG-AM-1222,
حضانة أحلام المستقبل النموذجية,مادبا,مادبا,الخطابية,الخطابية,0779681212,Dreams of the Future Model Nursery,,,,KG-MD-0002,
حضانة عبق الربيع,عمان,عمان,شرق عمان,طبربور – شارع قمر اليافي مقابل حلويات نفيسة,0797808114,Spring Fragrance Nursery,,,,KG-AM-1223,
حضانة الانامل الذهبية,عمان,عمان,شرق عمان,ماركا الشمالية – شارع فاطمة الزهراء – مسجد فاطمة الزهراء,0799381207,Golden Fingers Nursery,,,,KG-AM-1224,
حضانة حكايتي الصغيرة,عمان,عمان,الجبيهة,مقابل الجمعية العلمية الملكية – ط الأرضي,05340409,My Little Story Nursery,,,,KG-AM-1225,
حضانة براعم السكر,العقبة,العقبة,السكنية الثالثة,شارع العباسيين – بجانب مسجد سعد بن أبي وقاص,0792030177,Sugar Buds Nursery,,,,KG-AQ-0001,
حضانة درجات صغيرة,عمان,عمان,اليوبيل,دوار البرديني – قرب مدارس الإشراق,0785905701,Small Steps Nursery,,,,KG-AM-1226,
حضانة أشكال النموذجية,إربد,إربد,خلف مستشفى إربد التخصصي,0772155227,,Shapes Model Nursery,,,,KG-IR-0031,
حضانة لطفولة أرقى,الزرقاء,الزرقاء,مدينة الشرق,قرب دوار الطيارة,0772000294,Finer Childhood Nursery,,,,KG-ZA-0003,
حضانة سلمى وزين,البلقاء,السلط,البقيع,البقيع,0790910177,Salma & Zain Nursery,,,,KG-BA-0004,
حضانة هلا وغلا,عمان,عمان,شرق عمان,طبربور – قرب إسكان الجيش – حديقة العهد والوفا – يوسف بني ياسين 9,05056076,Hala & Ghala Nursery,,,,KG-AM-1227,
حضانة من الألف إلى الياء,عمان,عمان,جنوب عمان,مرج الحمام – إسكان عالية – فيلا 30,,From A to Z Nursery,,,,KG-AM-1228,
حضانة الطفل السعيد,عمان,عمان,شرق عمان,ماركا الشمالية – حمزة – قرب مدرسة الشريف حسين,04895823,Happy Child Nursery,,,,KG-AM-1229,
حضانة بدايات عظيمة,عمان,عمان,جبل الحسين,شارع إسماعيل بابوق 5,0775367440,Great Beginnings Nursery,,,,KG-AM-1230,
حضانة ديمة النموذجية,البلقاء,السلط,شفا العامرية,شفا العامرية,0772118163,Dima Model Nursery,,,,KG-BA-0005,
حضانة ضحكات الطفولة,عمان,عمان,الشميساني,بناية 39 – شارع معروف الرصافي,0791520563,Childhood Laughter Nursery,,,,KG-AM-1231,
حضانة الأطفال السعداء,عمان,عمان,اليوبيل,مرج الحمام – شارع نالتشك – قرب مطعم دنيا المشاوي,0797083374,Happy Children Nursery,,,,KG-AM-1232,
حضانة جوان النموذجية,الزرقاء,الزرقاء,الهاشمية,الحي الشرقي,0788067807,Jawan Model Nursery,,,,KG-ZA-0004,
حضانة نور الجبيهة,عمان,عمان,الجبيهة,شارع مفلح اللوزي – بناية 32 – مقابل مفروشات شهوان,0797670971,Nour Al-Jubeiha Nursery,,,,KG-AM-1233,
حضانة وروضة رونق المودة,عمان,عمان,البيادر,شارع خضر قردن – مقابل النادي الأهلي,0795964769,Ronaq Al-Mawaddah Nursery & KG,,,,KG-AM-1234,
حضانة بريق النمارق,البلقاء,السلط,البقعان,بجانب مدرسة فاطمة الزهراء,0797094191,Briq Al-Namarq Nursery,,,,KG-BA-0006,
حضانة الأرض السعيدة,عمان,عمان,جنوب عمان,المقابلين – حي الصحابة – شارع عبد الكريم الخطاب,0790921251,Happy Land Nursery,,,,KG-AM-1235,
حضانة الحمامي,عمان,عمان,الجبيهة,شارع الريان – أم زويتينة,05555,Al-Hammami Nursery,,,,KG-AM-1236,
أكاديمية مدرسة وروضة جنى دان,الزرقاء,الزرقاء,بيرين,خلف النبعة,0788616293,Jana Dan Academy & KG,,,,KG-ZA-0005,
حضانة شذى الورد,عمان,عمان,شرق عمان,طبربور – شارع عجاج الهبارنة – قرب مسجد عباد الرحمن,0791077254,Shatha Al-Ward Nursery,,,,KG-AM-1237,
حضانة بذور الغد,عمان,عمان,شرق عمان,إسكان الجيش – شارع عبدالقادر الزغول – باتجاه أبو عليا,0789995605,Seeds of Tomorrow Nursery,,,,KG-AM-1238,
حضانة ناريمان النموذجية,,الرمثا,الرمثا,مقابل مدرسة جمانة,0786306644,Nariman Model Nursery,,,,KG-HASH-FDFC82D7,
حضانة كوكب المرح الطفولي,العقبة,العقبة,الثامنة,قرب مسجد الكالوتي,09872021168,Fun Planet Childhood Nursery,,,,KG-AQ-0002,
حضانة ورود الربيع,البلقاء,السلط,ماحص,شارع المدارس,0772663512,Spring Roses Nursery,,,,KG-BA-0007,
حضانة حسام وسبأ الحديثة,إربد,إربد,الحصن,الحي الشرقي – شارع الكلية,0791854881,Husam & Saba Modern Nursery,,,,KG-IR-0032,
حضانة تكوين,عمان,عمان,شمال عمان,طلوع الجاذبية – قرب سوبرماركت ياهلا,0792127898,Takween Nursery,,,,KG-AM-1239,
حضانة الفطاحلة النموذجية,إربد,إربد,الحي الجنوبي,جنوب غرب دوار صحارى – 300 متر,0777148052,Al-Fatahilah Model Nursery,,,,KG-IR-0033,
حضانة بيت السكاكر,إربد,إربد,الراهبات الوردية,خلف مستشفى الراهبات الوردية – بجانب السور,0777747716,Candy House Nursery,,,,KG-IR-0034,
حضانة القلب السعيد,عمان,عمان,شرق عمان,ضاحية الأمير حسن – قرب مطعم الهنيني,0777772615,Happy Heart Nursery,,,,KG-AM-1240,
حضانة كوخ الدب,الزرقاء,الزرقاء,الجبل الشمالي,شارع الملك عبد الله الثاني,0782929569,Bear Cabin Nursery,,,,KG-ZA-0006,
حضانة طيور المحبة,عمان,عمان,جبل عمان,دوار ثاني – شارع المعتصم 55 – بجانب عمارة قناة الجزيرة,04623095,Birds of Love Nursery,,,,KG-AM-1241,
حضانة اليوم السعيد,عمان,عمان,بسمان/جبل النزهة,شارع الكويتية – بناية 15,0790225163,Al-Yawm Al-Saeed Nursery,,,,KG-AM-1242,
حضانة فرح النموذجية,عمان,عمان,جبل الحسين,دوار الداخلية – نزول سرفيس العبدلي,05695093,Farah Model Nursery,,,,KG-AM-1243,
روضة وحضانة نداء الطفولة,عمان,عمان,شمال عمان,شارع البلدية بعد البنك الإسلامي مقابل ملحمة الخليل,,Nadaa Al-Tufulah Nursery & KG,,,,KG-AM-1244,
حضانة سيسو النموذجية,عمان,عمان,خلدا,قرب دوار السكر – مقابل سامح مول,05522949,Siso Model Nursery,,,,KG-AM-1245,
روضة ومدارس أكاديمية ريتال الدولية,عمان,عمان,ياجوز,تقاطع جسر ياجوز – شارع الأردن,05336363,Rital International Academy,,,,KG-AM-1246,
حضانة قوس قزح النموذجية,عمان,عمان,الشميساني,الشميساني,05605300,Rainbow Model Nursery,,,,KG-AM-1247,
شركة إبداع الطفولة,عمان,عمان,شمال عمان,شارع شريفة زين – خلف روان كيك,0790932622,Ebdaa Al-Tufulah,,,,KG-AM-1248,
حضانة الصياد الصغير,عمان,عمان,جنوب عمان,مرج الحمام – شارع محمد بن طلال,0797710897,Little Hunter Nursery,,,,KG-AM-1249,
الشجرة المباركة للتعليم والاستثمار,عمان,عمان,شمال عمان,إشارة جبري – خلف بهجت سنتر,055555,Blessed Tree Education,,,,KG-AM-1250,
حضانة نطاق الألوان المرحة,عمان,عمان,شرق عمان,شفا بدران – بجانب أكاديمية ريماس,05231617,Color Range Fun Nursery,,,,KG-AM-1251,
حضانة زهور صغيرة,عمان,عمان,الشميساني,شارع الفيحاء,0792872827,Little Flowers Nursery,,,,KG-AM-1252,
حضانة المشاكس الصغير,عمان,عمان,أم أذينة,شارع الكوفة – بناية 71,0790395471,Little Mischief Nursery,,,,KG-AM-1253,
حضانة عبق عجلون النموذجية,عجلون,عجلون,عبين,شارع إربد – مقابل صالة النورس,0778952295,Abq Ajloun Model Nursery,,,,KG-AJ-0003,
مؤسسة المنهل التربوية,عمان,عمان,الجامعة الأردنية,إسكان الجامعة الأردنية,065153751,Al-Manhal Educational Institution,,,,KG-AM-1254,
حضانة النحلة الصغيرة,عمان,عمان,الجاردنز,دخلة مطعم السروات,,Little Bee Nursery,,,,KG-AM-1255,
حضانة مملكة السكر,عمان,عمان,شرق عمان,طبربور – شارع أسعد بن زرارة,0797064545,Sugar Kingdom Nursery,,,,KG-AM-1256,
حضانة طوق الياسمين,عمان,عمان,شرق عمان,طبربور – مظهر علاونة – بجانب موسيقات القوات,04897208,Tawq Al-Yasmin Nursery,,,,KG-AM-1257,
حضانة قمم الأشجار,عمان,عمان,الشميساني,عبد الحميد كرامي – بناية 8,0795057999,Tree Tops Nursery,,,,KG-AM-1258,
حضانة الخيوط اللامعة,عمان,عمان,أبو السوس,إسكان الأمانة – حي الصنوبر,0795241103,Shining Threads Nursery,,,,KG-AM-1259,
حضانة الما وأيلا,عمان,عمان,شمال عمان,ضاحية الرشيد – قبل سكن أميمة,0792107921,Alma & Ayla Nursery,,,,KG-AM-1260,
حضانة ماما رولا,عمان,عمان,شرق عمان,شفا بدران – حي ذهيبة – خلف الكلحة – بناية 3,0798076488,Mama Rola Nursery,,,,KG-AM-1261,
حضانة حبات التوت,عمان,عمان,مرج الحمام,شارع مويى النهار,,Raspberry Seeds Nursery,,,,KG-AM-1262,
حضانة أطفال تمارا,عمان,عمان,شمال عمان,خلف مطعم طواحين,0775136924,Tamara Kids Nursery,,,,KG-AM-1263,
حضانة أزهار بيسان,عمان,عمان,شرق عمان,الهاشمي الشمالي – حي نايفة – مقابل وزارة الصحة,065057240,Bisan Flowers Nursery,,,,KG-AM-1264,
حضانة دانة الدولية,عمان,عمان,شمال عمان,تلاع العلي – خلف الهوليدي إن,0797097685,Dana International Nursery,,,,KG-AM-1265,
حضانة سالي وسلمى,عمان,عمان,شمال عمان,الجبيهة – مقابل الأحدث سابقاً,05238494,Sally & Salma Nursery,,,,KG-AM-1266,
حضانة وسيم النموذجية,عمان,عمان,جنوب عمان,الأشرفية – حي أم تينة,0798457004,Waseem Model Nursery,,,,KG-AM-1267,
حضانة النحلة جولي,عمان,عمان,شرق عمان,طبربور – بجانب جامعة العلوم الإسلامية,0796897303,Jolly Bee Nursery,,,,KG-AM-1268,
حضانة الأكواخ الملونة,عمان,عمان,الشميساني,شارع الجاحظ – مقابل مجمع السعيد,0795659165,Colored Cabins Nursery,,,,KG-AM-1269,
حضانة النجوم المتلألئة,عمان,عمان,اليوبيل,مرج الحمام – شارع نايف بن عاصم,0799629292,Twinkling Stars Nursery,,,,KG-AM-1270,
حضانة جنتي للأطفال,عمان,عمان,شمال عمان,خلدا – شارع المعارف – قرب مدرسة المعارف,0797387766,My Paradise Nursery,,,,KG-AM-1271,
حضانة ميرا والمى,عمان,عمان,جنوب عمان,شارع فايزة المعارجة,0786510163,Mira & Al-Mi Nursery,,,,KG-AM-1272,
حضانة عصافير الكرك,الكرك,الكرك,الكرك,الثنية – الشارع الرئيسي,1111111111,Karak Sparrows Nursery,,,,KG-KA-0001,
حضانة القطط الصغيرة,عمان,عمان,شمال عمان,تلاع العلي – بجانب البشيتي – بناية 3,0795740854,Little Kittens Nursery,,,,KG-AM-1273,
حضانة الطفل الحسن,عمان,عمان,اليوبيل,بيادر وادي السير – الجندويل,0799645430,Good Child Nursery,,,,KG-AM-1274,
روضة وحضانة أنا الصغير,عمان,عمان,شمال عمان,خرجا – دخلة مدارس الدر المنثور,05538008,Ana Al-Saghir Nursery & KG,,,,KG-AM-1275,
حضانة القلب الكبير,إربد,إربد,إربد,قرب مضافة أبو سالم,07247155,Big Heart Nursery,,,,KG-IR-0035,
حضانة قرية التوت العالمية,عمان,عمان,عمان المركز,دوار الكيلو – خلف البرجر كنج – عمارة 46,0798288080,Global Berry Village Nursery,,,,KG-AM-1276,
حضانة التباشير البيضاء,عمان,عمان,بين الدوار 6 وال7,شارع التباشير,7915606300,White Chalk Nursery,,,,KG-AM-1277,
حضانة مونلايت,عمان,عمان,الشميساني,الشميساني,,Moonlight Nursery,,,,KG-AM-1278,
حضانة فيرست ووردز,عمان,عمان,الصويفية,شارع سعيد المفتي – عمارة 16,7962462130,First Words Preschool,,,,KG-AM-1279,
روضة ومدرسة ليلى للتعليم الحديث,عمان,عمان,طبربور,شارع محمد العويدات – مجمع 2,,Leila Modern Education KG & School,,,,KG-AM-1280,
حضانة ليتل ليرنرز,عمان,عمان,الرابية,شارع أنور الخطيب,,Little Learners Nursery,,,,KG-AM-1281,
حضانة العلمي الممتع,عمان,عمان,اليوبيل,شارع عبد الله غوشة,,Fun Science Nursery,,,,KG-AM-1282,
حضانة ميني مي,عمان,عمان,خلدا,شارع الأمير زيد,,Mini Me Nursery,,,,KG-AM-1283,
حضانة الانطلاقة,عمان,عمان,الصويفية,شارع بخيت العيسى,658650800,Al Intilaqa Nursery,,,,KG-AM-1284,
حضانة كوكون,عمان,عمان,الرابية,شارع محمد الخماش,,Cocoon Nursery,,,,KG-AM-1285,
حضانة زهور المستقبل,عمان,عمان,الرونق,شارع الأسبح – فيلا 6,7826688330,Future Flowers Nursery,,,,KG-AM-1286,
حضانة نهج المعرفة,عمان,عمان,الدوار الثامن,الدوار الثامن,,Nahj Al-Ma’rifa KG,,,,KG-AM-1287,
روضة بوك أند براش,عمان,عمان,الصويفية,شارع زهدي عصفور,,Book n Brush KG,,,,KG-AM-1288,
حضانة البدايات المشرقة,عمان,عمان,أم أذينة,شارع الدمام 48,7952252530,Bright Beginnings Nursery,,,,KG-AM-1289,
حضانة وروضة وورلد كرياتيف,عمان,عمان,الرابية,شارع إبراهيم القطان 22,,Creative World Nursery & KG,,,,KG-AM-1290,
حضانة الأطفال السعداء (2),عمان,عمان,السهل,السهل,,Happy Kids Nursery (2),,,,KG-AM-1291,
حضانة السندريلا,عمان,عمان,جبل الحسين,شارع الملك عبد الله الثاني 2,640061760,Cinderella Nursery,,,,KG-AM-1292,
روضة ينابيع العلم,عمان,عمان,البيادر,مقسم العطار – شارع البيادر,,Yanabe’ Al-Ilm KG,,,,KG-AM-1293,
حضانة السوبر ناني,عمان,عمان,المرج,المرج,79950097940,Super Nanny Nursery,,,,KG-AM-1294,
حضانة ميلكي تيث,عمان,عمان,خلدا,خلدا,,Milky Teeth KG Nursery,,,,KG-AM-1295,
حضانة ستارفيش,عمان,عمان,الرابية,شارع أنوارين مسمار 4,,Starfish Nursery,,,,KG-AM-1296,
حضانة ليتل هاندز,عمان,عمان,خلدا,خلدا,,Little Hands Nursery,,,,KG-AM-1297,
حضانة وروضة ستيبينج ستون,عمان,عمان,أم السماق,شارع أرتيريا 50,,Stepping Stone Preschool & Nursery,,,,KG-AM-1298,
حضانة آدم كيدز,عمان,عمان,عبدون,عبدون,,Adam Kids Nursery,,,,KG-AM-1299,
حضانة رونق المودة,عمان,عمان,البيادر,شارع خضر قردن – مقابل النادي الأهلي,7959647690,Ronaq Al-Mawaddah Nursery,,,,KG-AM-1300,
حضانة أمبريلا,عمان,عمان,اليوبيل,اليوبيل,,Umbrella Nursery,,,,KG-AM-1301,
حضانة وروضة المتفوقين أكاديمي,عمان,عمان,خلدا,شارع أيوب السختياني 14,,Al Mutafawqeen Academy KG & School,,,,KG-AM-1302,
حضانة منزلي الكبير,عمان,عمان,الشميساني,شارع الشريف ناصر بن جميل 78,,My Big House Nursery,,,,KG-AM-1303,
روضة أكاديمية الأطفال الرائعين,عمان,عمان,اليوبيل,شارع محمد العجلوني,,Wonderful Kids Academy KG,,,,KG-AM-1304,
حضانة وروضة كراميل,عمان,عمان,خلدا,شارع الأميرة زينب 63,,Caramel Nursery & KG,,,,KG-AM-1305,
حضانة بز بي,عمان,عمان,خلدا,خلدا,,BuzzBee Nursery,,,,KG-AM-1306,
روضة وابه,عمان,عمان,طبربور,شارع صدقي أبو شقرة,,Wabe KG,,,,KG-AM-1307,
حضانة سيفتي هاوس,عمان,عمان,خلدا,شارع المعارف – خلدا,,Safety House Nursery,,,,KG-AM-1308,
حضانة ليتل بي,عمان,عمان,اليوبيل,اليوبيل,,Little Bee Nursery,,,,KG-AM-1309,
روضة و حضانة هيل هاوس,عمان,عمان,الشميساني,شارع محمد علي بدير 37,,Hill House KG & Nursery,,,,KG-AM-1310,
حضانة الأكواخ الملونة,عمان,عمان,الشميساني,شارع الجاحظ – مقابل مجمع السعيد التجاري,7956591650,Al-Akwakh Al-Mulawwanah Nursery,,,,KG-AM-1311,
حضانة سويت آند نوتي,عمان,عمان,الشميساني,الشميساني,,Sweet and Naughty Nursery,,,,KG-AM-1312,
حضانة كيدز فالي,عمان,عمان,الشميساني,شارع يوسف بن تاشفين 5,,Kids Valley Nursery,,,,KG-AM-1313,
حضانة ليتل جاردن,عمان,عمان,خلدا,خلدا,,Little Garden Pre & Nursery,,,,KG-AM-1314,
حضانة راقي الدولية,عمان,عمان,الرابية,شارع رفاعة بن أوس 46,,Raqi International Preschool,,,,KG-AM-1315,
حضانة السلام,عمان,عمان,الكرسي,الكرسي,,Al-Salam Nursery,,,,KG-AM-1316,
حضانة ستدي بلاي,عمان,عمان,خلدا,شارع الشيخ حسين الجسر 44,,Study Play KG,,,,KG-AM-1317,
حضانة فيرست ستيب,عمان,عمان,اليوبيل,اليوبيل,,First Step Nursery,,,,KG-AM-1318,
حضانة كينزي,عمان,عمان,طبربور,شارع فاضل أحمد خليفة 20,,Kenzi KG,,,,KG-AM-1319,
حضانة ليتل بروفيسورز أكاديمي,عمان,عمان,خلدا,شارع أبهى 11,,Little Professors Academy,,,,KG-AM-1320,
حضانة زين,عمان,عمان,اليوبيل,شارع الإخلاص 31,,Zain Nursery,,,,KG-AM-1321,
حضانة وروضة ليونز كينجدوم,عمان,عمان,دابوق,شارع يثرب 9,,Lions Kingdom Nursery & Pre-school,,,,KG-AM-1322,
روضة و حضانة المجد الوطنية,عمان,عمان,خلدا,شارع الفقهاء – مجمع 4,,Al Majd National Academy KG,,,,KG-AM-1323,
حضانة وايت لاينز,عمان,عمان,خلدا,شارع أم الدنانير – خلدا,,White Lines Nursery,,,,KG-AM-1324,
حضانة لارا,عمان,عمان,تلاع العلي,خلف سوبر ماركت الأهالي,656704240,Lara Nursery,,,,KG-AM-1325,
حضانة المشاكس الصغير,عمان,عمان,أم أذينة,أم أذينة الشرقي,7955817620,Al-Mushakis Al-Saghir Nursery,,,,KG-AM-1326,
حضانة عطر الجوري,عمان,عمان,الياسمين,شارع محمد سالم الثوايب,,Atr Al-Jouri Nursery,,,,KG-AM-1327,
حضانة وروضة هابي فايسيز,عمان,عمان,اليوبيل,شارع ثويبة بن حرملة,,Happy Faces Nursery & Preschool,,,,KG-AM-1328,
حضانة آرت كير,عمان,عمان,خلدا,شارع عروة بن أذينة,,Art Care Nursery,,,,KG-AM-1329,
حضانة وروضة ستيب باي ستيب,عمان,عمان,الرابية,شارع وديع قسطندي 3,,Step By Step Preschool,,,,KG-AM-1330,
حضانة وروضة ليتل لاند,عمان,عمان,الشميساني,شارع الأشعري 15,,Little Land Nursery & Preschool,,,,KG-AM-1331,
حضانة دانا,عمان,عمان,خلدا,كنيسة كرم إمسيح – خلدا,,Dana Nursery,,,,KG-AM-1332,
حضانة بانان دي كير,عمان,عمان,اليوبيل,شارع موسى الساكت 76,,Banan Daycare,,,,KG-AM-1333,
حضانة طوق الياسمين,عمان,عمان,طبربور,مظهر علاونة – بجانب موسيقات القوات المسلحة,48972080,Tawq Al-Yasmin Nursery,,,,KG-AM-1334,
حضانة كولورز تري,عمان,عمان,خلدا,شارع عيسى أبو قدوم 6,,Colors Tree Nursery,,,,KG-AM-1335,
حضانة كرادل تو كرايون,عمان,عمان,اليوبيل,شارع أحمد عرابي,,Cradle to Crayon Nursery,,,,KG-AM-1336,
حضانة أفضل مكان لطفلك,إربد,إربد,إربد,,7903034430,Best Place for Your Child Nursery,,,,KG-IR-0036,
حضانة هابي داي,عمان,عمان,اليوبيل,شارع النزهة 15,,Happy Day Nursery,,,,KG-AM-1337,
حضانة لحن الحياة,عمان,عمان,جنوب عمان,إسحاق بن حنين – الياسمين – بناية 7,7956644260,Lahn Al-Hayat Nursery,,,,KG-AM-1338,
حضانة طلال ونورة,عمان,عمان,الرابية,شارع عرار 205,,Talal wa Noura Nursery,,,,KG-AM-1339,
حضانة كيه سيتي,عمان,عمان,تلاع العلي,شارع سامر رمّانة,,K-City Nursery,,,,KG-AM-1340,
حضانة نجوم المرج النموذجية,عمان,عمان,المرج,المرج,,Nujoom Al-Murj Model Nursery,,,,KG-AM-1341,
3,حضانة فروبل,governorate missing/not validated; governorate missing; city missing; area missing; address_line missing; contact_phone missing
5,حضانة مهارة و شطارة,governorate missing/not validated; governorate missing; city missing; area missing; address_line missing; contact_phone missing
6,حضانة جنى و نايا,governorate missing/not validated; governorate missing; city missing; area missing; address_line missing; contact_phone missing
7,حضانة فله,governorate missing/not validated; governorate missing; city missing; area missing; address_line missing; contact_phone missing
8,حضانة صبيان و بنات,governorate missing/not validated; governorate missing; city missing; area missing; address_line missing; contact_phone missing
9,حضانة السنونو,governorate missing/not validated; governorate missing; city missing; area missing; address_line missing; contact_phone missing
10,حضانة انوار االمل النموذجية,governorate missing/not validated; governorate missing; city missing; area missing; address_line missing; contact_phone missing
11,حضانة بيت بسمة المنتيسوري,governorate missing/not validated; governorate missing; city missing; area missing; address_line missing; contact_phone missing
12,حضانة براعم النرجس,governorate missing/not validated; governorate missing; city missing; area missing; address_line missing; contact_phone missing
13,حضانة خيوط الشمس,governorate missing/not validated; governorate missing; city missing; area missing; address_line missing; contact_phone missing
14,حضانة الطفل المشرق النموذجيه,governorate missing/not validated; governorate missing; city missing; area missing; address_line missing; contact_phone missing
15,حضانة نبع المحبه,governorate missing/not validated; governorate missing; city missing; area missing; address_line missing; contact_phone missing
16,حضانة ازهار الكريم,governorate missing/not validated; governorate missing; city missing; area missing; address_line missing; contact_phone missing
17,حضانة المغرد الصغير,governorate missing/not validated; governorate missing; city missing; area missing; address_line missing; contact_phone missing
18,حضانة الحداثة,governorate missing/not validated; governorate missing; city missing; area missing; address_line missing; contact_phone missing
19,حضانة ام يسار النموذجيه,governorate missing/not validated; governorate missing; city missing; area missing; address_line missing; contact_phone missing
21,حضانة وسن النموذجيه,governorate missing/not validated; governorate missing; city missing; area missing; address_line missing; contact_phone missing
22,حضانة االطياف الجميله,governorate missing/not validated; governorate missing; city missing; area missing; address_line missing; contact_phone missing
23,حضانة اطفال فراشات الربيع,governorate missing/not validated; governorate missing; city missing; area missing; address_line missing; contact_phone missing
24,حضانة عالم الزهور,governorate missing/not validated; governorate missing; city missing; area missing; address_line missing; contact_phone missing
25,حضانة سنابل عيرا,governorate missing/not validated; governorate missing; city missing; area missing; address_line missing; contact_phone missing
26,حضانة وروضة اطفال جبل الحسين,governorate missing/not validated; governorate missing; city missing; area missing; address_line missing; contact_phone missing
27,حضانة مالكي البريء,governorate missing/not validated; governorate missing; city missing; area missing; address_line missing; contact_phone missing
29,حضانة في داخلي قائد,governorate missing/not validated; governorate missing; city missing; area missing; address_line missing; contact_phone missing
31,حضانة بيت تيتا لالطفال,governorate missing/not validated; governorate missing; city missing; area missing; address_line missing; contact_phone missing
32,حضانة براعم الجنيد,governorate missing/not validated; governorate missing; city missing; area missing; address_line missing; contact_phone missing
33,حضانة االبرار,governorate missing/not validated; governorate missing; city missing; area missing; address_line missing; contact_phone missing
35,حضانة زهرة المجد,governorate missing/not validated; governorate missing; city missing; area missing; address_line missing; contact_phone missing
36,حضانة براعم الياسمين,governorate missing/not validated; governorate missing; city missing; area missing; address_line missing; contact_phone missing
37,حضانة قتاده,governorate missing/not validated; governorate missing; city missing; area missing; address_line missing; contact_phone missing
38,حضانة هدية هللا النموذجيه,governorate missing/not validated; governorate missing; city missing; area missing; address_line missing; contact_phone missing
39,حضانة نجوان للتعليم المبكر,governorate missing/not validated; governorate missing; city missing; area missing; address_line missing; contact_phone missing
40,حضانة سيدال النموذجيه,governorate missing/not validated; governorate missing; city missing; area missing; address_line missing; contact_phone missing
41,حضانة شعاع الشمس,governorate missing/not validated; governorate missing; city missing; area missing; address_line missing; contact_phone missing
43,حضانة الندى النموذجية,governorate missing/not validated; governorate missing; city missing; area missing; address_line missing; contact_phone missing
44,حضانة امنيات ملونه,governorate missing/not validated; governorate missing; city missing; area missing; address_line missing; contact_phone missing
45,حضانة اللؤلؤه المضيئه,governorate missing/not validated; governorate missing; city missing; area missing; address_line missing; contact_phone missing
46,حضانة نطاق الطفوله,governorate missing/not validated; governorate missing; city missing; area missing; address_line missing; contact_phone missing
47,حضانة اصحابي و العابي,governorate missing/not validated; governorate missing; city missing; area missing; address_line missing; contact_phone missing
48,حضانة تغريد الطيور,governorate missing/not validated; governorate missing; city missing; area missing; address_line missing; contact_phone missing
49,حضانة نورسين وجوري,governorate missing/not validated; governorate missing; city missing; area missing; address_line missing; contact_phone missing
50,حضانة دياال النموذجيه,governorate missing/not validated; governorate missing; city missing; area missing; address_line missing; contact_phone missing
51,حضانة عصافير سحاب النموذجيه,governorate missing/not validated; governorate missing; city missing; area missing; address_line missing; contact_phone missing
52,حضانة و روضة مدينة االطفال,governorate missing/not validated; governorate missing; city missing; area missing; address_line missing; contact_phone missing
53,حضانة نعيمه العلمي,governorate missing/not validated; governorate missing; city missing; area missing; address_line missing; contact_phone missing
54,حضانة النهى,governorate missing/not validated; governorate missing; city missing; area missing; address_line missing; contact_phone missing
55,حضانة ماما روال,governorate missing/not validated; governorate missing; city missing; area missing; address_line missing; contact_phone missing
56,حضانة مذاق الشهد,governorate missing/not validated; governorate missing; city missing; area missing; address_line missing; contact_phone missing
58,حضانة دار براءة االطفال الحديثه,governorate missing/not validated; governorate missing; city missing; area missing; address_line missing; contact_phone missing
59,حضانة عصافير عمان,contact_phone missing
60,حضانة االحالم الذهبيه,governorate missing/not validated; governorate missing; city missing; area missing; address_line missing; contact_phone missing
61,حضانة الطفل الهادي,governorate missing/not validated; governorate missing; city missing; area missing; address_line missing; contact_phone missing
62,حضانة حدائق الجنه,governorate missing/not validated; governorate missing; city missing; area missing; address_line missing; contact_phone missing
65,حضانة احضان الطفوله,governorate missing/not validated; governorate missing; city missing; area missing; address_line missing; contact_phone missing
66,حضانة و روضة الوان للتعليم المبكر,governorate missing/not validated; governorate missing; city missing; area missing; address_line missing; contact_phone missing
67,حضانة نيوتن النموذجيه,governorate missing/not validated; governorate missing; city missing; area missing; address_line missing; contact_phone missing
68,حضانة الدبدوب المحبوب,governorate missing/not validated; governorate missing; city missing; area missing; address_line missing; contact_phone missing
69,حضانة مرج الزهور االسالمية,governorate missing/not validated; governorate missing; city missing; area missing; address_line missing; contact_phone missing
70,حضانة براعم الوردة الجورية,governorate missing/not validated; governorate missing; city missing; area missing; address_line missing; contact_phone missing
71,حضانة ضحكتي,governorate missing/not validated; governorate missing; city missing; area missing; address_line missing; contact_phone missing
72,حضانة نطاق االلوان المرحة,governorate missing/not validated; governorate missing; city missing; area missing; address_line missing; contact_phone missing
74,حضانة فيء الرحمن,governorate missing/not validated; governorate missing; city missing; area missing; address_line missing; contact_phone missing
76,حضانة السنافر,governorate missing/not validated; governorate missing; city missing; area missing; address_line missing; contact_phone missing
77,حضانة البيت االنيق,governorate missing/not validated; governorate missing; city missing; area missing; address_line missing; contact_phone missing
79,حضانة عبد العزيز النموذجيه,governorate missing/not validated; governorate missing; city missing; area missing; address_line missing; contact_phone missing
80,حضانة دار الطفل جنيفا,governorate missing/not validated; governorate missing; city missing; area missing; address_line missing; contact_phone missing
81,حضانة جنة الحال,governorate missing/not validated; governorate missing; city missing; area missing; address_line missing; contact_phone missing
82,حضانة عالم االلوان,governorate missing/not validated; governorate missing; city missing; area missing; address_line missing; contact_phone missing
83,حضانة العربية,governorate missing/not validated; governorate missing; city missing; area missing; address_line missing; contact_phone missing
84,حضانة وروضة اناغيم الطيور,governorate missing/not validated; governorate missing; city missing; area missing; address_line missing; contact_phone missing
86,حضانة تمارا النموذجيه,governorate missing/not validated; governorate missing; city missing; area missing; address_line missing; contact_phone missing
87,حضانة روابي عجلون النموذجيه,governorate missing/not validated; governorate missing; city missing; area missing; address_line missing; contact_phone missing
88,حضانة ليان ولين,governorate missing/not validated; governorate missing; city missing; area missing; address_line missing; contact_phone missing
89,حضانة االم الحنونه,governorate missing/not validated; governorate missing; city missing; area missing; address_line missing; contact_phone missing
92,حضانة سولين,governorate missing/not validated; governorate missing; city missing; area missing; address_line missing; contact_phone missing
93,حضانة ادريا لالطفال,governorate missing/not validated; governorate missing; city missing; area missing; address_line missing; contact_phone missing
95,حضانة ساندي,governorate missing/not validated; governorate missing; city missing; area missing; address_line missing; contact_phone missing
96,حضانة كارمن,governorate missing/not validated; governorate missing; city missing; area missing; address_line missing; contact_phone missing
97,روضة و حضانة زهرة ايلول لالطفال,governorate missing/not validated; governorate missing; city missing; area missing; address_line missing; contact_phone missing
98,حضانة الرياده العلميه,governorate missing/not validated; governorate missing; city missing; area missing; address_line missing; contact_phone missing
99,حضانة يوسف مسعود,governorate missing/not validated; governorate missing; city missing; area missing; address_line missing; contact_phone missing
100,حضانة ابي عبيدة النموذجية,governorate missing/not validated; governorate missing; city missing; area missing; address_line missing; contact_phone missing
101,روضة أيوب,KG-HASH-898B6D1D
102,روضة و حضانة نحن الأطفال,KG-HASH-8455B1D4
103,حضانة وروضة صنلايت,KG-HASH-F7D28B57
104,روضة و حضانة عالم الصغار,KG-HASH-FE17E9FC
105,حضانة كُن طفلًا,KG-HASH-80C891AB
107,روضة هابي هارت,KG-HASH-F04CC5EB
108,حضانة بامبل بي,KG-HASH-0279436A
110,حضانة ليديبرد,KG-HASH-03B19603
111,حضانة داندون,KG-HASH-308C5723
112,حضانة إيرلي بيرد (تلاع العلي),KG-HASH-0DACDB2A
114,حضانة هيا سبراوتس,KG-HASH-B20A12EB
116,روضة كيدز واي,KG-HASH-14B8EEFC
118,حضانة ليتل ستيبس,KG-HASH-8BB9F307
119,حضانة رايت ستارت,KG-HASH-10FF2193
120,روضة الأصدقاء المبدعين,KG-HASH-EA79CCD1
122,حضانة ليتل فلاورز,KG-HASH-26D179FF
123,حضانة كيدز ستيبس,KG-HASH-62B652A3
124,حضانة شيري تري,KG-HASH-10A57BEB
125,حضانة ثراء كيدز,KG-HASH-8A7A94AE
132,حضانة براعم الرمثا التعليمية والنموذجية,governorate missing/not validated; governorate missing
168,حضانة أشكال النموذجية,KG-HASH-FAB42CCF
172,حضانة من الألف إلى الياء,KG-HASH-4127C849
187,حضانة ناريمان النموذجية,governorate missing/not validated; governorate missing
238,روضة وحضانة نداء الطفولة,KG-HASH-1931AB62
250,حضانة النحلة الصغيرة,KG-HASH-4433F4F1
257,حضانة حبات التوت,KG-HASH-D8BE6D1C-2
351,حضانة مونلايت,KG-HASH-BE0676F8
353,روضة ومدرسة ليلى للتعليم الحديث,KG-HASH-60DC6A36
354,حضانة ليتل ليرنرز,KG-HASH-BB1E1761
355,حضانة العلمي الممتع,KG-HASH-F56E50DA
356,حضانة ميني مي,KG-HASH-523722E9
358,حضانة كوكون,KG-HASH-777B54E4
360,حضانة نهج المعرفة,KG-HASH-5C8C7848
361,روضة بوك أند براش,KG-HASH-A299E413
363,حضانة وروضة وورلد كرياتيف,KG-HASH-BF4E002A
364,حضانة الأطفال السعداء (2),KG-HASH-CDFD7CC9
366,روضة ينابيع العلم,KG-HASH-9CBD10A4
368,حضانة ميلكي تيث,KG-HASH-B1972B80
369,حضانة ستارفيش,KG-HASH-A7653A3A
370,حضانة ليتل هاندز,KG-HASH-0DD263BE
371,حضانة وروضة ستيبينج ستون,KG-HASH-4A28529A
372,حضانة آدم كيدز,KG-HASH-E055B92B
374,حضانة أمبريلا,KG-HASH-9AC2CF85
375,حضانة وروضة المتفوقين أكاديمي,KG-HASH-A24B09E8
376,حضانة منزلي الكبير,KG-HASH-4999737F
377,روضة أكاديمية الأطفال الرائعين,KG-HASH-EE496C79
378,حضانة وروضة كراميل,KG-HASH-57417CA6
379,حضانة بز بي,KG-HASH-951E858B
380,روضة وابه,KG-HASH-D122E454
381,حضانة سيفتي هاوس,KG-HASH-654A8C71
382,حضانة ليتل بي,KG-HASH-2CA432ED
383,روضة و حضانة هيل هاوس,KG-HASH-7AC877DA
385,حضانة سويت آند نوتي,KG-HASH-F9CF1492
386,حضانة كيدز فالي,KG-HASH-C49EF747
387,حضانة ليتل جاردن,KG-HASH-29DC1FB8
388,حضانة راقي الدولية,KG-HASH-E307EB47
389,حضانة السلام,KG-HASH-442135FF
390,حضانة ستدي بلاي,KG-HASH-90D3AFDA
391,حضانة فيرست ستيب,KG-HASH-B8913CBB
392,حضانة كينزي,KG-HASH-F9747E9B
393,حضانة ليتل بروفيسورز أكاديمي,KG-HASH-4B6D2F96
394,حضانة زين,KG-HASH-1AD07103
395,حضانة وروضة ليونز كينجدوم,KG-HASH-D204B357
396,روضة و حضانة المجد الوطنية,KG-HASH-5FFC24CF
397,حضانة وايت لاينز,KG-HASH-BEBF068B
400,حضانة عطر الجوري,KG-HASH-7043AFDC
401,حضانة وروضة هابي فايسيز,KG-HASH-9A44FDE6
402,حضانة آرت كير,KG-HASH-1ED45B46
403,حضانة وروضة ستيب باي ستيب,KG-HASH-BF44A8E7
404,حضانة وروضة ليتل لاند,KG-HASH-80BFEE93
405,حضانة دانا,KG-HASH-A2C27646
406,حضانة بانان دي كير,KG-HASH-EC1C1FE7
408,حضانة كولورز تري,KG-HASH-CAC684E6
409,حضانة كرادل تو كرايون,KG-HASH-8DB985E0
467,حضانة أفضل مكان لطفلك,address_line missing
697,حضانة هابي داي,KG-HASH-E2D3E919
699,حضانة طلال ونورة,KG-HASH-1BD725A8
700,حضانة كيه سيتي,KG-HASH-C836D100
701,حضانة نجوم المرج النموذجية,KG-HASH-731621CE
1299,حضانة نبال,KG-HASH-B0770603-4
1306,حضانة غزل البنات,KG-HASH-B8053318-4
1318,شركه روضه الانامل المبدعه,KG-HASH-B6FE751C-4
1319,الحضانه البرونزيه,KG-HASH-25EED9C1-4
1321,روضة وحضانة ادم,KG-HASH-5C9404A3-4
1335,حضانه عايدة,KG-HASH-4D461A64-4
1336,حضانه هنا لنكبر,KG-HASH-FD3311DF-4
1339,المدارس العمريه المساهمه الخصوصيه المحدوده,KG-HASH-EBE4269E-4
1344,حضانة الدلال,KG-HASH-4C21AA9B-4
1351,حضانة عالم الصغار,KG-HASH-7ADE73A6-4
1364,روضة ومدارس الابداع التربوي,KG-HASH-91A4559F-4
1366,شركة حضانة هورايزن,KG-HASH-802327E2-4
1371,الشركة الاردنبة الامريكية لتعليم اللغات / مركز قاصد الثقافي,KG-HASH-1C9E4E56-4
1372,حضانة نجم البحر,KG-HASH-AA2CE132-4
1375,حضانة بلوسوم,KG-HASH-E3C4BC75-4
1379,حضانة عطر الجوري للاطفال,KG-HASH-670B2F23-4
1389,حضانة شمس الصباح,KG-HASH-E94E5C5B-4
1391,حضانة السلالم الذهبية للاطفال,KG-HASH-612AEAEA-4
1393,براعم سما الحمر,KG-HASH-D556F975-4
1428,حضانة لارين,KG-HASH-FF440E55-4
1433,روضة و حضانة خواطر,KG-HASH-F0F667CF-4
1444,حضانة رند ورنيم,KG-HASH-BEC09F1F-4
1451,حضانة التعليم الفاعل,KG-HASH-FA400738-4
1479,حضانة طيور الصباح,KG-HASH-739120AE-4
1480,حضانه وروضه البستان,KG-HASH-CB83DA24-4
1482,اكاديمية ومدارس المشاهيرللعلم والمعرفة,governorate missing/not validated; governorate missing; city missing; contact_phone missing
1493,حضانة الفرحة الاولى,KG-HASH-03B4015E-4
1504,دار حضانه البركه النموذجيه,KG-HASH-C389429A-4
1512,روضة وحضانة ادرس والعب,KG-HASH-11A771A0-4
1532,حضانة الذهب والالماس,KG-HASH-BF1F3989-4
1533,شركة مدارس الجامعه الامريكيه للشرق الاوسط,KG-HASH-4208AF51-4
1585,جمعيه خليل الرحمن الخيريه,KG-HASH-E24B092C-4
1618,شركة اشرف وايهاب جلنبو (حضانة من الف الى الياء ),KG-HASH-6D04B06D-4
196,حضانة الفقاعة المضحكة,126,Duplicate by normalized name + address/license/phone
198,حضانة ريتان,128,Duplicate by normalized name + address/license/phone
199,حضانة الطفل الأمثل,129,Duplicate by normalized name + address/license/phone
200,حضانة الانامل الذهبية,164,Duplicate by normalized name + address/license/phone
201,حضانة حكايتي الصغيرة,165,Duplicate by normalized name + address/license/phone
202,حضانة براعم السكر,166,Duplicate by normalized name + address/license/phone
203,حضانة درجات صغيرة,167,Duplicate by normalized name + address/license/phone
204,حضانة أشكال النموذجية,168,Duplicate by normalized name + address/license/phone
205,حضانة لطفولة أرقى,169,Duplicate by normalized name + address/license/phone
206,حضانة سلمى وزين,170,Duplicate by normalized name + address/license/phone
207,حضانة هلا وغلا,171,Duplicate by normalized name + address/license/phone
208,حضانة من الألف إلى الياء,172,Duplicate by normalized name + address/license/phone
209,حضانة الطفل السعيد,173,Duplicate by normalized name + address/license/phone
210,حضانة بدايات عظيمة,174,Duplicate by normalized name + address/license/phone
211,حضانة ديمة النموذجية,175,Duplicate by normalized name + address/license/phone
212,حضانة ضحكات الطفولة,176,Duplicate by normalized name + address/license/phone
213,حضانة الأطفال السعداء,177,Duplicate by normalized name + address/license/phone
214,حضانة جوان النموذجية,178,Duplicate by normalized name + address/license/phone
215,حضانة نور الجبيهة,179,Duplicate by normalized name + address/license/phone
216,حضانة وروضة رونق المودة,180,Duplicate by normalized name + address/license/phone
217,حضانة بريق النمارق,181,Duplicate by normalized name + address/license/phone
218,حضانة الأرض السعيدة,182,Duplicate by normalized name + address/license/phone
219,حضانة الحمامي,183,Duplicate by normalized name + address/license/phone
220,أكاديمية مدرسة وروضة جنى دان,184,Duplicate by normalized name + address/license/phone
221,حضانة شذى الورد,185,Duplicate by normalized name + address/license/phone
222,حضانة بذور الغد,186,Duplicate by normalized name + address/license/phone
223,حضانة ناريمان النموذجية,187,Duplicate by normalized name + address/license/phone
224,حضانة كوكب المرح الطفولي,188,Duplicate by normalized name + address/license/phone
225,حضانة ورود الربيع,189,Duplicate by normalized name + address/license/phone
226,حضانة حسام وسبأ الحديثة,190,Duplicate by normalized name + address/license/phone
227,حضانة تكوين,191,Duplicate by normalized name + address/license/phone
228,حضانة الفطاحلة النموذجية,192,Duplicate by normalized name + address/license/phone
229,حضانة بيت السكاكر,193,Duplicate by normalized name + address/license/phone
230,حضانة القلب السعيد,194,Duplicate by normalized name + address/license/phone
231,حضانة كوخ الدب,195,Duplicate by normalized name + address/license/phone
232,حضانة الفقاعة المضحكة,126,Duplicate by normalized name + address/license/phone
233,حضانة طيور المحبة,197,Duplicate by normalized name + address/license/phone
234,حضانة ريتان,128,Duplicate by normalized name + address/license/phone
235,حضانة الطفل الأمثل,129,Duplicate by normalized name + address/license/phone
274,حضانة الجيل القادم,121,Duplicate by normalized name + address/license/phone
275,حضانة الانامل الذهبية,164,Duplicate by normalized name + address/license/phone
276,حضانة حكايتي الصغيرة,165,Duplicate by normalized name + address/license/phone
277,حضانة براعم السكر,166,Duplicate by normalized name + address/license/phone
278,حضانة درجات صغيرة,167,Duplicate by normalized name + address/license/phone
279,حضانة أشكال النموذجية,168,Duplicate by normalized name + address/license/phone
280,حضانة لطفولة أرقى,169,Duplicate by normalized name + address/license/phone
281,حضانة سلمى وزين,170,Duplicate by normalized name + address/license/phone
282,حضانة هلا وغلا,171,Duplicate by normalized name + address/license/phone
283,حضانة من الألف إلى الياء,172,Duplicate by normalized name + address/license/phone
284,حضانة الطفل السعيد,173,Duplicate by normalized name + address/license/phone
285,حضانة بدايات عظيمة,174,Duplicate by normalized name + address/license/phone
286,حضانة ديمة النموذجية,175,Duplicate by normalized name + address/license/phone
287,حضانة ضحكات الطفولة,176,Duplicate by normalized name + address/license/phone
288,حضانة الأطفال السعداء,177,Duplicate by normalized name + address/license/phone
289,حضانة جوان النموذجية,178,Duplicate by normalized name + address/license/phone
290,حضانة نور الجبيهة,179,Duplicate by normalized name + address/license/phone
291,حضانة وروضة رونق المودة,180,Duplicate by normalized name + address/license/phone
292,حضانة بريق النمارق,181,Duplicate by normalized name + address/license/phone
293,حضانة الأرض السعيدة,182,Duplicate by normalized name + address/license/phone
294,حضانة الحمامي,183,Duplicate by normalized name + address/license/phone
295,أكاديمية مدرسة وروضة جنى دان,184,Duplicate by normalized name + address/license/phone
296,حضانة شذى الورد,185,Duplicate by normalized name + address/license/phone
297,حضانة بذور الغد,186,Duplicate by normalized name + address/license/phone
298,حضانة ناريمان النموذجية,187,Duplicate by normalized name + address/license/phone
299,حضانة كوكب المرح الطفولي,188,Duplicate by normalized name + address/license/phone
300,حضانة ورود الربيع,189,Duplicate by normalized name + address/license/phone
301,حضانة حسام وسبأ الحديثة,190,Duplicate by normalized name + address/license/phone
302,حضانة تكوين,191,Duplicate by normalized name + address/license/phone
303,حضانة الفطاحلة النموذجية,192,Duplicate by normalized name + address/license/phone
304,حضانة بيت السكاكر,193,Duplicate by normalized name + address/license/phone
305,حضانة القلب السعيد,194,Duplicate by normalized name + address/license/phone
306,حضانة كوخ الدب,195,Duplicate by normalized name + address/license/phone
307,حضانة الفقاعة المضحكة,126,Duplicate by normalized name + address/license/phone
308,حضانة طيور المحبة,197,Duplicate by normalized name + address/license/phone
309,حضانة ريتان,128,Duplicate by normalized name + address/license/phone
310,حضانة الطفل الأمثل,129,Duplicate by normalized name + address/license/phone
311,حضانة اليوم السعيد,236,Duplicate by normalized name + address/license/phone
312,حضانة فرح النموذجية,237,Duplicate by normalized name + address/license/phone
313,روضة وحضانة نداء الطفولة,238,Duplicate by normalized name + address/license/phone
314,حضانة سيسو النموذجية,239,Duplicate by normalized name + address/license/phone
315,روضة ومدارس أكاديمية ريتال الدولية,240,Duplicate by normalized name + address/license/phone
316,حضانة قوس قزح النموذجية,241,Duplicate by normalized name + address/license/phone
317,شركة إبداع الطفولة,242,Duplicate by normalized name + address/license/phone
318,حضانة الصياد الصغير,243,Duplicate by normalized name + address/license/phone
319,الشجرة المباركة للتعليم والاستثمار,244,Duplicate by normalized name + address/license/phone
320,حضانة نطاق الألوان المرحة,245,Duplicate by normalized name + address/license/phone
321,حضانة زهور صغيرة,246,Duplicate by normalized name + address/license/phone
322,حضانة المشاكس الصغير,247,Duplicate by normalized name + address/license/phone
323,حضانة عبق عجلون النموذجية,248,Duplicate by normalized name + address/license/phone
324,مؤسسة المنهل التربوية,249,Duplicate by normalized name + address/license/phone
325,حضانة النحلة الصغيرة,250,Duplicate by normalized name + address/license/phone
326,حضانة مملكة السكر,251,Duplicate by normalized name + address/license/phone
327,حضانة طوق الياسمين,252,Duplicate by normalized name + address/license/phone
328,حضانة قمم الأشجار,253,Duplicate by normalized name + address/license/phone
329,حضانة الخيوط اللامعة,254,Duplicate by normalized name + address/license/phone
330,حضانة الما وأيلا,255,Duplicate by normalized name + address/license/phone
331,حضانة ماما رولا,256,Duplicate by normalized name + address/license/phone
332,حضانة حبات التوت,257,Duplicate by normalized name + address/license/phone
333,حضانة أطفال تمارا,258,Duplicate by normalized name + address/license/phone
334,حضانة أزهار بيسان,259,Duplicate by normalized name + address/license/phone
335,حضانة دانة الدولية,260,Duplicate by normalized name + address/license/phone
336,حضانة سالي وسلمى,261,Duplicate by normalized name + address/license/phone
337,حضانة وسيم النموذجية,262,Duplicate by normalized name + address/license/phone
338,حضانة النحلة جولي,263,Duplicate by normalized name + address/license/phone
339,حضانة الأكواخ الملونة,264,Duplicate by normalized name + address/license/phone
340,حضانة النجوم المتلألئة,265,Duplicate by normalized name + address/license/phone
341,حضانة جنتي للأطفال,266,Duplicate by normalized name + address/license/phone
342,حضانة ميرا والمى,267,Duplicate by normalized name + address/license/phone
343,حضانة عصافير الكرك,268,Duplicate by normalized name + address/license/phone
344,حضانة القطط الصغيرة,269,Duplicate by normalized name + address/license/phone
345,حضانة الطفل الحسن,270,Duplicate by normalized name + address/license/phone
346,روضة وحضانة أنا الصغير,271,Duplicate by normalized name + address/license/phone
347,حضانة القلب الكبير,272,Duplicate by normalized name + address/license/phone
348,حضانة قرية التوت العالمية,273,Duplicate by normalized name + address/license/phone
349,حضانة الجيل القادم,121,Duplicate by normalized name + address/license/phone
410,روضة أيوب,101,Duplicate by normalized name + address/license/phone
411,روضة و حضانة نحن الأطفال,102,Duplicate by normalized name + address/license/phone
412,حضانة وروضة صنلايت,103,Duplicate by normalized name + address/license/phone
413,روضة و حضانة عالم الصغار,104,Duplicate by normalized name + address/license/phone
414,حضانة كُن طفلًا,105,Duplicate by normalized name + address/license/phone
415,حضانة تري توبس,106,Duplicate by normalized name + address/license/phone
416,روضة هابي هارت,107,Duplicate by normalized name + address/license/phone
417,حضانة بامبل بي,108,Duplicate by normalized name + address/license/phone
418,حضانة الما وايلا,109,Duplicate by normalized name + address/license/phone
419,حضانة ليديبرد,110,Duplicate by normalized name + address/license/phone
420,حضانة داندون,111,Duplicate by normalized name + address/license/phone
421,حضانة إيرلي بيرد (تلاع العلي),112,Duplicate by normalized name + address/license/phone
422,روضة الطفل السعيد,113,Duplicate by normalized name + address/license/phone
423,حضانة هيا سبراوتس,114,Duplicate by normalized name + address/license/phone
424,حضانة بيتي الصغير,115,Duplicate by normalized name + address/license/phone
425,روضة كيدز واي,116,Duplicate by normalized name + address/license/phone
426,حضانة جريت بيجينينجز,117,Duplicate by normalized name + address/license/phone
427,حضانة ليتل ستيبس,118,Duplicate by normalized name + address/license/phone
428,حضانة رايت ستارت,119,Duplicate by normalized name + address/license/phone
429,روضة الأصدقاء المبدعين,120,Duplicate by normalized name + address/license/phone
430,حضانة الجيل القادم,121,Duplicate by normalized name + address/license/phone
431,حضانة ليتل فلاورز,122,Duplicate by normalized name + address/license/phone
432,حضانة كيدز ستيبس,123,Duplicate by normalized name + address/license/phone
433,حضانة شيري تري,124,Duplicate by normalized name + address/license/phone
434,حضانة ثراء كيدز,125,Duplicate by normalized name + address/license/phone
435,حضانة الفقاعة المضحكة,126,Duplicate by normalized name + address/license/phone
436,حضانة طيور المحبة,127,Duplicate by normalized name + address/license/phone
437,حضانة ريتان,128,Duplicate by normalized name + address/license/phone
438,حضانة الطفل الأمثل,129,Duplicate by normalized name + address/license/phone
439,حضانة أطفال الرونق,130,Duplicate by normalized name + address/license/phone
440,حضانة البالون,131,Duplicate by normalized name + address/license/phone
441,حضانة براعم الرمثا التعليمية والنموذجية,132,Duplicate by normalized name + address/license/phone
442,حضانة النبات السليم,133,Duplicate by normalized name + address/license/phone
443,حضانة أرض النجوم,134,Duplicate by normalized name + address/license/phone
444,حضانة صقور العزة,135,Duplicate by normalized name + address/license/phone
445,حضانة أطفال التوت البري,136,Duplicate by normalized name + address/license/phone
446,حضانة أنس وأمير,137,Duplicate by normalized name + address/license/phone
447,حضانة ألوان الفرح للأطفال,138,Duplicate by normalized name + address/license/phone
448,حضانة أحمد وضحى,139,Duplicate by normalized name + address/license/phone
449,حضانة البداية السعيدة النموذجية,140,Duplicate by normalized name + address/license/phone
450,حضانة أنا وأخي نمرح,141,Duplicate by normalized name + address/license/phone
451,حضانة جود وميرا,142,Duplicate by normalized name + address/license/phone
452,حضانة ضوء القمر,143,Duplicate by normalized name + address/license/phone
453,حضانة بيت الحلوة للأطفال,144,Duplicate by normalized name + address/license/phone
454,حضانة الطفل العربي,145,Duplicate by normalized name + address/license/phone
455,حضانة حبايبنا,146,Duplicate by normalized name + address/license/phone
456,حضانة الخطوات التعليمية,147,Duplicate by normalized name + address/license/phone
457,حضانة فوفو ودودو,148,Duplicate by normalized name + address/license/phone
458,حضانة ورود المستقبل,149,Duplicate by normalized name + address/license/phone
459,حضانة الانطباعات الأولى,150,Duplicate by normalized name + address/license/phone
460,حضانة بابا سنفور,151,Duplicate by normalized name + address/license/phone
461,حضانة جمعية الشابات المسيحية الخيرية-الفحيص,152,Duplicate by normalized name + address/license/phone
462,حضانة رياحين الجنة,153,Duplicate by normalized name + address/license/phone
463,حضانة خمسة وستون 65,154,Duplicate by normalized name + address/license/phone
464,حضانة جنة الورد,155,Duplicate by normalized name + address/license/phone
465,حضانة الكلمات الأولى,156,Duplicate by normalized name + address/license/phone
466,حضانة زين ونانا,157,Duplicate by normalized name + address/license/phone
468,حضانة زهور الليلك,159,Duplicate by normalized name + address/license/phone
469,المستوى الرفيع المتميز للتعليم,160,Duplicate by normalized name + address/license/phone
470,حضانة المملكة الصغيرة,161,Duplicate by normalized name + address/license/phone
471,حضانة أحلام المستقبل النموذجية,162,Duplicate by normalized name + address/license/phone
472,حضانة عبق الربيع,163,Duplicate by normalized name + address/license/phone
473,حضانة الانامل الذهبية,164,Duplicate by normalized name + address/license/phone
474,حضانة حكايتي الصغيرة,165,Duplicate by normalized name + address/license/phone
475,حضانة براعم السكر,166,Duplicate by normalized name + address/license/phone
476,حضانة درجات صغيرة,167,Duplicate by normalized name + address/license/phone
477,حضانة أشكال النموذجية,168,Duplicate by normalized name + address/license/phone
478,حضانة لطفولة أرقى,169,Duplicate by normalized name + address/license/phone
479,حضانة سلمى وزين,170,Duplicate by normalized name + address/license/phone
480,حضانة هلا وغلا,171,Duplicate by normalized name + address/license/phone
481,حضانة من الألف إلى الياء,172,Duplicate by normalized name + address/license/phone
482,حضانة الطفل السعيد,173,Duplicate by normalized name + address/license/phone
483,حضانة بدايات عظيمة,174,Duplicate by normalized name + address/license/phone
484,حضانة ديمة النموذجية,175,Duplicate by normalized name + address/license/phone
485,حضانة ضحكات الطفولة,176,Duplicate by normalized name + address/license/phone
486,حضانة الأطفال السعداء,177,Duplicate by normalized name + address/license/phone
487,حضانة جوان النموذجية,178,Duplicate by normalized name + address/license/phone
488,حضانة نور الجبيهة,179,Duplicate by normalized name + address/license/phone
489,حضانة وروضة رونق المودة,180,Duplicate by normalized name + address/license/phone
490,حضانة بريق النمارق,181,Duplicate by normalized name + address/license/phone
491,حضانة الأرض السعيدة,182,Duplicate by normalized name + address/license/phone
492,حضانة الحمامي,183,Duplicate by normalized name + address/license/phone
493,أكاديمية مدرسة وروضة جنى دان,184,Duplicate by normalized name + address/license/phone
494,حضانة شذى الورد,185,Duplicate by normalized name + address/license/phone
495,حضانة بذور الغد,186,Duplicate by normalized name + address/license/phone
496,حضانة ناريمان النموذجية,187,Duplicate by normalized name + address/license/phone
497,حضانة كوكب المرح الطفولي,188,Duplicate by normalized name + address/license/phone
498,حضانة ورود الربيع,189,Duplicate by normalized name + address/license/phone
499,حضانة حسام وسبأ الحديثة,190,Duplicate by normalized name + address/license/phone
500,حضانة تكوين,191,Duplicate by normalized name + address/license/phone
501,حضانة الفطاحلة النموذجية,192,Duplicate by normalized name + address/license/phone
502,حضانة بيت السكاكر,193,Duplicate by normalized name + address/license/phone
503,حضانة القلب السعيد,194,Duplicate by normalized name + address/license/phone
504,حضانة كوخ الدب,195,Duplicate by normalized name + address/license/phone
505,حضانة طيور المحبة,197,Duplicate by normalized name + address/license/phone
506,حضانة الطفل الأمثل,129,Duplicate by normalized name + address/license/phone
507,حضانة اليوم السعيد,236,Duplicate by normalized name + address/license/phone
508,حضانة فرح النموذجية,237,Duplicate by normalized name + address/license/phone
509,روضة وحضانة نداء الطفولة,238,Duplicate by normalized name + address/license/phone
510,حضانة سيسو النموذجية,239,Duplicate by normalized name + address/license/phone
511,روضة ومدارس أكاديمية ريتال الدولية,240,Duplicate by normalized name + address/license/phone
512,حضانة قوس قزح النموذجية,241,Duplicate by normalized name + address/license/phone
513,شركة إبداع الطفولة,242,Duplicate by normalized name + address/license/phone
514,حضانة الصياد الصغير,243,Duplicate by normalized name + address/license/phone
515,الشجرة المباركة للتعليم والاستثمار,244,Duplicate by normalized name + address/license/phone
516,حضانة نطاق الألوان المرحة,245,Duplicate by normalized name + address/license/phone
517,حضانة زهور صغيرة,246,Duplicate by normalized name + address/license/phone
518,حضانة المشاكس الصغير,247,Duplicate by normalized name + address/license/phone
519,حضانة عبق عجلون النموذجية,248,Duplicate by normalized name + address/license/phone
520,مؤسسة المنهل التربوية,249,Duplicate by normalized name + address/license/phone
521,حضانة النحلة الصغيرة,250,Duplicate by normalized name + address/license/phone
522,حضانة مملكة السكر,251,Duplicate by normalized name + address/license/phone
523,حضانة طوق الياسمين,252,Duplicate by normalized name + address/license/phone
524,حضانة قمم الأشجار,253,Duplicate by normalized name + address/license/phone
525,حضانة الخيوط اللامعة,254,Duplicate by normalized name + address/license/phone
526,حضانة الما وأيلا,255,Duplicate by normalized name + address/license/phone
527,حضانة ماما رولا,256,Duplicate by normalized name + address/license/phone
528,حضانة حبات التوت,257,Duplicate by normalized name + address/license/phone
529,حضانة أطفال تمارا,258,Duplicate by normalized name + address/license/phone
530,حضانة أزهار بيسان,259,Duplicate by normalized name + address/license/phone
531,حضانة دانة الدولية,260,Duplicate by normalized name + address/license/phone
532,حضانة سالي وسلمى,261,Duplicate by normalized name + address/license/phone
533,حضانة وسيم النموذجية,262,Duplicate by normalized name + address/license/phone
534,حضانة النحلة جولي,263,Duplicate by normalized name + address/license/phone
535,حضانة الأكواخ الملونة,264,Duplicate by normalized name + address/license/phone
536,حضانة النجوم المتلألئة,265,Duplicate by normalized name + address/license/phone
537,حضانة جنتي للأطفال,266,Duplicate by normalized name + address/license/phone
538,حضانة ميرا والمى,267,Duplicate by normalized name + address/license/phone
539,حضانة عصافير الكرك,268,Duplicate by normalized name + address/license/phone
540,حضانة القطط الصغيرة,269,Duplicate by normalized name + address/license/phone
541,حضانة الطفل الحسن,270,Duplicate by normalized name + address/license/phone
542,روضة وحضانة أنا الصغير,271,Duplicate by normalized name + address/license/phone
543,حضانة القلب الكبير,272,Duplicate by normalized name + address/license/phone
544,حضانة قرية التوت العالمية,273,Duplicate by normalized name + address/license/phone
545,حضانة الجيل القادم,121,Duplicate by normalized name + address/license/phone
546,حضانة التباشير البيضاء,350,Duplicate by normalized name + address/license/phone
547,حضانة مونلايت,351,Duplicate by normalized name + address/license/phone
548,حضانة فيرست ووردز,352,Duplicate by normalized name + address/license/phone
549,روضة ومدرسة ليلى للتعليم الحديث,353,Duplicate by normalized name + address/license/phone
550,حضانة ليتل ليرنرز,354,Duplicate by normalized name + address/license/phone
551,حضانة العلمي الممتع,355,Duplicate by normalized name + address/license/phone
552,حضانة ميني مي,356,Duplicate by normalized name + address/license/phone
553,حضانة الانطلاقة,357,Duplicate by normalized name + address/license/phone
554,حضانة كوكون,358,Duplicate by normalized name + address/license/phone
555,حضانة زهور المستقبل,359,Duplicate by normalized name + address/license/phone
556,حضانة نهج المعرفة,360,Duplicate by normalized name + address/license/phone
557,روضة بوك أند براش,361,Duplicate by normalized name + address/license/phone
558,حضانة البدايات المشرقة,362,Duplicate by normalized name + address/license/phone
559,حضانة وروضة وورلد كرياتيف,363,Duplicate by normalized name + address/license/phone
560,حضانة الأطفال السعداء (2),364,Duplicate by normalized name + address/license/phone
561,حضانة السندريلا,365,Duplicate by normalized name + address/license/phone
562,روضة ينابيع العلم,366,Duplicate by normalized name + address/license/phone
563,حضانة السوبر ناني,367,Duplicate by normalized name + address/license/phone
564,حضانة ميلكي تيث,368,Duplicate by normalized name + address/license/phone
565,حضانة ستارفيش,369,Duplicate by normalized name + address/license/phone
566,حضانة ليتل هاندز,370,Duplicate by normalized name + address/license/phone
567,حضانة وروضة ستيبينج ستون,371,Duplicate by normalized name + address/license/phone
568,حضانة آدم كيدز,372,Duplicate by normalized name + address/license/phone
569,حضانة رونق المودة,373,Duplicate by normalized name + address/license/phone
570,حضانة أمبريلا,374,Duplicate by normalized name + address/license/phone
571,حضانة وروضة المتفوقين أكاديمي,375,Duplicate by normalized name + address/license/phone
572,حضانة منزلي الكبير,376,Duplicate by normalized name + address/license/phone
573,روضة أكاديمية الأطفال الرائعين,377,Duplicate by normalized name + address/license/phone
574,حضانة وروضة كراميل,378,Duplicate by normalized name + address/license/phone
575,حضانة بز بي,379,Duplicate by normalized name + address/license/phone
576,روضة وابه,380,Duplicate by normalized name + address/license/phone
577,حضانة سيفتي هاوس,381,Duplicate by normalized name + address/license/phone
578,حضانة ليتل بي,382,Duplicate by normalized name + address/license/phone
579,روضة و حضانة هيل هاوس,383,Duplicate by normalized name + address/license/phone
580,حضانة سويت آند نوتي,385,Duplicate by normalized name + address/license/phone
581,حضانة كيدز فالي,386,Duplicate by normalized name + address/license/phone
582,حضانة ليتل جاردن,387,Duplicate by normalized name + address/license/phone
583,حضانة راقي الدولية,388,Duplicate by normalized name + address/license/phone
584,حضانة السلام,389,Duplicate by normalized name + address/license/phone
585,حضانة ستدي بلاي,390,Duplicate by normalized name + address/license/phone
586,حضانة فيرست ستيب,391,Duplicate by normalized name + address/license/phone
587,حضانة كينزي,392,Duplicate by normalized name + address/license/phone
588,حضانة ليتل بروفيسورز أكاديمي,393,Duplicate by normalized name + address/license/phone
589,حضانة زين,394,Duplicate by normalized name + address/license/phone
590,حضانة وروضة ليونز كينجدوم,395,Duplicate by normalized name + address/license/phone
591,روضة و حضانة المجد الوطنية,396,Duplicate by normalized name + address/license/phone
592,حضانة وايت لاينز,397,Duplicate by normalized name + address/license/phone
593,حضانة لارا,398,Duplicate by normalized name + address/license/phone
594,حضانة عطر الجوري,400,Duplicate by normalized name + address/license/phone
595,حضانة وروضة هابي فايسيز,401,Duplicate by normalized name + address/license/phone
596,حضانة آرت كير,402,Duplicate by normalized name + address/license/phone
597,حضانة وروضة ستيب باي ستيب,403,Duplicate by normalized name + address/license/phone
598,حضانة وروضة ليتل لاند,404,Duplicate by normalized name + address/license/phone
599,حضانة دانا,405,Duplicate by normalized name + address/license/phone
600,حضانة بانان دي كير,406,Duplicate by normalized name + address/license/phone
601,حضانة كولورز تري,408,Duplicate by normalized name + address/license/phone
602,حضانة كرادل تو كرايون,409,Duplicate by normalized name + address/license/phone
603,روضة أيوب,101,Duplicate by normalized name + address/license/phone
604,روضة و حضانة نحن الأطفال,102,Duplicate by normalized name + address/license/phone
605,حضانة وروضة صنلايت,103,Duplicate by normalized name + address/license/phone
606,روضة و حضانة عالم الصغار,104,Duplicate by normalized name + address/license/phone
607,حضانة كُن طفلًا,105,Duplicate by normalized name + address/license/phone
608,حضانة تري توبس,106,Duplicate by normalized name + address/license/phone
609,روضة هابي هارت,107,Duplicate by normalized name + address/license/phone
610,حضانة بامبل بي,108,Duplicate by normalized name + address/license/phone
611,حضانة الما وايلا,109,Duplicate by normalized name + address/license/phone
612,حضانة ليديبرد,110,Duplicate by normalized name + address/license/phone
613,حضانة داندون,111,Duplicate by normalized name + address/license/phone
614,حضانة إيرلي بيرد (تلاع العلي),112,Duplicate by normalized name + address/license/phone
615,روضة الطفل السعيد,113,Duplicate by normalized name + address/license/phone
616,حضانة هيا سبراوتس,114,Duplicate by normalized name + address/license/phone
617,حضانة بيتي الصغير,115,Duplicate by normalized name + address/license/phone
618,روضة كيدز واي,116,Duplicate by normalized name + address/license/phone
619,حضانة جريت بيجينينجز,117,Duplicate by normalized name + address/license/phone
620,حضانة ليتل ستيبس,118,Duplicate by normalized name + address/license/phone
621,حضانة رايت ستارت,119,Duplicate by normalized name + address/license/phone
622,روضة الأصدقاء المبدعين,120,Duplicate by normalized name + address/license/phone
623,حضانة ليتل فلاورز,122,Duplicate by normalized name + address/license/phone
624,حضانة كيدز ستيبس,123,Duplicate by normalized name + address/license/phone
625,حضانة شيري تري,124,Duplicate by normalized name + address/license/phone
626,حضانة ثراء كيدز,125,Duplicate by normalized name + address/license/phone
627,حضانة الفقاعة المضحكة,126,Duplicate by normalized name + address/license/phone
628,حضانة طيور المحبة,197,Duplicate by normalized name + address/license/phone
629,حضانة ريتان,128,Duplicate by normalized name + address/license/phone
630,حضانة الطفل الأمثل,129,Duplicate by normalized name + address/license/phone
631,حضانة أطفال الرونق,130,Duplicate by normalized name + address/license/phone
632,حضانة البالون,131,Duplicate by normalized name + address/license/phone
633,حضانة براعم الرمثا التعليمية والنموذجية,132,Duplicate by normalized name + address/license/phone
634,حضانة النبات السليم,133,Duplicate by normalized name + address/license/phone
635,حضانة أرض النجوم,134,Duplicate by normalized name + address/license/phone
636,حضانة صقور العزة,135,Duplicate by normalized name + address/license/phone
637,حضانة أطفال التوت البري,136,Duplicate by normalized name + address/license/phone
638,حضانة أنس وأمير,137,Duplicate by normalized name + address/license/phone
639,حضانة ألوان الفرح للأطفال,138,Duplicate by normalized name + address/license/phone
640,حضانة أحمد وضحى,139,Duplicate by normalized name + address/license/phone
641,حضانة البداية السعيدة النموذجية,140,Duplicate by normalized name + address/license/phone
642,حضانة أنا وأخي نمرح,141,Duplicate by normalized name + address/license/phone
643,حضانة جود وميرا,142,Duplicate by normalized name + address/license/phone
644,حضانة ضوء القمر,143,Duplicate by normalized name + address/license/phone
645,حضانة بيت الحلوة للأطفال,144,Duplicate by normalized name + address/license/phone
646,حضانة الطفل العربي,145,Duplicate by normalized name + address/license/phone
647,حضانة حبايبنا,146,Duplicate by normalized name + address/license/phone
648,حضانة الخطوات التعليمية,147,Duplicate by normalized name + address/license/phone
649,حضانة فوفو ودودو,148,Duplicate by normalized name + address/license/phone
650,حضانة ورود المستقبل,149,Duplicate by normalized name + address/license/phone
651,حضانة الانطباعات الأولى,150,Duplicate by normalized name + address/license/phone
652,حضانة بابا سنفور,151,Duplicate by normalized name + address/license/phone
653,حضانة جمعية الشابات المسيحية الخيرية-الفحيص,152,Duplicate by normalized name + address/license/phone
654,حضانة رياحين الجنة,153,Duplicate by normalized name + address/license/phone
655,حضانة خمسة وستون 65,154,Duplicate by normalized name + address/license/phone
656,حضانة جنة الورد,155,Duplicate by normalized name + address/license/phone
657,حضانة الكلمات الأولى,156,Duplicate by normalized name + address/license/phone
658,حضانة زين ونانا,157,Duplicate by normalized name + address/license/phone
659,حضانة أفضل مكان لطفلك,467,Duplicate by normalized name + address/license/phone
660,حضانة زهور الليلك,159,Duplicate by normalized name + address/license/phone
661,المستوى الرفيع المتميز للتعليم,160,Duplicate by normalized name + address/license/phone
662,حضانة المملكة الصغيرة,161,Duplicate by normalized name + address/license/phone
663,حضانة أحلام المستقبل النموذجية,162,Duplicate by normalized name + address/license/phone
664,حضانة عبق الربيع,163,Duplicate by normalized name + address/license/phone
665,حضانة الانامل الذهبية,164,Duplicate by normalized name + address/license/phone
666,حضانة حكايتي الصغيرة,165,Duplicate by normalized name + address/license/phone
667,حضانة براعم السكر,166,Duplicate by normalized name + address/license/phone
668,حضانة درجات صغيرة,167,Duplicate by normalized name + address/license/phone
669,حضانة أشكال النموذجية,168,Duplicate by normalized name + address/license/phone
670,حضانة لطفولة أرقى,169,Duplicate by normalized name + address/license/phone
671,حضانة سلمى وزين,170,Duplicate by normalized name + address/license/phone
672,حضانة هلا وغلا,171,Duplicate by normalized name + address/license/phone
673,حضانة من الألف إلى الياء,172,Duplicate by normalized name + address/license/phone
674,حضانة الطفل السعيد,173,Duplicate by normalized name + address/license/phone
675,حضانة بدايات عظيمة,174,Duplicate by normalized name + address/license/phone
676,حضانة ديمة النموذجية,175,Duplicate by normalized name + address/license/phone
677,حضانة ضحكات الطفولة,176,Duplicate by normalized name + address/license/phone
678,حضانة الأطفال السعداء,177,Duplicate by normalized name + address/license/phone
679,حضانة جوان النموذجية,178,Duplicate by normalized name + address/license/phone
680,حضانة نور الجبيهة,179,Duplicate by normalized name + address/license/phone
681,حضانة وروضة رونق المودة,180,Duplicate by normalized name + address/license/phone
682,حضانة بريق النمارق,181,Duplicate by normalized name + address/license/phone
683,حضانة الأرض السعيدة,182,Duplicate by normalized name + address/license/phone
684,حضانة الحمامي,183,Duplicate by normalized name + address/license/phone
685,أكاديمية مدرسة وروضة جنى دان,184,Duplicate by normalized name + address/license/phone
686,حضانة شذى الورد,185,Duplicate by normalized name + address/license/phone
687,حضانة بذور الغد,186,Duplicate by normalized name + address/license/phone
688,حضانة ناريمان النموذجية,187,Duplicate by normalized name + address/license/phone
689,حضانة كوكب المرح الطفولي,188,Duplicate by normalized name + address/license/phone
690,حضانة ورود الربيع,189,Duplicate by normalized name + address/license/phone
691,حضانة حسام وسبأ الحديثة,190,Duplicate by normalized name + address/license/phone
692,حضانة تكوين,191,Duplicate by normalized name + address/license/phone
693,حضانة الفطاحلة النموذجية,192,Duplicate by normalized name + address/license/phone
694,حضانة بيت السكاكر,193,Duplicate by normalized name + address/license/phone
695,حضانة القلب السعيد,194,Duplicate by normalized name + address/license/phone
696,حضانة كوخ الدب,195,Duplicate by normalized name + address/license/phone
702,حضانة اليوم السعيد,236,Duplicate by normalized name + address/license/phone
703,حضانة فرح النموذجية,237,Duplicate by normalized name + address/license/phone
704,روضة وحضانة نداء الطفولة,238,Duplicate by normalized name + address/license/phone
705,حضانة سيسو النموذجية,239,Duplicate by normalized name + address/license/phone
706,روضة ومدارس أكاديمية ريتال الدولية,240,Duplicate by normalized name + address/license/phone
707,حضانة قوس قزح النموذجية,241,Duplicate by normalized name + address/license/phone
708,شركة إبداع الطفولة,242,Duplicate by normalized name + address/license/phone
709,حضانة الصياد الصغير,243,Duplicate by normalized name + address/license/phone
710,الشجرة المباركة للتعليم والاستثمار,244,Duplicate by normalized name + address/license/phone
711,حضانة نطاق الألوان المرحة,245,Duplicate by normalized name + address/license/phone
712,حضانة زهور صغيرة,246,Duplicate by normalized name + address/license/phone
713,حضانة المشاكس الصغير,247,Duplicate by normalized name + address/license/phone
714,حضانة عبق عجلون النموذجية,248,Duplicate by normalized name + address/license/phone
715,مؤسسة المنهل التربوية,249,Duplicate by normalized name + address/license/phone
716,حضانة النحلة الصغيرة,250,Duplicate by normalized name + address/license/phone
717,حضانة مملكة السكر,251,Duplicate by normalized name + address/license/phone
718,حضانة طوق الياسمين,252,Duplicate by normalized name + address/license/phone
719,حضانة قمم الأشجار,253,Duplicate by normalized name + address/license/phone
720,حضانة الخيوط اللامعة,254,Duplicate by normalized name + address/license/phone
721,حضانة الما وأيلا,255,Duplicate by normalized name + address/license/phone
722,حضانة ماما رولا,256,Duplicate by normalized name + address/license/phone
723,حضانة حبات التوت,257,Duplicate by normalized name + address/license/phone
724,حضانة أطفال تمارا,258,Duplicate by normalized name + address/license/phone
725,حضانة أزهار بيسان,259,Duplicate by normalized name + address/license/phone
726,حضانة دانة الدولية,260,Duplicate by normalized name + address/license/phone
727,حضانة سالي وسلمى,261,Duplicate by normalized name + address/license/phone
728,حضانة وسيم النموذجية,262,Duplicate by normalized name + address/license/phone
729,حضانة النحلة جولي,263,Duplicate by normalized name + address/license/phone
730,حضانة الأكواخ الملونة,264,Duplicate by normalized name + address/license/phone
731,حضانة النجوم المتلألئة,265,Duplicate by normalized name + address/license/phone
732,حضانة جنتي للأطفال,266,Duplicate by normalized name + address/license/phone
733,حضانة ميرا والمى,267,Duplicate by normalized name + address/license/phone
734,حضانة عصافير الكرك,268,Duplicate by normalized name + address/license/phone
735,حضانة القطط الصغيرة,269,Duplicate by normalized name + address/license/phone
736,حضانة الطفل الحسن,270,Duplicate by normalized name + address/license/phone
737,روضة وحضانة أنا الصغير,271,Duplicate by normalized name + address/license/phone
738,حضانة القلب الكبير,272,Duplicate by normalized name + address/license/phone
739,حضانة قرية التوت العالمية,273,Duplicate by normalized name + address/license/phone
740,حضانة الجيل القادم,121,Duplicate by normalized name + address/license/phone
741,حضانة التباشير البيضاء,350,Duplicate by normalized name + address/license/phone
742,حضانة مونلايت,351,Duplicate by normalized name + address/license/phone
743,حضانة فيرست ووردز,352,Duplicate by normalized name + address/license/phone
744,روضة ومدرسة ليلى للتعليم الحديث,353,Duplicate by normalized name + address/license/phone
745,حضانة ليتل ليرنرز,354,Duplicate by normalized name + address/license/phone
746,حضانة العلمي الممتع,355,Duplicate by normalized name + address/license/phone
747,حضانة ميني مي,356,Duplicate by normalized name + address/license/phone
748,حضانة الانطلاقة,357,Duplicate by normalized name + address/license/phone
749,حضانة كوكون,358,Duplicate by normalized name + address/license/phone
750,حضانة زهور المستقبل,359,Duplicate by normalized name + address/license/phone
751,حضانة نهج المعرفة,360,Duplicate by normalized name + address/license/phone
752,روضة بوك أند براش,361,Duplicate by normalized name + address/license/phone
753,حضانة البدايات المشرقة,362,Duplicate by normalized name + address/license/phone
754,حضانة وروضة وورلد كرياتيف,363,Duplicate by normalized name + address/license/phone
755,حضانة الأطفال السعداء (2),364,Duplicate by normalized name + address/license/phone
756,حضانة السندريلا,365,Duplicate by normalized name + address/license/phone
757,روضة ينابيع العلم,366,Duplicate by normalized name + address/license/phone
758,حضانة السوبر ناني,367,Duplicate by normalized name + address/license/phone
759,حضانة ميلكي تيث,368,Duplicate by normalized name + address/license/phone
760,حضانة ستارفيش,369,Duplicate by normalized name + address/license/phone
761,حضانة ليتل هاندز,370,Duplicate by normalized name + address/license/phone
762,حضانة وروضة ستيبينج ستون,371,Duplicate by normalized name + address/license/phone
763,حضانة آدم كيدز,372,Duplicate by normalized name + address/license/phone
764,حضانة رونق المودة,373,Duplicate by normalized name + address/license/phone
765,حضانة أمبريلا,374,Duplicate by normalized name + address/license/phone
766,حضانة وروضة المتفوقين أكاديمي,375,Duplicate by normalized name + address/license/phone
767,حضانة منزلي الكبير,376,Duplicate by normalized name + address/license/phone
768,روضة أكاديمية الأطفال الرائعين,377,Duplicate by normalized name + address/license/phone
769,حضانة وروضة كراميل,378,Duplicate by normalized name + address/license/phone
770,حضانة بز بي,379,Duplicate by normalized name + address/license/phone
771,روضة وابه,380,Duplicate by normalized name + address/license/phone
772,حضانة سيفتي هاوس,381,Duplicate by normalized name + address/license/phone
773,حضانة ليتل بي,382,Duplicate by normalized name + address/license/phone
774,روضة و حضانة هيل هاوس,383,Duplicate by normalized name + address/license/phone
775,حضانة الأكواخ الملونة,384,Duplicate by normalized name + address/license/phone
776,حضانة سويت آند نوتي,385,Duplicate by normalized name + address/license/phone
777,حضانة كيدز فالي,386,Duplicate by normalized name + address/license/phone
778,حضانة ليتل جاردن,387,Duplicate by normalized name + address/license/phone
779,حضانة راقي الدولية,388,Duplicate by normalized name + address/license/phone
780,حضانة السلام,389,Duplicate by normalized name + address/license/phone
781,حضانة ستدي بلاي,390,Duplicate by normalized name + address/license/phone
782,حضانة فيرست ستيب,391,Duplicate by normalized name + address/license/phone
783,حضانة كينزي,392,Duplicate by normalized name + address/license/phone
784,حضانة ليتل بروفيسورز أكاديمي,393,Duplicate by normalized name + address/license/phone
785,حضانة زين,394,Duplicate by normalized name + address/license/phone
786,حضانة وروضة ليونز كينجدوم,395,Duplicate by normalized name + address/license/phone
787,روضة و حضانة المجد الوطنية,396,Duplicate by normalized name + address/license/phone
788,حضانة وايت لاينز,397,Duplicate by normalized name + address/license/phone
789,حضانة لارا,398,Duplicate by normalized name + address/license/phone
790,حضانة المشاكس الصغير,399,Duplicate by normalized name + address/license/phone
791,حضانة عطر الجوري,400,Duplicate by normalized name + address/license/phone
792,حضانة وروضة هابي فايسيز,401,Duplicate by normalized name + address/license/phone
793,حضانة آرت كير,402,Duplicate by normalized name + address/license/phone
794,حضانة وروضة ستيب باي ستيب,403,Duplicate by normalized name + address/license/phone
795,حضانة وروضة ليتل لاند,404,Duplicate by normalized name + address/license/phone
796,حضانة دانا,405,Duplicate by normalized name + address/license/phone
797,حضانة بانان دي كير,406,Duplicate by normalized name + address/license/phone
798,حضانة طوق الياسمين,407,Duplicate by normalized name + address/license/phone
799,حضانة كولورز تري,408,Duplicate by normalized name + address/license/phone
800,حضانة كرادل تو كرايون,409,Duplicate by normalized name + address/license/phone
801,روضة أيوب,101,Duplicate by normalized name + address/license/phone
802,روضة و حضانة نحن الأطفال,102,Duplicate by normalized name + address/license/phone
803,حضانة وروضة صنلايت,103,Duplicate by normalized name + address/license/phone
804,روضة و حضانة عالم الصغار,104,Duplicate by normalized name + address/license/phone
805,حضانة كُن طفلًا,105,Duplicate by normalized name + address/license/phone
806,حضانة تري توبس,106,Duplicate by normalized name + address/license/phone
807,روضة هابي هارت,107,Duplicate by normalized name + address/license/phone
808,حضانة بامبل بي,108,Duplicate by normalized name + address/license/phone
809,حضانة الما وايلا,109,Duplicate by normalized name + address/license/phone
810,حضانة ليديبرد,110,Duplicate by normalized name + address/license/phone
811,حضانة داندون,111,Duplicate by normalized name + address/license/phone
812,حضانة إيرلي بيرد (تلاع العلي),112,Duplicate by normalized name + address/license/phone
813,روضة الطفل السعيد,113,Duplicate by normalized name + address/license/phone
814,حضانة هيا سبراوتس,114,Duplicate by normalized name + address/license/phone
815,حضانة بيتي الصغير,115,Duplicate by normalized name + address/license/phone
816,روضة كيدز واي,116,Duplicate by normalized name + address/license/phone
817,حضانة جريت بيجينينجز,117,Duplicate by normalized name + address/license/phone
818,حضانة ليتل ستيبس,118,Duplicate by normalized name + address/license/phone
819,حضانة رايت ستارت,119,Duplicate by normalized name + address/license/phone
820,روضة الأصدقاء المبدعين,120,Duplicate by normalized name + address/license/phone
821,حضانة ليتل فلاورز,122,Duplicate by normalized name + address/license/phone
822,حضانة كيدز ستيبس,123,Duplicate by normalized name + address/license/phone
823,حضانة شيري تري,124,Duplicate by normalized name + address/license/phone
824,حضانة ثراء كيدز,125,Duplicate by normalized name + address/license/phone
825,حضانة الفقاعة المضحكة,126,Duplicate by normalized name + address/license/phone
826,حضانة طيور المحبة,197,Duplicate by normalized name + address/license/phone
827,حضانة ريتان,128,Duplicate by normalized name + address/license/phone
828,حضانة الطفل الأمثل,129,Duplicate by normalized name + address/license/phone
829,حضانة أطفال الرونق,130,Duplicate by normalized name + address/license/phone
830,حضانة البالون,131,Duplicate by normalized name + address/license/phone
831,حضانة براعم الرمثا التعليمية والنموذجية,132,Duplicate by normalized name + address/license/phone
832,حضانة النبات السليم,133,Duplicate by normalized name + address/license/phone
833,حضانة أرض النجوم,134,Duplicate by normalized name + address/license/phone
834,حضانة صقور العزة,135,Duplicate by normalized name + address/license/phone
835,حضانة أطفال التوت البري,136,Duplicate by normalized name + address/license/phone
836,حضانة أنس وأمير,137,Duplicate by normalized name + address/license/phone
837,حضانة ألوان الفرح للأطفال,138,Duplicate by normalized name + address/license/phone
838,حضانة أحمد وضحى,139,Duplicate by normalized name + address/license/phone
839,حضانة البداية السعيدة النموذجية,140,Duplicate by normalized name + address/license/phone
840,حضانة أنا وأخي نمرح,141,Duplicate by normalized name + address/license/phone
841,حضانة جود وميرا,142,Duplicate by normalized name + address/license/phone
842,حضانة ضوء القمر,143,Duplicate by normalized name + address/license/phone
843,حضانة بيت الحلوة للأطفال,144,Duplicate by normalized name + address/license/phone
844,حضانة الطفل العربي,145,Duplicate by normalized name + address/license/phone
845,حضانة حبايبنا,146,Duplicate by normalized name + address/license/phone
846,حضانة الخطوات التعليمية,147,Duplicate by normalized name + address/license/phone
847,حضانة فوفو ودودو,148,Duplicate by normalized name + address/license/phone
848,حضانة ورود المستقبل,149,Duplicate by normalized name + address/license/phone
849,حضانة الانطباعات الأولى,150,Duplicate by normalized name + address/license/phone
850,حضانة بابا سنفور,151,Duplicate by normalized name + address/license/phone
851,حضانة جمعية الشابات المسيحية الخيرية-الفحيص,152,Duplicate by normalized name + address/license/phone
852,حضانة رياحين الجنة,153,Duplicate by normalized name + address/license/phone
853,حضانة خمسة وستون 65,154,Duplicate by normalized name + address/license/phone
854,حضانة جنة الورد,155,Duplicate by normalized name + address/license/phone
855,حضانة الكلمات الأولى,156,Duplicate by normalized name + address/license/phone
856,حضانة زين ونانا,157,Duplicate by normalized name + address/license/phone
857,حضانة أفضل مكان لطفلك,158,Duplicate by normalized name + address/license/phone
858,حضانة زهور الليلك,159,Duplicate by normalized name + address/license/phone
859,المستوى الرفيع المتميز للتعليم,160,Duplicate by normalized name + address/license/phone
860,حضانة المملكة الصغيرة,161,Duplicate by normalized name + address/license/phone
861,حضانة أحلام المستقبل النموذجية,162,Duplicate by normalized name + address/license/phone
862,حضانة عبق الربيع,163,Duplicate by normalized name + address/license/phone
863,حضانة الانامل الذهبية,164,Duplicate by normalized name + address/license/phone
864,حضانة حكايتي الصغيرة,165,Duplicate by normalized name + address/license/phone
865,حضانة براعم السكر,166,Duplicate by normalized name + address/license/phone
866,حضانة درجات صغيرة,167,Duplicate by normalized name + address/license/phone
867,حضانة أشكال النموذجية,168,Duplicate by normalized name + address/license/phone
868,حضانة لطفولة أرقى,169,Duplicate by normalized name + address/license/phone
869,حضانة سلمى وزين,170,Duplicate by normalized name + address/license/phone
870,حضانة هلا وغلا,171,Duplicate by normalized name + address/license/phone
871,حضانة من الألف إلى الياء,172,Duplicate by normalized name + address/license/phone
872,حضانة الطفل السعيد,173,Duplicate by normalized name + address/license/phone
873,حضانة بدايات عظيمة,174,Duplicate by normalized name + address/license/phone
874,حضانة ديمة النموذجية,175,Duplicate by normalized name + address/license/phone
875,حضانة ضحكات الطفولة,176,Duplicate by normalized name + address/license/phone
876,حضانة الأطفال السعداء,177,Duplicate by normalized name + address/license/phone
877,حضانة جوان النموذجية,178,Duplicate by normalized name + address/license/phone
878,حضانة نور الجبيهة,179,Duplicate by normalized name + address/license/phone
879,حضانة وروضة رونق المودة,180,Duplicate by normalized name + address/license/phone
880,حضانة بريق النمارق,181,Duplicate by normalized name + address/license/phone
881,حضانة الأرض السعيدة,182,Duplicate by normalized name + address/license/phone
882,حضانة الحمامي,183,Duplicate by normalized name + address/license/phone
883,أكاديمية مدرسة وروضة جنى دان,184,Duplicate by normalized name + address/license/phone
884,حضانة شذى الورد,185,Duplicate by normalized name + address/license/phone
885,حضانة بذور الغد,186,Duplicate by normalized name + address/license/phone
886,حضانة ناريمان النموذجية,187,Duplicate by normalized name + address/license/phone
887,حضانة كوكب المرح الطفولي,188,Duplicate by normalized name + address/license/phone
888,حضانة ورود الربيع,189,Duplicate by normalized name + address/license/phone
889,حضانة حسام وسبأ الحديثة,190,Duplicate by normalized name + address/license/phone
890,حضانة تكوين,191,Duplicate by normalized name + address/license/phone
891,حضانة الفطاحلة النموذجية,192,Duplicate by normalized name + address/license/phone
892,حضانة بيت السكاكر,193,Duplicate by normalized name + address/license/phone
893,حضانة القلب السعيد,194,Duplicate by normalized name + address/license/phone
894,حضانة كوخ الدب,195,Duplicate by normalized name + address/license/phone
895,حضانة اليوم السعيد,236,Duplicate by normalized name + address/license/phone
896,حضانة فرح النموذجية,237,Duplicate by normalized name + address/license/phone
897,روضة وحضانة نداء الطفولة,238,Duplicate by normalized name + address/license/phone
898,حضانة سيسو النموذجية,239,Duplicate by normalized name + address/license/phone
899,روضة ومدارس أكاديمية ريتال الدولية,240,Duplicate by normalized name + address/license/phone
900,حضانة قوس قزح النموذجية,241,Duplicate by normalized name + address/license/phone
901,شركة إبداع الطفولة,242,Duplicate by normalized name + address/license/phone
902,حضانة الصياد الصغير,243,Duplicate by normalized name + address/license/phone
903,الشجرة المباركة للتعليم والاستثمار,244,Duplicate by normalized name + address/license/phone
904,حضانة نطاق الألوان المرحة,245,Duplicate by normalized name + address/license/phone
905,حضانة زهور صغيرة,246,Duplicate by normalized name + address/license/phone
906,حضانة المشاكس الصغير,247,Duplicate by normalized name + address/license/phone
907,حضانة عبق عجلون النموذجية,248,Duplicate by normalized name + address/license/phone
908,مؤسسة المنهل التربوية,249,Duplicate by normalized name + address/license/phone
909,حضانة النحلة الصغيرة,250,Duplicate by normalized name + address/license/phone
910,حضانة مملكة السكر,251,Duplicate by normalized name + address/license/phone
911,حضانة طوق الياسمين,252,Duplicate by normalized name + address/license/phone
912,حضانة قمم الأشجار,253,Duplicate by normalized name + address/license/phone
913,حضانة الخيوط اللامعة,254,Duplicate by normalized name + address/license/phone
914,حضانة الما وأيلا,255,Duplicate by normalized name + address/license/phone
915,حضانة ماما رولا,256,Duplicate by normalized name + address/license/phone
916,حضانة حبات التوت,257,Duplicate by normalized name + address/license/phone
917,حضانة أطفال تمارا,258,Duplicate by normalized name + address/license/phone
918,حضانة أزهار بيسان,259,Duplicate by normalized name + address/license/phone
919,حضانة دانة الدولية,260,Duplicate by normalized name + address/license/phone
920,حضانة سالي وسلمى,261,Duplicate by normalized name + address/license/phone
921,حضانة وسيم النموذجية,262,Duplicate by normalized name + address/license/phone
922,حضانة النحلة جولي,263,Duplicate by normalized name + address/license/phone
923,حضانة الأكواخ الملونة,264,Duplicate by normalized name + address/license/phone
924,حضانة النجوم المتلألئة,265,Duplicate by normalized name + address/license/phone
925,حضانة جنتي للأطفال,266,Duplicate by normalized name + address/license/phone
926,حضانة ميرا والمى,267,Duplicate by normalized name + address/license/phone
927,حضانة عصافير الكرك,268,Duplicate by normalized name + address/license/phone
928,حضانة القطط الصغيرة,269,Duplicate by normalized name + address/license/phone
929,حضانة الطفل الحسن,270,Duplicate by normalized name + address/license/phone
930,روضة وحضانة أنا الصغير,271,Duplicate by normalized name + address/license/phone
931,حضانة القلب الكبير,272,Duplicate by normalized name + address/license/phone
932,حضانة قرية التوت العالمية,273,Duplicate by normalized name + address/license/phone
933,حضانة الجيل القادم,121,Duplicate by normalized name + address/license/phone
934,حضانة التباشير البيضاء,350,Duplicate by normalized name + address/license/phone
935,حضانة مونلايت,351,Duplicate by normalized name + address/license/phone
936,حضانة فيرست ووردز,352,Duplicate by normalized name + address/license/phone
937,روضة ومدرسة ليلى للتعليم الحديث,353,Duplicate by normalized name + address/license/phone
938,حضانة ليتل ليرنرز,354,Duplicate by normalized name + address/license/phone
939,حضانة العلمي الممتع,355,Duplicate by normalized name + address/license/phone
940,حضانة ميني مي,356,Duplicate by normalized name + address/license/phone
941,حضانة الانطلاقة,357,Duplicate by normalized name + address/license/phone
942,حضانة كوكون,358,Duplicate by normalized name + address/license/phone
943,حضانة زهور المستقبل,359,Duplicate by normalized name + address/license/phone
944,حضانة نهج المعرفة,360,Duplicate by normalized name + address/license/phone
945,روضة بوك أند براش,361,Duplicate by normalized name + address/license/phone
946,حضانة البدايات المشرقة,362,Duplicate by normalized name + address/license/phone
947,حضانة وروضة وورلد كرياتيف,363,Duplicate by normalized name + address/license/phone
948,حضانة الأطفال السعداء (2),364,Duplicate by normalized name + address/license/phone
949,حضانة السندريلا,365,Duplicate by normalized name + address/license/phone
950,روضة ينابيع العلم,366,Duplicate by normalized name + address/license/phone
951,حضانة السوبر ناني,367,Duplicate by normalized name + address/license/phone
952,حضانة ميلكي تيث,368,Duplicate by normalized name + address/license/phone
953,حضانة ستارفيش,369,Duplicate by normalized name + address/license/phone
954,حضانة ليتل هاندز,370,Duplicate by normalized name + address/license/phone
955,حضانة وروضة ستيبينج ستون,371,Duplicate by normalized name + address/license/phone
956,حضانة آدم كيدز,372,Duplicate by normalized name + address/license/phone
957,حضانة رونق المودة,373,Duplicate by normalized name + address/license/phone
958,حضانة أمبريلا,374,Duplicate by normalized name + address/license/phone
959,حضانة وروضة المتفوقين أكاديمي,375,Duplicate by normalized name + address/license/phone
960,حضانة منزلي الكبير,376,Duplicate by normalized name + address/license/phone
961,روضة أكاديمية الأطفال الرائعين,377,Duplicate by normalized name + address/license/phone
962,حضانة وروضة كراميل,378,Duplicate by normalized name + address/license/phone
963,حضانة بز بي,379,Duplicate by normalized name + address/license/phone
964,روضة وابه,380,Duplicate by normalized name + address/license/phone
965,حضانة سيفتي هاوس,381,Duplicate by normalized name + address/license/phone
966,حضانة ليتل بي,382,Duplicate by normalized name + address/license/phone
967,روضة و حضانة هيل هاوس,383,Duplicate by normalized name + address/license/phone
968,حضانة الأكواخ الملونة,384,Duplicate by normalized name + address/license/phone
969,حضانة سويت آند نوتي,385,Duplicate by normalized name + address/license/phone
970,حضانة كيدز فالي,386,Duplicate by normalized name + address/license/phone
971,حضانة ليتل جاردن,387,Duplicate by normalized name + address/license/phone
972,حضانة راقي الدولية,388,Duplicate by normalized name + address/license/phone
973,حضانة السلام,389,Duplicate by normalized name + address/license/phone
974,حضانة ستدي بلاي,390,Duplicate by normalized name + address/license/phone
975,حضانة فيرست ستيب,391,Duplicate by normalized name + address/license/phone
976,حضانة كينزي,392,Duplicate by normalized name + address/license/phone
977,حضانة ليتل بروفيسورز أكاديمي,393,Duplicate by normalized name + address/license/phone
978,حضانة زين,394,Duplicate by normalized name + address/license/phone
979,حضانة وروضة ليونز كينجدوم,395,Duplicate by normalized name + address/license/phone
980,روضة و حضانة المجد الوطنية,396,Duplicate by normalized name + address/license/phone
981,حضانة وايت لاينز,397,Duplicate by normalized name + address/license/phone
982,حضانة لارا,398,Duplicate by normalized name + address/license/phone
983,حضانة المشاكس الصغير,399,Duplicate by normalized name + address/license/phone
984,حضانة عطر الجوري,400,Duplicate by normalized name + address/license/phone
985,حضانة وروضة هابي فايسيز,401,Duplicate by normalized name + address/license/phone
986,حضانة آرت كير,402,Duplicate by normalized name + address/license/phone
987,حضانة وروضة ستيب باي ستيب,403,Duplicate by normalized name + address/license/phone
988,حضانة وروضة ليتل لاند,404,Duplicate by normalized name + address/license/phone
989,حضانة دانا,405,Duplicate by normalized name + address/license/phone
990,حضانة بانان دي كير,406,Duplicate by normalized name + address/license/phone
991,حضانة طوق الياسمين,407,Duplicate by normalized name + address/license/phone
992,حضانة كولورز تري,408,Duplicate by normalized name + address/license/phone
993,حضانة كرادل تو كرايون,409,Duplicate by normalized name + address/license/phone
994,روضة أيوب,101,Duplicate by normalized name + address/license/phone
995,روضة و حضانة نحن الأطفال,102,Duplicate by normalized name + address/license/phone
996,حضانة وروضة صنلايت,103,Duplicate by normalized name + address/license/phone
997,روضة و حضانة عالم الصغار,104,Duplicate by normalized name + address/license/phone
998,حضانة كُن طفلًا,105,Duplicate by normalized name + address/license/phone
999,حضانة تري توبس,106,Duplicate by normalized name + address/license/phone
1000,روضة هابي هارت,107,Duplicate by normalized name + address/license/phone
1001,حضانة بامبل بي,108,Duplicate by normalized name + address/license/phone
1002,حضانة الما وايلا,109,Duplicate by normalized name + address/license/phone
1003,حضانة ليديبرد,110,Duplicate by normalized name + address/license/phone
1004,حضانة داندون,111,Duplicate by normalized name + address/license/phone
1005,حضانة إيرلي بيرد (تلاع العلي),112,Duplicate by normalized name + address/license/phone
1006,روضة الطفل السعيد,113,Duplicate by normalized name + address/license/phone
1007,حضانة هيا سبراوتس,114,Duplicate by normalized name + address/license/phone
1008,حضانة بيتي الصغير,115,Duplicate by normalized name + address/license/phone
1009,روضة كيدز واي,116,Duplicate by normalized name + address/license/phone
1010,حضانة جريت بيجينينجز,117,Duplicate by normalized name + address/license/phone
1011,حضانة ليتل ستيبس,118,Duplicate by normalized name + address/license/phone
1012,حضانة رايت ستارت,119,Duplicate by normalized name + address/license/phone
1013,روضة الأصدقاء المبدعين,120,Duplicate by normalized name + address/license/phone
1014,حضانة الجيل القادم,121,Duplicate by normalized name + address/license/phone
1015,حضانة ليتل فلاورز,122,Duplicate by normalized name + address/license/phone
1016,حضانة كيدز ستيبس,123,Duplicate by normalized name + address/license/phone
1017,حضانة شيري تري,124,Duplicate by normalized name + address/license/phone
1018,حضانة ثراء كيدز,125,Duplicate by normalized name + address/license/phone
1019,حضانة الفقاعة المضحكة,126,Duplicate by normalized name + address/license/phone
1020,حضانة طيور المحبة,127,Duplicate by normalized name + address/license/phone
1021,حضانة ريتان,128,Duplicate by normalized name + address/license/phone
1022,حضانة الطفل الأمثل,129,Duplicate by normalized name + address/license/phone
1023,حضانة أطفال الرونق,130,Duplicate by normalized name + address/license/phone
1024,حضانة البالون,131,Duplicate by normalized name + address/license/phone
1025,حضانة براعم الرمثا التعليمية والنموذجية,132,Duplicate by normalized name + address/license/phone
1026,حضانة النبات السليم,133,Duplicate by normalized name + address/license/phone
1027,حضانة أرض النجوم,134,Duplicate by normalized name + address/license/phone
1028,حضانة صقور العزة,135,Duplicate by normalized name + address/license/phone
1029,حضانة أطفال التوت البري,136,Duplicate by normalized name + address/license/phone
1030,حضانة أنس وأمير,137,Duplicate by normalized name + address/license/phone
1031,حضانة ألوان الفرح للأطفال,138,Duplicate by normalized name + address/license/phone
1032,حضانة أحمد وضحى,139,Duplicate by normalized name + address/license/phone
1033,حضانة البداية السعيدة النموذجية,140,Duplicate by normalized name + address/license/phone
1034,حضانة أنا وأخي نمرح,141,Duplicate by normalized name + address/license/phone
1035,حضانة جود وميرا,142,Duplicate by normalized name + address/license/phone
1036,حضانة ضوء القمر,143,Duplicate by normalized name + address/license/phone
1037,حضانة بيت الحلوة للأطفال,144,Duplicate by normalized name + address/license/phone
1038,حضانة الطفل العربي,145,Duplicate by normalized name + address/license/phone
1039,حضانة حبايبنا,146,Duplicate by normalized name + address/license/phone
1040,حضانة الخطوات التعليمية,147,Duplicate by normalized name + address/license/phone
1041,حضانة فوفو ودودو,148,Duplicate by normalized name + address/license/phone
1042,حضانة ورود المستقبل,149,Duplicate by normalized name + address/license/phone
1043,حضانة الانطباعات الأولى,150,Duplicate by normalized name + address/license/phone
1044,حضانة بابا سنفور,151,Duplicate by normalized name + address/license/phone
1045,حضانة جمعية الشابات المسيحية الخيرية-الفحيص,152,Duplicate by normalized name + address/license/phone
1046,حضانة رياحين الجنة,153,Duplicate by normalized name + address/license/phone
1047,حضانة خمسة وستون 65,154,Duplicate by normalized name + address/license/phone
1048,حضانة جنة الورد,155,Duplicate by normalized name + address/license/phone
1049,حضانة الكلمات الأولى,156,Duplicate by normalized name + address/license/phone
1050,حضانة زين ونانا,157,Duplicate by normalized name + address/license/phone
1051,حضانة أفضل مكان لطفلك,158,Duplicate by normalized name + address/license/phone
1052,حضانة زهور الليلك,159,Duplicate by normalized name + address/license/phone
1053,المستوى الرفيع المتميز للتعليم,160,Duplicate by normalized name + address/license/phone
1054,حضانة المملكة الصغيرة,161,Duplicate by normalized name + address/license/phone
1055,حضانة أحلام المستقبل النموذجية,162,Duplicate by normalized name + address/license/phone
1056,حضانة عبق الربيع,163,Duplicate by normalized name + address/license/phone
1057,حضانة الانامل الذهبية,164,Duplicate by normalized name + address/license/phone
1058,حضانة حكايتي الصغيرة,165,Duplicate by normalized name + address/license/phone
1059,حضانة براعم السكر,166,Duplicate by normalized name + address/license/phone
1060,حضانة درجات صغيرة,167,Duplicate by normalized name + address/license/phone
1061,حضانة أشكال النموذجية,168,Duplicate by normalized name + address/license/phone
1062,حضانة لطفولة أرقى,169,Duplicate by normalized name + address/license/phone
1063,حضانة سلمى وزين,170,Duplicate by normalized name + address/license/phone
1064,حضانة هلا وغلا,171,Duplicate by normalized name + address/license/phone
1065,حضانة من الألف إلى الياء,172,Duplicate by normalized name + address/license/phone
1066,حضانة الطفل السعيد,173,Duplicate by normalized name + address/license/phone
1067,حضانة بدايات عظيمة,174,Duplicate by normalized name + address/license/phone
1068,حضانة ديمة النموذجية,175,Duplicate by normalized name + address/license/phone
1069,حضانة ضحكات الطفولة,176,Duplicate by normalized name + address/license/phone
1070,حضانة الأطفال السعداء,177,Duplicate by normalized name + address/license/phone
1071,حضانة جوان النموذجية,178,Duplicate by normalized name + address/license/phone
1072,حضانة نور الجبيهة,179,Duplicate by normalized name + address/license/phone
1073,حضانة وروضة رونق المودة,180,Duplicate by normalized name + address/license/phone
1074,حضانة بريق النمارق,181,Duplicate by normalized name + address/license/phone
1075,حضانة الأرض السعيدة,182,Duplicate by normalized name + address/license/phone
1076,حضانة الحمامي,183,Duplicate by normalized name + address/license/phone
1077,أكاديمية مدرسة وروضة جنى دان,184,Duplicate by normalized name + address/license/phone
1078,حضانة شذى الورد,185,Duplicate by normalized name + address/license/phone
1079,حضانة بذور الغد,186,Duplicate by normalized name + address/license/phone
1080,حضانة ناريمان النموذجية,187,Duplicate by normalized name + address/license/phone
1081,حضانة كوكب المرح الطفولي,188,Duplicate by normalized name + address/license/phone
1082,حضانة ورود الربيع,189,Duplicate by normalized name + address/license/phone
1083,حضانة حسام وسبأ الحديثة,190,Duplicate by normalized name + address/license/phone
1084,حضانة تكوين,191,Duplicate by normalized name + address/license/phone
1085,حضانة الفطاحلة النموذجية,192,Duplicate by normalized name + address/license/phone
1086,حضانة بيت السكاكر,193,Duplicate by normalized name + address/license/phone
1087,حضانة القلب السعيد,194,Duplicate by normalized name + address/license/phone
1088,حضانة كوخ الدب,195,Duplicate by normalized name + address/license/phone
1089,حضانة الفقاعة المضحكة,126,Duplicate by normalized name + address/license/phone
1090,حضانة طيور المحبة,197,Duplicate by normalized name + address/license/phone
1091,حضانة ريتان,128,Duplicate by normalized name + address/license/phone
1092,حضانة الطفل الأمثل,129,Duplicate by normalized name + address/license/phone
1093,حضانة اليوم السعيد,236,Duplicate by normalized name + address/license/phone
1094,حضانة فرح النموذجية,237,Duplicate by normalized name + address/license/phone
1095,روضة وحضانة نداء الطفولة,238,Duplicate by normalized name + address/license/phone
1096,حضانة سيسو النموذجية,239,Duplicate by normalized name + address/license/phone
1097,روضة ومدارس أكاديمية ريتال الدولية,240,Duplicate by normalized name + address/license/phone
1098,حضانة قوس قزح النموذجية,241,Duplicate by normalized name + address/license/phone
1099,شركة إبداع الطفولة,242,Duplicate by normalized name + address/license/phone
1100,حضانة الصياد الصغير,243,Duplicate by normalized name + address/license/phone
1101,الشجرة المباركة للتعليم والاستثمار,244,Duplicate by normalized name + address/license/phone
1102,حضانة نطاق الألوان المرحة,245,Duplicate by normalized name + address/license/phone
1103,حضانة زهور صغيرة,246,Duplicate by normalized name + address/license/phone
1104,حضانة المشاكس الصغير,247,Duplicate by normalized name + address/license/phone
1105,حضانة عبق عجلون النموذجية,248,Duplicate by normalized name + address/license/phone
1106,مؤسسة المنهل التربوية,249,Duplicate by normalized name + address/license/phone
1107,حضانة النحلة الصغيرة,250,Duplicate by normalized name + address/license/phone
1108,حضانة مملكة السكر,251,Duplicate by normalized name + address/license/phone
1109,حضانة طوق الياسمين,252,Duplicate by normalized name + address/license/phone
1110,حضانة قمم الأشجار,253,Duplicate by normalized name + address/license/phone
1111,حضانة الخيوط اللامعة,254,Duplicate by normalized name + address/license/phone
1112,حضانة الما وأيلا,255,Duplicate by normalized name + address/license/phone
1113,حضانة ماما رولا,256,Duplicate by normalized name + address/license/phone
1114,حضانة حبات التوت,257,Duplicate by normalized name + address/license/phone
1115,حضانة أطفال تمارا,258,Duplicate by normalized name + address/license/phone
1116,حضانة أزهار بيسان,259,Duplicate by normalized name + address/license/phone
1117,حضانة دانة الدولية,260,Duplicate by normalized name + address/license/phone
1118,حضانة سالي وسلمى,261,Duplicate by normalized name + address/license/phone
1119,حضانة وسيم النموذجية,262,Duplicate by normalized name + address/license/phone
1120,حضانة النحلة جولي,263,Duplicate by normalized name + address/license/phone
1121,حضانة الأكواخ الملونة,264,Duplicate by normalized name + address/license/phone
1122,حضانة النجوم المتلألئة,265,Duplicate by normalized name + address/license/phone
1123,حضانة جنتي للأطفال,266,Duplicate by normalized name + address/license/phone
1124,حضانة ميرا والمى,267,Duplicate by normalized name + address/license/phone
1125,حضانة عصافير الكرك,268,Duplicate by normalized name + address/license/phone
1126,حضانة القطط الصغيرة,269,Duplicate by normalized name + address/license/phone
1127,حضانة الطفل الحسن,270,Duplicate by normalized name + address/license/phone
1128,روضة وحضانة أنا الصغير,271,Duplicate by normalized name + address/license/phone
1129,حضانة القلب الكبير,272,Duplicate by normalized name + address/license/phone
1130,حضانة قرية التوت العالمية,273,Duplicate by normalized name + address/license/phone
1131,حضانة الجيل القادم,121,Duplicate by normalized name + address/license/phone
1132,حضانة التباشير البيضاء,350,Duplicate by normalized name + address/license/phone
1133,حضانة مونلايت,351,Duplicate by normalized name + address/license/phone
1134,حضانة فيرست ووردز,352,Duplicate by normalized name + address/license/phone
1135,روضة ومدرسة ليلى للتعليم الحديث,353,Duplicate by normalized name + address/license/phone
1136,حضانة ليتل ليرنرز,354,Duplicate by normalized name + address/license/phone
1137,حضانة العلمي الممتع,355,Duplicate by normalized name + address/license/phone
1138,حضانة ميني مي,356,Duplicate by normalized name + address/license/phone
1139,حضانة الانطلاقة,357,Duplicate by normalized name + address/license/phone
1140,حضانة كوكون,358,Duplicate by normalized name + address/license/phone
1141,حضانة زهور المستقبل,359,Duplicate by normalized name + address/license/phone
1142,حضانة نهج المعرفة,360,Duplicate by normalized name + address/license/phone
1143,روضة بوك أند براش,361,Duplicate by normalized name + address/license/phone
1144,حضانة البدايات المشرقة,362,Duplicate by normalized name + address/license/phone
1145,حضانة وروضة وورلد كرياتيف,363,Duplicate by normalized name + address/license/phone
1146,حضانة الأطفال السعداء (2),364,Duplicate by normalized name + address/license/phone
1147,حضانة السندريلا,365,Duplicate by normalized name + address/license/phone
1148,روضة ينابيع العلم,366,Duplicate by normalized name + address/license/phone
1149,حضانة السوبر ناني,367,Duplicate by normalized name + address/license/phone
1150,حضانة ميلكي تيث,368,Duplicate by normalized name + address/license/phone
1151,حضانة ستارفيش,369,Duplicate by normalized name + address/license/phone
1152,حضانة ليتل هاندز,370,Duplicate by normalized name + address/license/phone
1153,حضانة وروضة ستيبينج ستون,371,Duplicate by normalized name + address/license/phone
1154,حضانة آدم كيدز,372,Duplicate by normalized name + address/license/phone
1155,حضانة رونق المودة,373,Duplicate by normalized name + address/license/phone
1156,حضانة أمبريلا,374,Duplicate by normalized name + address/license/phone
1157,حضانة وروضة المتفوقين أكاديمي,375,Duplicate by normalized name + address/license/phone
1158,حضانة منزلي الكبير,376,Duplicate by normalized name + address/license/phone
1159,روضة أكاديمية الأطفال الرائعين,377,Duplicate by normalized name + address/license/phone
1160,حضانة وروضة كراميل,378,Duplicate by normalized name + address/license/phone
1161,حضانة بز بي,379,Duplicate by normalized name + address/license/phone
1162,روضة وابه,380,Duplicate by normalized name + address/license/phone
1163,حضانة سيفتي هاوس,381,Duplicate by normalized name + address/license/phone
1164,حضانة ليتل بي,382,Duplicate by normalized name + address/license/phone
1165,روضة و حضانة هيل هاوس,383,Duplicate by normalized name + address/license/phone
1166,حضانة سويت آند نوتي,385,Duplicate by normalized name + address/license/phone
1167,حضانة كيدز فالي,386,Duplicate by normalized name + address/license/phone
1168,حضانة ليتل جاردن,387,Duplicate by normalized name + address/license/phone
1169,حضانة راقي الدولية,388,Duplicate by normalized name + address/license/phone
1170,حضانة السلام,389,Duplicate by normalized name + address/license/phone
1171,حضانة ستدي بلاي,390,Duplicate by normalized name + address/license/phone
1172,حضانة فيرست ستيب,391,Duplicate by normalized name + address/license/phone
1173,حضانة كينزي,392,Duplicate by normalized name + address/license/phone
1174,حضانة ليتل بروفيسورز أكاديمي,393,Duplicate by normalized name + address/license/phone
1175,حضانة زين,394,Duplicate by normalized name + address/license/phone
1176,حضانة وروضة ليونز كينجدوم,395,Duplicate by normalized name + address/license/phone
1177,روضة و حضانة المجد الوطنية,396,Duplicate by normalized name + address/license/phone
1178,حضانة وايت لاينز,397,Duplicate by normalized name + address/license/phone
1179,حضانة لارا,398,Duplicate by normalized name + address/license/phone
1180,حضانة المشاكس الصغير,399,Duplicate by normalized name + address/license/phone
1181,حضانة عطر الجوري,400,Duplicate by normalized name + address/license/phone
1182,حضانة وروضة هابي فايسيز,401,Duplicate by normalized name + address/license/phone
1183,حضانة آرت كير,402,Duplicate by normalized name + address/license/phone
1184,حضانة وروضة ستيب باي ستيب,403,Duplicate by normalized name + address/license/phone
1185,حضانة وروضة ليتل لاند,404,Duplicate by normalized name + address/license/phone
1186,حضانة دانا,405,Duplicate by normalized name + address/license/phone
1187,حضانة بانان دي كير,406,Duplicate by normalized name + address/license/phone
1188,حضانة كولورز تري,408,Duplicate by normalized name + address/license/phone
1189,حضانة كرادل تو كرايون,409,Duplicate by normalized name + address/license/phone
1190,روضة أيوب,101,Duplicate by normalized name + address/license/phone
1191,روضة و حضانة نحن الأطفال,102,Duplicate by normalized name + address/license/phone
1192,حضانة وروضة صنلايت,103,Duplicate by normalized name + address/license/phone
1193,روضة و حضانة عالم الصغار,104,Duplicate by normalized name + address/license/phone
1194,حضانة كُن طفلًا,105,Duplicate by normalized name + address/license/phone
1195,حضانة هابي داي,697,Duplicate by normalized name + address/license/phone
1196,حضانة لحن الحياة,698,Duplicate by normalized name + address/license/phone
1197,حضانة طلال ونورة,699,Duplicate by normalized name + address/license/phone
1198,حضانة كيه سيتي,700,Duplicate by normalized name + address/license/phone
1199,حضانة نجوم المرج النموذجية,701,Duplicate by normalized name + address/license/phone
1200,حضانة تري توبس,106,Duplicate by normalized name + address/license/phone
1201,روضة هابي هارت,107,Duplicate by normalized name + address/license/phone
1202,حضانة بامبل بي,108,Duplicate by normalized name + address/license/phone
1203,حضانة الما وايلا,109,Duplicate by normalized name + address/license/phone
1204,حضانة ليديبرد,110,Duplicate by normalized name + address/license/phone
1205,حضانة داندون,111,Duplicate by normalized name + address/license/phone
1206,حضانة إيرلي بيرد (تلاع العلي),112,Duplicate by normalized name + address/license/phone
1207,روضة الطفل السعيد,113,Duplicate by normalized name + address/license/phone
1208,حضانة هيا سبراوتس,114,Duplicate by normalized name + address/license/phone
1209,حضانة بيتي الصغير,115,Duplicate by normalized name + address/license/phone
1210,روضة كيدز واي,116,Duplicate by normalized name + address/license/phone
1211,حضانة جريت بيجينينجز,117,Duplicate by normalized name + address/license/phone
1212,حضانة ليتل ستيبس,118,Duplicate by normalized name + address/license/phone
1213,حضانة رايت ستارت,119,Duplicate by normalized name + address/license/phone
1214,روضة الأصدقاء المبدعين,120,Duplicate by normalized name + address/license/phone
1215,حضانة الجيل القادم,121,Duplicate by normalized name + address/license/phone
1216,حضانة ليتل فلاورز,122,Duplicate by normalized name + address/license/phone
1217,حضانة كيدز ستيبس,123,Duplicate by normalized name + address/license/phone
1218,حضانة شيري تري,124,Duplicate by normalized name + address/license/phone
1219,حضانة ثراء كيدز,125,Duplicate by normalized name + address/license/phone
1220,حضانة الفقاعة المضحكة,126,Duplicate by normalized name + address/license/phone
1221,حضانة طيور المحبة,197,Duplicate by normalized name + address/license/phone
1222,حضانة ريتان,128,Duplicate by normalized name + address/license/phone
1223,حضانة الطفل الأمثل,129,Duplicate by normalized name + address/license/phone
1224,حضانة أطفال الرونق,130,Duplicate by normalized name + address/license/phone
1225,حضانة البالون,131,Duplicate by normalized name + address/license/phone
1226,حضانة براعم الرمثا التعليمية والنموذجية,132,Duplicate by normalized name + address/license/phone
1227,حضانة النبات السليم,133,Duplicate by normalized name + address/license/phone
1228,حضانة أرض النجوم,134,Duplicate by normalized name + address/license/phone
1229,حضانة صقور العزة,135,Duplicate by normalized name + address/license/phone
1230,حضانة أطفال التوت البري,136,Duplicate by normalized name + address/license/phone
1231,حضانة أنس وأمير,137,Duplicate by normalized name + address/license/phone
1232,حضانة ألوان الفرح للأطفال,138,Duplicate by normalized name + address/license/phone
1233,حضانة أحمد وضحى,139,Duplicate by normalized name + address/license/phone
1234,حضانة البداية السعيدة النموذجية,140,Duplicate by normalized name + address/license/phone
1235,حضانة أنا وأخي نمرح,141,Duplicate by normalized name + address/license/phone
1236,حضانة جود وميرا,142,Duplicate by normalized name + address/license/phone
1237,حضانة ضوء القمر,143,Duplicate by normalized name + address/license/phone
1238,حضانة بيت الحلوة للأطفال,144,Duplicate by normalized name + address/license/phone
1239,حضانة الطفل العربي,145,Duplicate by normalized name + address/license/phone
1240,حضانة حبايبنا,146,Duplicate by normalized name + address/license/phone
1241,حضانة الخطوات التعليمية,147,Duplicate by normalized name + address/license/phone
1242,حضانة فوفو ودودو,148,Duplicate by normalized name + address/license/phone
1243,حضانة ورود المستقبل,149,Duplicate by normalized name + address/license/phone
1244,حضانة الانطباعات الأولى,150,Duplicate by normalized name + address/license/phone
1245,حضانة بابا سنفور,151,Duplicate by normalized name + address/license/phone
1246,حضانة جمعية الشابات المسيحية الخيرية-الفحيص,152,Duplicate by normalized name + address/license/phone
1247,حضانة رياحين الجنة,153,Duplicate by normalized name + address/license/phone
1248,حضانة خمسة وستون 65,154,Duplicate by normalized name + address/license/phone
1249,حضانة جنة الورد,155,Duplicate by normalized name + address/license/phone
1250,حضانة الكلمات الأولى,156,Duplicate by normalized name + address/license/phone
1251,حضانة زين ونانا,157,Duplicate by normalized name + address/license/phone
1252,حضانة أفضل مكان لطفلك,158,Duplicate by normalized name + address/license/phone
1253,حضانة زهور الليلك,159,Duplicate by normalized name + address/license/phone
1254,المستوى الرفيع المتميز للتعليم,160,Duplicate by normalized name + address/license/phone
1255,حضانة المملكة الصغيرة,161,Duplicate by normalized name + address/license/phone
1256,حضانة أحلام المستقبل النموذجية,162,Duplicate by normalized name + address/license/phone
1257,حضانة عبق الربيع,163,Duplicate by normalized name + address/license/phone
1258,حضانة الانامل الذهبية,164,Duplicate by normalized name + address/license/phone
1259,حضانة حكايتي الصغيرة,165,Duplicate by normalized name + address/license/phone
1260,حضانة براعم السكر,166,Duplicate by normalized name + address/license/phone
1261,حضانة درجات صغيرة,167,Duplicate by normalized name + address/license/phone
1262,حضانة أشكال النموذجية,168,Duplicate by normalized name + address/license/phone
1263,حضانة لطفولة أرقى,169,Duplicate by normalized name + address/license/phone
1264,حضانة سلمى وزين,170,Duplicate by normalized name + address/license/phone
1265,حضانة هلا وغلا,171,Duplicate by normalized name + address/license/phone
1266,حضانة من الألف إلى الياء,172,Duplicate by normalized name + address/license/phone
1267,حضانة الطفل السعيد,173,Duplicate by normalized name + address/license/phone
1268,حضانة بدايات عظيمة,174,Duplicate by normalized name + address/license/phone
1269,حضانة ديمة النموذجية,175,Duplicate by normalized name + address/license/phone
1270,حضانة ضحكات الطفولة,176,Duplicate by normalized name + address/license/phone
1271,حضانة الأطفال السعداء,177,Duplicate by normalized name + address/license/phone
1272,حضانة جوان النموذجية,178,Duplicate by normalized name + address/license/phone
1273,حضانة نور الجبيهة,179,Duplicate by normalized name + address/license/phone
1274,حضانة وروضة رونق المودة,180,Duplicate by normalized name + address/license/phone
1275,حضانة بريق النمارق,181,Duplicate by normalized name + address/license/phone
1276,حضانة الأرض السعيدة,182,Duplicate by normalized name + address/license/phone
1277,حضانة الحمامي,183,Duplicate by normalized name + address/license/phone
1278,أكاديمية مدرسة وروضة جنى دان,184,Duplicate by normalized name + address/license/phone
1279,حضانة شذى الورد,185,Duplicate by normalized name + address/license/phone
1280,حضانة بذور الغد,186,Duplicate by normalized name + address/license/phone
1281,حضانة ناريمان النموذجية,187,Duplicate by normalized name + address/license/phone
1282,حضانة كوكب المرح الطفولي,188,Duplicate by normalized name + address/license/phone
1283,حضانة ورود الربيع,189,Duplicate by normalized name + address/license/phone
1284,حضانة حسام وسبأ الحديثة,190,Duplicate by normalized name + address/license/phone
1285,حضانة تكوين,191,Duplicate by normalized name + address/license/phone
1286,حضانة الفطاحلة النموذجية,192,Duplicate by normalized name + address/license/phone
1287,حضانة بيت السكاكر,193,Duplicate by normalized name + address/license/phone
1288,حضانة القلب السعيد,194,Duplicate by normalized name + address/license/phone
1289,حضانة كوخ الدب,195,Duplicate by normalized name + address/license/phone
1290,حضانة الفقاعة المضحكة,126,Duplicate by normalized name + address/license/phone
1291,حضانة طيور المحبة,197,Duplicate by normalized name + address/license/phone
1292,حضانة ريتان,128,Duplicate by normalized name + address/license/phone
1293,حضانة الطفل الأمثل,129,Duplicate by normalized name + address/license/phone
حضانة اليوم السعيد,عمان,عمان,بسمان/جبل النزهة,شارع الكويتية – بناية 15,790225163,Al-Yawm Al-Saeed Nursery
حضانة فرح النموذجية,عمان,عمان,جبل الحسين,دوار الداخلية – نزول سرفيس العبدلي,5695093,Farah Model Nursery
روضة وحضانة نداء الطفولة,عمان,الجبيهة,شمال عمان,شارع عبد الله علي اللوزي 63,0795225664,Nadaa Al-Tufulah Nursery & KG
حضانة سيسو النموذجية,عمان,عمان,خلدا,قرب دوار السكر – مقابل سامح مول,5522949,Siso Model Nursery
روضة ومدارس أكاديمية ريتال الدولية,عمان,عمان,ياجوز,تقاطع جسر ياجوز – شارع الأردن,5336363,Rital International Academy
حضانة قوس قزح النموذجية,عمان,عمان,الشميساني,الشميساني,5605300,Rainbow Model Nursery
شركة إبداع الطفولة,عمان,عمان,شمال عمان,شارع شريفة زين – خلف روان كيك,790932622,Ebdaa Al-Tufulah
حضانة الصياد الصغير,عمان,عمان,جنوب عمان,مرج الحمام – شارع محمد بن طلال,797710897,Little Hunter Nursery
الشجرة المباركة للتعليم والاستثمار,عمان,عمان,شمال عمان,إشارة جبري – خلف بهجت سنتر,55555,Blessed Tree Education
حضانة نطاق الألوان المرحة,عمان,عمان,شرق عمان,شفا بدران – بجانب أكاديمية ريماس,5231617,Color Range Fun Nursery
حضانة زهور صغيرة,عمان,عمان,الشميساني,شارع الفيحاء,792872827,Little Flowers Nursery
حضانة المشاكس الصغير,عمان,عمان,أم أذينة,شارع الكوفة – بناية 71,790395471,Little Mischief Nursery
حضانة عبق عجلون النموذجية,عجلون,عجلون,عبين,شارع إربد – مقابل صالة النورس,778952295,Abq Ajloun Model Nursery
مؤسسة المنهل التربوية,عمان,عمان,الجامعة الأردنية,إسكان الجامعة الأردنية,65153751,Al-Manhal Educational Institution
حضانة النحلة الصغيرة,عمان,عمان,الجاردنز,دخلة مطعم السروات,,Little Bee Nursery
حضانة مملكة السكر,عمان,عمان,شرق عمان,طبربور – شارع أسعد بن زرارة,797064545,Sugar Kingdom Nursery
حضانة طوق الياسمين,عمان,عمان,شرق عمان,طبربور – مظهر علاونة – بجانب موسيقات القوات,4897208,Tawq Al-Yasmin Nursery
حضانة قمم الأشجار,عمان,عمان,الشميساني,عبد الحميد كرامي – بناية 8,795057999,Tree Tops Nursery
حضانة الخيوط اللامعة,عمان,عمان,أبو السوس,إسكان الأمانة – حي الصنوبر,795241103,Shining Threads Nursery
حضانة الما وأيلا,عمان,عمان,شمال عمان,ضاحية الرشيد – قبل سكن أميمة,792107921,Alma & Ayla Nursery
حضانة ماما رولا,عمان,عمان,شرق عمان,شفا بدران – حي ذهيبة – خلف الكلحة – بناية 3,798076488,Mama Rola Nursery
حضانة حبات التوت,عمان,عمان,مرج الحمام,شارع مويى النهار,,Raspberry Seeds Nursery
حضانة أطفال تمارا,عمان,عمان,شمال عمان,خلف مطعم طواحين,775136924,Tamara Kids Nursery
حضانة أزهار بيسان,عمان,عمان,شرق عمان,الهاشمي الشمالي – حي نايفة – مقابل وزارة الصحة,65057240,Bisan Flowers Nursery
حضانة دانة الدولية,عمان,عمان,شمال عمان,تلاع العلي – خلف الهوليدي إن,797097685,Dana International Nursery
حضانة سالي وسلمى,عمان,عمان,شمال عمان,الجبيهة – مقابل الأحدث سابقاً,5238494,Sally & Salma Nursery
حضانة وسيم النموذجية,عمان,عمان,جنوب عمان,الأشرفية – حي أم تينة,798457004,Waseem Model Nursery
حضانة النحلة جولي,عمان,عمان,شرق عمان,طبربور – بجانب جامعة العلوم الإسلامية,796897303,Jolly Bee Nursery
حضانة الأكواخ الملونة,عمان,عمان,الشميساني,شارع الجاحظ – مقابل مجمع السعيد,795659165,Colored Cabins Nursery
حضانة النجوم المتلألئة,عمان,عمان,اليوبيل,مرج الحمام – شارع نايف بن عاصم,799629292,Twinkling Stars Nursery
حضانة جنتي للأطفال,عمان,عمان,شمال عمان,خلدا – شارع المعارف – قرب مدرسة المعارف,797387766,My Paradise Nursery
حضانة ميرا والمى,عمان,عمان,الياسمين,"WV9V+9XX, حي الياسمين, عمّان",0795489505,Meera & Alma Nursery
حضانة عصافير الكرك,الكرك,الكرك,الكرك,الثنية – الشارع الرئيسي,1111111111,Karak Sparrows Nursery
حضانة القطط الصغيرة,عمان,عمان,شمال عمان,تلاع العلي – بجانب البشيتي – بناية 3,795740854,Little Kittens Nursery
حضانة الطفل الحسن,عمان,عمان,اليوبيل,بيادر وادي السير – الجندويل,799645430,Good Child Nursery
روضة وحضانة أنا الصغير,عمان,عمان,شمال عمان,خرجا – دخلة مدارس الدر المنثور,5538008,Ana Al-Saghir Nursery & KG
حضانة القلب الكبير,إربد,إربد,إربد,قرب مضافة أبو سالم,7247155,Big Heart Nursery
حضانة قرية التوت العالمية,عمان,عمان,عمان المركز,دوار الكيلو – خلف البرجر كنج – عمارة 46,798288080,Global Berry Village Nursery
حضانة الجيل القادم,عمان,عمان,شمال عمان,المدينة الرياضية – شمس الدين الذهبي,,Next Generation Nursery
حضانة التباشير البيضاء,عمان,عمان,بين الدوار 6 وال7,شارع التباشير,791560630,White Chalk Nursery
حضانة مونلايت,عمان,عمان,الشميساني,الشميساني,,Moonlight Nursery
حضانة فيرست ووردز,عمان,عمان,الصويفية,شارع سعيد المفتي – عمارة 16,796246213,First Words Preschool
روضة ومدرسة ليلى للتعليم الحديث,عمان,عمان,طبربور,شارع محمد العويدات – مجمع 2,,Leila Modern Education KG & School
حضانة ليتل ليرنرز,عمان,عمان,الرابية,شارع أنور الخطيب,,Little Learners Nursery
حضانة العلمي الممتع,عمان,عمان,اليوبيل,شارع عبد الله غوشة,,Fun Science Nursery
حضانة ميني مي,عمان,عمان,خلدا,شارع الأمير زيد,,Mini Me Nursery
حضانة الانطلاقة,عمان,عمان,الصويفية,شارع بخيت العيسى,65865080,Al Intilaqa Nursery
حضانة كوكون,عمان,عمان,الرابية,شارع محمد الخماش,,Cocoon Nursery
حضانة زهور المستقبل,عمان,عمان,الرونق,شارع الأسبح – فيلا 6,782668833,Future Flowers Nursery
حضانة نهج المعرفة,عمان,عمان,الدوار الثامن,الدوار الثامن,,Nahj Al-Ma’rifa KG
روضة بوك أند براش,عمان,عمان,الصويفية,شارع زهدي عصفور,,Book n Brush KG
حضانة البدايات المشرقة,عمان,عمان,أم أذينة,شارع الدمام 48,795225253,Bright Beginnings Nursery
حضانة وروضة وورلد كرياتيف,عمان,عمان,الرابية,شارع إبراهيم القطان 22,,Creative World Nursery & KG
حضانة الأطفال السعداء (2),عمان,عمان,السهل,السهل,,Happy Kids Nursery (2)
حضانة السندريلا,عمان,عمان,جبل الحسين,شارع الملك عبد الله الثاني 2,64006176,Cinderella Nursery
روضة ينابيع العلم,عمان,عمان,البيادر,مقسم العطار – شارع البيادر,,Yanabe’ Al-Ilm KG
حضانة السوبر ناني,عمان,عمان,المرج,المرج,7995009794,Super Nanny Nursery
حضانة ميلكي تيث,عمان,عمان,خلدا,خلدا,,Milky Teeth KG Nursery
حضانة ستارفيش,عمان,عمان,الرابية,شارع أنوارين مسمار 4,,Starfish Nursery
حضانة ليتل هاندز,عمان,عمان,خلدا,خلدا,,Little Hands Nursery
حضانة وروضة ستيبينج ستون,عمان,عمان,أم السماق,شارع أرتيريا 50,,Stepping Stone Preschool & Nursery
حضانة آدم كيدز,عمان,عمان,عبدون,عبدون,,Adam Kids Nursery
حضانة رونق المودة,عمان,عمان,البيادر,شارع خضر قردن – مقابل النادي الأهلي,795964769,Ronaq Al-Mawaddah Nursery
حضانة أمبريلا,عمان,عمان,اليوبيل,اليوبيل,,Umbrella Nursery
حضانة وروضة المتفوقين أكاديمي,عمان,عمان,خلدا,شارع أيوب السختياني 14,,Al Mutafawqeen Academy KG & School
حضانة منزلي الكبير,عمان,عمان,الشميساني,شارع الشريف ناصر بن جميل 78,,My Big House Nursery
روضة أكاديمية الأطفال الرائعين,عمان,عمان,اليوبيل,شارع محمد العجلوني,,Wonderful Kids Academy KG
حضانة وروضة كراميل,عمان,عمان,خلدا,شارع الأميرة زينب 63,,Caramel Nursery & KG
حضانة بز بي,عمان,عمان,خلدا,خلدا,,BuzzBee Nursery
روضة وابه,عمان,عمان,طبربور,شارع صدقي أبو شقرة,,Wabe KG
حضانة سيفتي هاوس,عمان,عمان,خلدا,شارع المعارف – خلدا,,Safety House Nursery
حضانة ليتل بي,عمان,عمان,اليوبيل,اليوبيل,,Little Bee Nursery
روضة و حضانة هيل هاوس,عمان,عمان,الشميساني,شارع محمد علي بدير 37,,Hill House KG & Nursery
حضانة الأكواخ الملونة,عمان,عمان,الشميساني,شارع الجاحظ – مقابل مجمع السعيد التجاري,795659165,Al-Akwakh Al-Mulawwanah Nursery
حضانة سويت آند نوتي,عمان,عمان,الشميساني,الشميساني,,Sweet and Naughty Nursery
حضانة كيدز فالي,عمان,عمان,الشميساني,شارع يوسف بن تاشفين 5,,Kids Valley Nursery
حضانة ليتل جاردن,عمان,عمان,خلدا,خلدا,,Little Garden Pre & Nursery
حضانة راقي الدولية,عمان,عمان,الرابية,شارع رفاعة بن أوس 46,,Raqi International Preschool
حضانة السلام,عمان,عمان,الكرسي,الكرسي,,Al-Salam Nursery
حضانة ستدي بلاي,عمان,عمان,خلدا,شارع الشيخ حسين الجسر 44,,Study Play KG
حضانة فيرست ستيب,عمان,عمان,اليوبيل,اليوبيل,,First Step Nursery
حضانة كينزي,عمان,عمان,طبربور,شارع فاضل أحمد خليفة 20,,Kenzi KG
حضانة ليتل بروفيسورز أكاديمي,عمان,عمان,خلدا,شارع أبهى 11,,Little Professors Academy
حضانة زين,عمان,عمان,اليوبيل,شارع الإخلاص 31,,Zain Nursery
حضانة وروضة ليونز كينجدوم,عمان,عمان,دابوق,شارع يثرب 9,,Lions Kingdom Nursery & Pre-school
روضة و حضانة المجد الوطنية,عمان,عمان,خلدا,شارع الفقهاء – مجمع 4,,Al Majd National Academy KG
حضانة وايت لاينز,عمان,عمان,خلدا,شارع أم الدنانير – خلدا,,White Lines Nursery
حضانة لارا,عمان,عمان,تلاع العلي,خلف سوبر ماركت الأهالي,65670424,Lara Nursery
حضانة المشاكس الصغير,عمان,عمان,أم أذينة,أم أذينة الشرقي,795581762,Al-Mushakis Al-Saghir Nursery
حضانة عطر الجوري,عمان,عمان,الياسمين,شارع محمد سالم الثوايب,,Atr Al-Jouri Nursery
حضانة وروضة هابي فايسيز,عمان,عمان,اليوبيل,شارع ثويبة بن حرملة,,Happy Faces Nursery & Preschool
حضانة آرت كير,عمان,عمان,خلدا,شارع عروة بن أذينة,,Art Care Nursery
حضانة وروضة ستيب باي ستيب,عمان,عمان,الرابية,شارع وديع قسطندي 3,,Step By Step Preschool
حضانة وروضة ليتل لاند,عمان,عمان,الشميساني,شارع الأشعري 15,,Little Land Nursery & Preschool
حضانة دانا,عمان,عمان,خلدا,كنيسة كرم إمسيح – خلدا,,Dana Nursery
حضانة بانان دي كير,عمان,عمان,اليوبيل,شارع موسى الساكت 76,,Banan Daycare
حضانة طوق الياسمين,عمان,عمان,طبربور,مظهر علاونة – بجانب موسيقات القوات المسلحة,4897208,Tawq Al-Yasmin Nursery
حضانة كولورز تري,عمان,عمان,خلدا,شارع عيسى أبو قدوم 6,,Colors Tree Nursery
حضانة كرادل تو كرايون,عمان,عمان,اليوبيل,شارع أحمد عرابي,,Cradle to Crayon Nursery
روضة أيوب,عمان,عمان,الشميساني,شارع أحمد أوكلة النصور,,Ayoub KG
روضة و حضانة نحن الأطفال,عمان,عمان,جبل الحسين,شارع عز الدين القسام,,Nahnu Al-Atfal Nursery & KG
حضانة وروضة صنلايت,عمان,عمان,الرابية,شارع نهاوند – الرابية,,Sunlight Nursery & Pre-School
روضة و حضانة عالم الصغار,عمان,عمان,الشميساني,شارع أسيد بن ثعلبة,,Aalam Al-Sighar Nursery & KG
حضانة كُن طفلًا,عمان,عمان,اليوبيل,شارع تعز,,Kun Tiflan Nursery
حضانة تري توبس,عمان,عمان,الشميساني,شارع عبد الحميد كرامي,795057999,Tree Tops Nursery
روضة هابي هارت,عمان,عمان,اليوبيل,مجمع النور – شارع محمد بن غطوس,,Happy Heart Kindergarten
حضانة بامبل بي,عمان,عمان,الرابية,شارع تبريز,,Bumble Bee Preschool
حضانة الما وايلا,عمان,عمان,ضاحية الرشيد,قبل سكن أميمة,798683815,Alma and Ayla Nursery
حضانة ليديبرد,عمان,عمان,الشميساني,شارع يوسف بن تاشفين,,Ladybird Nursery
حضانة داندون,عمان,عمان,خلدا,شارع عبد الله الأعزب,,Dandoon Nursery
حضانة إيرلي بيرد (تلاع العلي),عمان,عمان,تلاع العلي,مجمع 44 – شارع عبد الحليم عباس,,Early Bird Nursery (Tala Al-Ali)
روضة الطفل السعيد,عمان,عمان,شرق عمان,ماركا الشمالية – حمزة,4895823,Al-Tifl Al-Saeed KG
حضانة هيا سبراوتس,عمان,عمان,خلدا,شاكر بن زيد,,Haya Sprouts Preschool
حضانة بيتي الصغير,عمان,عمان,شمال عمان,يوسف بن تاشفين 20 – الشميساني,65676210,My Little Home Nursery
روضة كيدز واي,عمان,عمان,خلدا,شارع الأوزاعي – مجمع 11,,Kids Way Kindergarten
حضانة جريت بيجينينجز,عمان,عمان,جبل الحسين,شارع إسماعيل بابوق,775367440,Great Beginnings Child Care
حضانة ليتل ستيبس,عمان,عمان,خلدا,شارع الشيخ حسين الجسر,,Little Steps Nursery
حضانة رايت ستارت,عمان,عمان,اليوبيل,اليوبيل,,Right Start Nursery
روضة الأصدقاء المبدعين,عمان,عمان,خلدا,شارع عبد الله بن مسعود 20,,Creative Friends KG
حضانة الجيل القادم,عمان,عمان,شمال عمان,المدينة الرياضية – شمس الدين الذهبي,65163070,Next Generation Nursery
حضانة ليتل فلاورز,عمان,عمان,خلدا,خلدا,,Little Flowers Day Nursery
حضانة كيدز ستيبس,عمان,عمان,الرابية,شارع تلمسان – مجمع 5,,Kids Steps Nursery
حضانة شيري تري,عمان,عمان,جبل الحسين,شارع محمد جمجوم – مجمع 2,,Cherry Tree Nursery
حضانة ثراء كيدز,عمان,عمان,شرق عمان,شرق عمان,,Thraa Kids Nursery
حضانة الفقاعة المضحكة,عمان,عمان,أم السماق,شارع عطيوي المجالي – بناية 26,798379019,Funny Bubble Nursery
حضانة طيور المحبة,عمان,عمان,جبل عمان,دوار ثاني – شارع المعتصم 55,4623095,Birds of Love Nursery
حضانة ريتان,إربد,إربد,الحي الشرقي,خلف حلويات الكت والكات,789416515,Ritan Nursery
حضانة الطفل الأمثل,الزرقاء,الزرقاء,البتراوي,حي البتراوي,790063659,Best Child Care Nursery
حضانة أطفال الرونق,عمان,عمان,الرونق,شارع محمد علي حسين الكردي – عمارة 30,775933580,Ronaq Kids Nursery
حضانة البالون,عمان,عمان,الدوار السابع,بجانب فندق جنيفا,5815852,Balloon Nursery
حضانة براعم الرمثا التعليمية والنموذجية,الرمثا,الرمثا,الرئيسي,الرئيسي,799593982,Baraem Al-Ramtha Educational & Model Nursery
حضانة النبات السليم,عمان,عمان,طبربور,حي الشهيد الجنوبي,790479314,Healthy Plant Nursery
حضانة أرض النجوم,عمان,عمان,ضاحية الرشيد,مقابل مدرسة تقارب,5555,Land of Stars Nursery
حضانة صقور العزة,عمان,عمان,أبو نصير,شارع السعادة,796655818,Falcons of Pride Nursery
حضانة أطفال التوت البري,عمان,عمان,اليوبيل,شارع عبدالله غوشة – بجانب مسجد أحد,797266304,Wild Berry Kids Nursery
حضانة أنس وأمير,عمان,عمان,الجبيهة,حي الريان – شارع المريري,770065605,Anas & Amir Nursery
حضانة ألوان الفرح للأطفال,عمان,عمان,شرق عمان,حي العبداللات – بجانب مدرسة الكندي,785652504,Colors of Joy Nursery
حضانة أحمد وضحى,إربد,إربد,الصريح,الصريح,772258725,Ahmed & Dahaa Nursery
حضانة البداية السعيدة النموذجية,عمان,عمان,اليوبيل,شارع المدينة المنورة,795395747,Happy Beginning Model Nursery
حضانة أنا وأخي نمرح,مادبا,مادبا,اليرموك,شارع اليرموك,772211947,Me & My Brother Play Nursery
حضانة جود وميرا,الزرقاء,الزرقاء,جبل المغير,قرب صيدلية شمع العسل,782209062,Jood & Mira Nursery
حضانة ضوء القمر,عمان,عمان,الصويفية,قرب قرية الصويفية – شارع زكي الصويتي,78988868,Moonlight Nursery
حضانة بيت الحلوة للأطفال,عمان,عمان,الجاردنز,خلف مدارس الرأي – عمارة 20,799853333,Sweet Home Kids Nursery
حضانة الطفل العربي,إربد,إربد,الحي الشرقي,قرب أسواق المؤسسة العسكرية,793050777,Arab Child Nursery
حضانة حبايبنا,إربد,إربد,النعيمة,النعيمة,790959613,Our Darlings Nursery
حضانة الخطوات التعليمية,عجلون,عجلون,عبين,خلف مطعم داريا – شارع إربد–عجلون,775570101,Educational Steps Nursery
حضانة فوفو ودودو,عمان,عمان,مرج الحمام,حي الأمير حمزة,777726263,Fufu & Dodo Model Nursery
حضانة ورود المستقبل,عمان,عمان,الرونق,شارع الأصبه – بناية 6,782668833,Future Roses Nursery
حضانة الانطباعات الأولى,إربد,إربد,الراهبات الوردية,غرب مسجد أبو دلو,780466032,First Impressions Nursery
حضانة بابا سنفور,إربد,إربد,إربد,إربد,787054530,Papa Smurf Nursery
حضانة جمعية الشابات المسيحية الخيرية-الفحيص,البلقاء,السلط,الفحيص,خلف بيت الفحيص – شارع صبيان الحصان,799946050,YWCA Al-Fuheis Nursery
حضانة رياحين الجنة,عمان,عمان,شرق عمان,الهاشمي الشمالي – شارع الحارث العبدي,797401206,Breezes of Paradise Nursery
حضانة خمسة وستون 65,البلقاء,السلط,المدينة الرياضية,قرب مدارس السلط الأهلية,777774819,65 Nursery
حضانة جنة الورد,عجلون,عجلون,عين جنا,مبنى البلدية – وسط البلد,777006207,Rose Paradise Nursery
حضانة الكلمات الأولى,عمان,عمان,الصويفية,شارع سعيد المفتي – عمارة 16,796246213,First Words Nursery
حضانة زين ونانا,البلقاء,السلط,أم عليه,الشارع الرئيسي,785226638,Zain & Nana Nursery
حضانة أفضل مكان لطفلك,إربد,إربد,إربد,,790303443,Best Place for Your Child Nursery
حضانة زهور الليلك,عمان,عمان,اليوبيل,مقابل مركز صحي أم السوس,795049140,Lilac Flowers Nursery
المستوى الرفيع المتميز للتعليم,عمان,عمان,الشميساني,شارع ابن الفارض 11,799714198,High Level Distinguished Education
حضانة المملكة الصغيرة,عمان,عمان,ضاحية الياسمين,شارع حفصة بنت عمرو 35,792024263,Small Kingdom Nursery
حضانة أحلام المستقبل النموذجية,مادبا,مادبا,الخطابية,الخطابية,779681212,Dreams of the Future Model Nursery
حضانة عبق الربيع,عمان,عمان,شرق عمان,طبربور – شارع قمر اليافي مقابل حلويات نفيسة,797808114,Spring Fragrance Nursery
حضانة الانامل الذهبية,عمان,عمان,شرق عمان,ماركا الشمالية – شارع فاطمة الزهراء – مسجد فاطمة الزهراء,799381207,Golden Fingers Nursery
حضانة حكايتي الصغيرة,عمان,عمان,الجبيهة,مقابل الجمعية العلمية الملكية – ط الأرضي,5340409,My Little Story Nursery
حضانة براعم السكر,العقبة,العقبة,السكنية الثالثة,شارع العباسيين – بجانب مسجد سعد بن أبي وقاص,792030177,Sugar Buds Nursery
حضانة درجات صغيرة,عمان,عمان,اليوبيل,دوار البرديني – قرب مدارس الإشراق,785905701,Small Steps Nursery
حضانة أشكال النموذجية,إربد,إربد,خلف مستشفى إربد التخصصي,0772155227,,Shapes Model Nursery
حضانة لطفولة أرقى,الزرقاء,الزرقاء,مدينة الشرق,قرب دوار الطيارة,772000294,Finer Childhood Nursery
حضانة سلمى وزين,البلقاء,السلط,البقيع,البقيع,790910177,Salma & Zain Nursery
حضانة هلا وغلا,عمان,عمان,شرق عمان,طبربور – قرب إسكان الجيش – حديقة العهد والوفا – يوسف بني ياسين 9,5056076,Hala & Ghala Nursery
حضانة من الألف إلى الياء,عمان,عمان,جنوب عمان,مرج الحمام – إسكان عالية – فيلا 30,,From A to Z Nursery
حضانة الطفل السعيد,عمان,عمان,شرق عمان,ماركا الشمالية – حمزة – قرب مدرسة الشريف حسين,4895823,Happy Child Nursery
حضانة بدايات عظيمة,عمان,عمان,جبل الحسين,شارع إسماعيل بابوق 5,775367440,Great Beginnings Nursery
حضانة ديمة النموذجية,البلقاء,السلط,شفا العامرية,شفا العامرية,772118163,Dima Model Nursery
حضانة ضحكات الطفولة,عمان,عمان,الشميساني,بناية 39 – شارع معروف الرصافي,791520563,Childhood Laughter Nursery
حضانة الأطفال السعداء,عمان,عمان,اليوبيل,مرج الحمام – شارع نالتشك – قرب مطعم دنيا المشاوي,797083374,Happy Children Nursery
حضانة جوان النموذجية,الزرقاء,الزرقاء,الهاشمية,الحي الشرقي,788067807,Jawan Model Nursery
حضانة نور الجبيهة,عمان,عمان,الجبيهة,شارع مفلح اللوزي – بناية 32 – مقابل مفروشات شهوان,797670971,Nour Al-Jubeiha Nursery
حضانة وروضة رونق المودة,عمان,عمان,البيادر,شارع خضر قردن – مقابل النادي الأهلي,795964769,Ronaq Al-Mawaddah Nursery & KG
حضانة بريق النمارق,البلقاء,السلط,البقعان,بجانب مدرسة فاطمة الزهراء,797094191,Briq Al-Namarq Nursery
حضانة الأرض السعيدة,عمان,عمان,جنوب عمان,المقابلين – حي الصحابة – شارع عبد الكريم الخطاب,790921251,Happy Land Nursery
حضانة الحمامي,عمان,عمان,الجبيهة,شارع الريان – أم زويتينة,5555,Al-Hammami Nursery
أكاديمية مدرسة وروضة جنى دان,الزرقاء,الزرقاء,بيرين,خلف النبعة,788616293,Jana Dan Academy & KG
حضانة شذى الورد,عمان,عمان,شرق عمان,طبربور – شارع عجاج الهبارنة – قرب مسجد عباد الرحمن,791077254,Shatha Al-Ward Nursery
حضانة بذور الغد,عمان,عمان,شرق عمان,إسكان الجيش – شارع عبدالقادر الزغول – باتجاه أبو عليا,789995605,Seeds of Tomorrow Nursery
حضانة ناريمان النموذجية,الرمثا,الرمثا,الرمثا,مقابل مدرسة جمانة,786306644,Nariman Model Nursery
حضانة كوكب المرح الطفولي,العقبة,العقبة,الثامنة,قرب مسجد الكالوتي,9872021168,Fun Planet Childhood Nursery
حضانة ورود الربيع,البلقاء,السلط,ماحص,شارع المدارس,772663512,Spring Roses Nursery
حضانة حسام وسبأ الحديثة,إربد,إربد,الحصن,الحي الشرقي – شارع الكلية,791854881,Husam & Saba Modern Nursery
حضانة تكوين,عمان,عمان,شمال عمان,طلوع الجاذبية – قرب سوبرماركت ياهلا,792127898,Takween Nursery
حضانة الفطاحلة النموذجية,إربد,إربد,الحي الجنوبي,جنوب غرب دوار صحارى – 300 متر,777148052,Al-Fatahilah Model Nursery
حضانة بيت السكاكر,إربد,إربد,الراهبات الوردية,خلف مستشفى الراهبات الوردية – بجانب السور,777747716,Candy House Nursery
حضانة القلب السعيد,عمان,عمان,شرق عمان,ضاحية الأمير حسن – قرب مطعم الهنيني,777772615,Happy Heart Nursery
حضانة كوخ الدب,الزرقاء,الزرقاء,الجبل الشمالي,شارع الملك عبد الله الثاني,782929569,Bear Cabin Nursery
حضانة الفقاعة المضحكة,عمان,عمان,أم السماق,شارع عطيوي المجالي – بناية 26,798379019,Funny Bubble Nursery
حضانة طيور المحبة,عمان,عمان,جبل عمان,دوار ثاني – شارع المعتصم 55 – بجانب عمارة قناة الجزيرة,4623095,Birds of Love Nursery
حضانة ريتان,إربد,إربد,الحي الشرقي,خلف حلويات الكت والكات,789416515,Ritan Nursery
حضانة الطفل الأمثل,الزرقاء,الزرقاء,البتراوي,حي البتراوي,790063659,Best Child Nursery
حضانة الانامل الذهبية,عمان,عمان,شرق عمان,ماركا الشمالية – شارع فاطمة الزهراء – مسجد فاطمة الزهراء,799381207,Golden Fingers Nursery
حضانة حكايتي الصغيرة,عمان,عمان,الجبيهة,مقابل الجمعية العلمية الملكية – ط الأرضي,5340409,My Little Story Nursery
حضانة براعم السكر,العقبة,العقبة,السكنية الثالثة,شارع العباسيين – بجانب مسجد سعد بن أبي وقاص,792030177,Sugar Buds Nursery
حضانة درجات صغيرة,عمان,عمان,اليوبيل,دوار البرديني – قرب مدارس الإشراق,785905701,Small Steps Nursery
حضانة أشكال النموذجية,إربد,إربد,خلف مستشفى إربد التخصصي,0772155227,,Shapes Model Nursery
حضانة لطفولة أرقى,الزرقاء,الزرقاء,مدينة الشرق,قرب دوار الطيارة,772000294,Finer Childhood Nursery
حضانة سلمى وزين,البلقاء,السلط,البقيع,البقيع,790910177,Salma & Zain Nursery
حضانة هلا وغلا,عمان,عمان,شرق عمان,طبربور – قرب إسكان الجيش – حديقة العهد والوفا – يوسف بني ياسين 9,5056076,Hala & Ghala Nursery
حضانة من الألف إلى الياء,عمان,عمان,جنوب عمان,مرج الحمام – إسكان عالية – فيلا 30,,From A to Z Nursery
حضانة الطفل السعيد,عمان,عمان,شرق عمان,ماركا الشمالية – حمزة – قرب مدرسة الشريف حسين,4895823,Happy Child Nursery
حضانة بدايات عظيمة,عمان,عمان,جبل الحسين,شارع إسماعيل بابوق 5,775367440,Great Beginnings Nursery
حضانة ديمة النموذجية,البلقاء,السلط,شفا العامرية,شفا العامرية,772118163,Dima Model Nursery
حضانة ضحكات الطفولة,عمان,عمان,الشميساني,بناية 39 – شارع معروف الرصافي,791520563,Childhood Laughter Nursery
حضانة الأطفال السعداء,عمان,عمان,اليوبيل,مرج الحمام – شارع نالتشك – قرب مطعم دنيا المشاوي,797083374,Happy Children Nursery
حضانة جوان النموذجية,الزرقاء,الزرقاء,الهاشمية,الحي الشرقي,788067807,Jawan Model Nursery
حضانة نور الجبيهة,عمان,عمان,الجبيهة,شارع مفلح اللوزي – بناية 32 – مقابل مفروشات شهوان,797670971,Nour Al-Jubeiha Nursery
حضانة وروضة رونق المودة,عمان,عمان,البيادر,شارع خضر قردن – مقابل النادي الأهلي,795964769,Ronaq Al-Mawaddah Nursery & KG
حضانة بريق النمارق,البلقاء,السلط,البقعان,بجانب مدرسة فاطمة الزهراء,797094191,Briq Al-Namarq Nursery
حضانة الأرض السعيدة,عمان,عمان,جنوب عمان,المقابلين – حي الصحابة – شارع عبد الكريم الخطاب,790921251,Happy Land Nursery
حضانة الحمامي,عمان,عمان,الجبيهة,شارع الريان – أم زويتينة,5555,Al-Hammami Nursery
أكاديمية مدرسة وروضة جنى دان,الزرقاء,الزرقاء,بيرين,خلف النبعة,788616293,Jana Dan Academy & KG
حضانة شذى الورد,عمان,عمان,شرق عمان,طبربور – شارع عجاج الهبارنة – قرب مسجد عباد الرحمن,791077254,Shatha Al-Ward Nursery
حضانة بذور الغد,عمان,عمان,شرق عمان,إسكان الجيش – شارع عبدالقادر الزغول – باتجاه أبو عليا,789995605,Seeds of Tomorrow Nursery
حضانة ناريمان النموذجية,الرمثا,الرمثا,الرمثا,مقابل مدرسة جمانة,786306644,Nariman Model Nursery
حضانة كوكب المرح الطفولي,العقبة,العقبة,الثامنة,قرب مسجد الكالوتي,9872021168,Fun Planet Childhood Nursery
حضانة ورود الربيع,البلقاء,السلط,ماحص,شارع المدارس,772663512,Spring Roses Nursery
حضانة حسام وسبأ الحديثة,إربد,إربد,الحصن,الحي الشرقي – شارع الكلية,791854881,Husam & Saba Modern Nursery
حضانة تكوين,عمان,عمان,شمال عمان,طلوع الجاذبية – قرب سوبرماركت ياهلا,792127898,Takween Nursery
حضانة الفطاحلة النموذجية,إربد,إربد,الحي الجنوبي,جنوب غرب دوار صحارى – 300 متر,777148052,Al-Fatahilah Model Nursery
حضانة بيت السكاكر,إربد,إربد,الراهبات الوردية,خلف مستشفى الراهبات الوردية – بجانب السور,777747716,Candy House Nursery
حضانة القلب السعيد,عمان,عمان,شرق عمان,ضاحية الأمير حسن – قرب مطعم الهنيني,777772615,Happy Heart Nursery
حضانة كوخ الدب,الزرقاء,الزرقاء,الجبل الشمالي,شارع الملك عبد الله الثاني,782929569,Bear Cabin Nursery
حضانة الفقاعة المضحكة,عمان,عمان,أم السماق,شارع عطيوي المجالي – بناية 26,798379019,Funny Bubble Nursery
حضانة طيور المحبة,عمان,عمان,جبل عمان,دوار ثاني – شارع المعتصم 55 – بجانب عمارة قناة الجزيرة,4623095,Birds of Love Nursery
حضانة ريتان,إربد,إربد,الحي الشرقي,خلف حلويات الكت والكات,789416515,Ritan Nursery
حضانة الطفل الأمثل,الزرقاء,الزرقاء,البتراوي,حي البتراوي,790063659,Best Child Nursery
حضانة اليوم السعيد,عمان,عمان,بسمان/جبل النزهة,شارع الكويتية – بناية 15,790225163,Al-Yawm Al-Saeed Nursery
حضانة فرح النموذجية,عمان,عمان,جبل الحسين,دوار الداخلية – نزول سرفيس العبدلي,5695093,Farah Model Nursery
روضة وحضانة نداء الطفولة,عمان,عمان,الجبيهة,شارع عبد الله علي اللوزي 63,0795225664,Nadaa Al-Tufulah Nursery & KG
حضانة سيسو النموذجية,عمان,عمان,خلدا,قرب دوار السكر – مقابل سامح مول,5522949,Siso Model Nursery
روضة ومدارس أكاديمية ريتال الدولية,عمان,عمان,ياجوز,تقاطع جسر ياجوز – شارع الأردن,5336363,Rital International Academy
حضانة قوس قزح النموذجية,عمان,عمان,الشميساني,الشميساني,5605300,Rainbow Model Nursery
شركة إبداع الطفولة,عمان,عمان,شمال عمان,شارع شريفة زين – خلف روان كيك,790932622,Ebdaa Al-Tufulah
حضانة الصياد الصغير,عمان,عمان,جنوب عمان,مرج الحمام – شارع محمد بن طلال,797710897,Little Hunter Nursery
الشجرة المباركة للتعليم والاستثمار,عمان,عمان,شمال عمان,إشارة جبري – خلف بهجت سنتر,55555,Blessed Tree Education
حضانة نطاق الألوان المرحة,عمان,عمان,شرق عمان,شفا بدران – بجانب أكاديمية ريماس,5231617,Color Range Fun Nursery
حضانة زهور صغيرة,عمان,عمان,الشميساني,شارع الفيحاء,792872827,Little Flowers Nursery
حضانة المشاكس الصغير,عمان,عمان,أم أذينة,شارع الكوفة – بناية 71,790395471,Little Mischief Nursery
حضانة عبق عجلون النموذجية,عجلون,عجلون,عبين,شارع إربد – مقابل صالة النورس,778952295,Abq Ajloun Model Nursery
مؤسسة المنهل التربوية,عمان,عمان,الجامعة الأردنية,إسكان الجامعة الأردنية,65153751,Al-Manhal Educational Institution
حضانة النحلة الصغيرة,عمان,عمان,الجاردنز,دخلة مطعم السروات,,Little Bee Nursery
حضانة مملكة السكر,عمان,عمان,شرق عمان,طبربور – شارع أسعد بن زرارة,797064545,Sugar Kingdom Nursery
حضانة طوق الياسمين,عمان,عمان,شرق عمان,طبربور – مظهر علاونة – بجانب موسيقات القوات,4897208,Tawq Al-Yasmin Nursery
حضانة قمم الأشجار,عمان,عمان,الشميساني,عبد الحميد كرامي – بناية 8,795057999,Tree Tops Nursery
حضانة الخيوط اللامعة,عمان,عمان,أبو السوس,إسكان الأمانة – حي الصنوبر,795241103,Shining Threads Nursery
حضانة الما وأيلا,عمان,عمان,شمال عمان,ضاحية الرشيد – قبل سكن أميمة,792107921,Alma & Ayla Nursery
حضانة ماما رولا,عمان,عمان,شرق عمان,شفا بدران – حي ذهيبة – خلف الكلحة – بناية 3,798076488,Mama Rola Nursery
حضانة حبات التوت,عمان,عمان,مرج الحمام,شارع مويى النهار,,Raspberry Seeds Nursery
حضانة أطفال تمارا,عمان,عمان,شمال عمان,خلف مطعم طواحين,775136924,Tamara Kids Nursery
حضانة أزهار بيسان,عمان,عمان,شرق عمان,الهاشمي الشمالي – حي نايفة – مقابل وزارة الصحة,65057240,Bisan Flowers Nursery
حضانة دانة الدولية,عمان,عمان,شمال عمان,تلاع العلي – خلف الهوليدي إن,797097685,Dana International Nursery
حضانة سالي وسلمى,عمان,عمان,شمال عمان,الجبيهة – مقابل الأحدث سابقاً,5238494,Sally & Salma Nursery
حضانة وسيم النموذجية,عمان,عمان,جنوب عمان,الأشرفية – حي أم تينة,798457004,Waseem Model Nursery
حضانة النحلة جولي,عمان,عمان,شرق عمان,طبربور – بجانب جامعة العلوم الإسلامية,796897303,Jolly Bee Nursery
حضانة الأكواخ الملونة,عمان,عمان,الشميساني,شارع الجاحظ – مقابل مجمع السعيد,795659165,Colored Cabins Nursery
حضانة النجوم المتلألئة,عمان,عمان,اليوبيل,مرج الحمام – شارع نايف بن عاصم,799629292,Twinkling Stars Nursery
حضانة جنتي للأطفال,عمان,عمان,شمال عمان,خلدا – شارع المعارف – قرب مدرسة المعارف,797387766,My Paradise Nursery
حضانة ميرا والمى,عمان,عمان,الياسمين,"WV9V+9XX, حي الياسمين, عمّان",0795489505,Meera & Alma Nursery
حضانة عصافير الكرك,الكرك,الكرك,الكرك,الثنية – الشارع الرئيسي,1111111111,Karak Sparrows Nursery
حضانة القطط الصغيرة,عمان,عمان,شمال عمان,تلاع العلي – بجانب البشيتي – بناية 3,795740854,Little Kittens Nursery
حضانة الطفل الحسن,عمان,عمان,اليوبيل,بيادر وادي السير – الجندويل,799645430,Good Child Nursery
روضة وحضانة أنا الصغير,عمان,عمان,شمال عمان,خرجا – دخلة مدارس الدر المنثور,5538008,Ana Al-Saghir Nursery & KG
حضانة القلب الكبير,إربد,إربد,إربد,قرب مضافة أبو سالم,7247155,Big Heart Nursery
حضانة قرية التوت العالمية,عمان,عمان,عمان المركز,دوار الكيلو – خلف البرجر كنج – عمارة 46,798288080,Global Berry Village Nursery
حضانة الجيل القادم,عمان,عمان,شمال عمان,المدينة الرياضية – شمس الدين الذهبي,,Next Generation Nursery
حضانة الانامل الذهبية,عمان,عمان,شرق عمان,ماركا الشمالية – شارع فاطمة الزهراء – مسجد فاطمة الزهراء,799381207,Golden Fingers Nursery
حضانة حكايتي الصغيرة,عمان,عمان,الجبيهة,مقابل الجمعية العلمية الملكية – ط الأرضي,5340409,My Little Story Nursery
حضانة براعم السكر,العقبة,العقبة,السكنية الثالثة,شارع العباسيين – بجانب مسجد سعد بن أبي وقاص,792030177,Sugar Buds Nursery
حضانة درجات صغيرة,عمان,عمان,اليوبيل,دوار البرديني – قرب مدارس الإشراق,785905701,Small Steps Nursery
حضانة أشكال النموذجية,إربد,إربد,خلف مستشفى إربد التخصصي,0772155227,,Shapes Model Nursery
حضانة لطفولة أرقى,الزرقاء,الزرقاء,مدينة الشرق,قرب دوار الطيارة,772000294,Finer Childhood Nursery
حضانة سلمى وزين,البلقاء,السلط,البقيع,البقيع,790910177,Salma & Zain Nursery
حضانة هلا وغلا,عمان,عمان,شرق عمان,طبربور – قرب إسكان الجيش – حديقة العهد والوفا – يوسف بني ياسين 9,5056076,Hala & Ghala Nursery
حضانة من الألف إلى الياء,عمان,عمان,جنوب عمان,مرج الحمام – إسكان عالية – فيلا 30,,From A to Z Nursery
حضانة الطفل السعيد,عمان,عمان,شرق عمان,ماركا الشمالية – حمزة – قرب مدرسة الشريف حسين,4895823,Happy Child Nursery
حضانة بدايات عظيمة,عمان,عمان,جبل الحسين,شارع إسماعيل بابوق 5,775367440,Great Beginnings Nursery
حضانة ديمة النموذجية,البلقاء,السلط,شفا العامرية,شفا العامرية,772118163,Dima Model Nursery
حضانة ضحكات الطفولة,عمان,عمان,الشميساني,بناية 39 – شارع معروف الرصافي,791520563,Childhood Laughter Nursery
حضانة الأطفال السعداء,عمان,عمان,اليوبيل,مرج الحمام – شارع نالتشك – قرب مطعم دنيا المشاوي,797083374,Happy Children Nursery
حضانة جوان النموذجية,الزرقاء,الزرقاء,الهاشمية,الحي الشرقي,788067807,Jawan Model Nursery
حضانة نور الجبيهة,عمان,عمان,الجبيهة,شارع مفلح اللوزي – بناية 32 – مقابل مفروشات شهوان,797670971,Nour Al-Jubeiha Nursery
حضانة وروضة رونق المودة,عمان,عمان,البيادر,شارع خضر قردن – مقابل النادي الأهلي,795964769,Ronaq Al-Mawaddah Nursery & KG
حضانة بريق النمارق,البلقاء,السلط,البقعان,بجانب مدرسة فاطمة الزهراء,797094191,Briq Al-Namarq Nursery
حضانة الأرض السعيدة,عمان,عمان,جنوب عمان,المقابلين – حي الصحابة – شارع عبد الكريم الخطاب,790921251,Happy Land Nursery
حضانة الحمامي,عمان,عمان,الجبيهة,شارع الريان – أم زويتينة,5555,Al-Hammami Nursery
أكاديمية مدرسة وروضة جنى دان,الزرقاء,الزرقاء,بيرين,خلف النبعة,788616293,Jana Dan Academy & KG
حضانة شذى الورد,عمان,عمان,شرق عمان,طبربور – شارع عجاج الهبارنة – قرب مسجد عباد الرحمن,791077254,Shatha Al-Ward Nursery
حضانة بذور الغد,عمان,عمان,شرق عمان,إسكان الجيش – شارع عبدالقادر الزغول – باتجاه أبو عليا,789995605,Seeds of Tomorrow Nursery
حضانة ناريمان النموذجية,الرمثا,الرمثا,الرمثا,مقابل مدرسة جمانة,786306644,Nariman Model Nursery
حضانة كوكب المرح الطفولي,العقبة,العقبة,الثامنة,قرب مسجد الكالوتي,9872021168,Fun Planet Childhood Nursery
حضانة ورود الربيع,البلقاء,السلط,ماحص,شارع المدارس,772663512,Spring Roses Nursery
حضانة حسام وسبأ الحديثة,إربد,إربد,الحصن,الحي الشرقي – شارع الكلية,791854881,Husam & Saba Modern Nursery
حضانة تكوين,عمان,عمان,شمال عمان,طلوع الجاذبية – قرب سوبرماركت ياهلا,792127898,Takween Nursery
حضانة الفطاحلة النموذجية,إربد,إربد,الحي الجنوبي,جنوب غرب دوار صحارى – 300 متر,777148052,Al-Fatahilah Model Nursery
حضانة بيت السكاكر,إربد,إربد,الراهبات الوردية,خلف مستشفى الراهبات الوردية – بجانب السور,777747716,Candy House Nursery
حضانة القلب السعيد,عمان,عمان,شرق عمان,ضاحية الأمير حسن – قرب مطعم الهنيني,777772615,Happy Heart Nursery
حضانة كوخ الدب,الزرقاء,الزرقاء,الجبل الشمالي,شارع الملك عبد الله الثاني,782929569,Bear Cabin Nursery
حضانة الفقاعة المضحكة,عمان,عمان,أم السماق,شارع عطيوي المجالي – بناية 26,798379019,Funny Bubble Nursery
حضانة طيور المحبة,عمان,عمان,جبل عمان,دوار ثاني – شارع المعتصم 55 – بجانب عمارة قناة الجزيرة,4623095,Birds of Love Nursery
حضانة ريتان,إربد,إربد,الحي الشرقي,خلف حلويات الكت والكات,789416515,Ritan Nursery
حضانة الطفل الأمثل,الزرقاء,الزرقاء,البتراوي,حي البتراوي,790063659,Best Child Nursery
حضانة اليوم السعيد,عمان,عمان,بسمان/جبل النزهة,شارع الكويتية – بناية 15,790225163,Al-Yawm Al-Saeed Nursery
حضانة فرح النموذجية,عمان,عمان,جبل الحسين,دوار الداخلية – نزول سرفيس العبدلي,5695093,Farah Model Nursery
روضة وحضانة نداء الطفولة,عمان,الجبيهة,شارع عبد الله علي اللوزي 63,,0795225664,Nadaa Al-Tufulah Nursery & KG
حضانة سيسو النموذجية,عمان,عمان,خلدا,قرب دوار السكر – مقابل سامح مول,5522949,Siso Model Nursery
روضة ومدارس أكاديمية ريتال الدولية,عمان,عمان,ياجوز,تقاطع جسر ياجوز – شارع الأردن,5336363,Rital International Academy
حضانة قوس قزح النموذجية,عمان,عمان,الشميساني,الشميساني,5605300,Rainbow Model Nursery
شركة إبداع الطفولة,عمان,عمان,شمال عمان,شارع شريفة زين – خلف روان كيك,790932622,Ebdaa Al-Tufulah
حضانة الصياد الصغير,عمان,عمان,جنوب عمان,مرج الحمام – شارع محمد بن طلال,797710897,Little Hunter Nursery
الشجرة المباركة للتعليم والاستثمار,عمان,عمان,شمال عمان,إشارة جبري – خلف بهجت سنتر,55555,Blessed Tree Education
حضانة نطاق الألوان المرحة,عمان,عمان,شرق عمان,شفا بدران – بجانب أكاديمية ريماس,5231617,Color Range Fun Nursery
حضانة زهور صغيرة,عمان,عمان,الشميساني,شارع الفيحاء,792872827,Little Flowers Nursery
حضانة المشاكس الصغير,عمان,عمان,أم أذينة,شارع الكوفة – بناية 71,790395471,Little Mischief Nursery
حضانة عبق عجلون النموذجية,عجلون,عجلون,عبين,شارع إربد – مقابل صالة النورس,778952295,Abq Ajloun Model Nursery
مؤسسة المنهل التربوية,عمان,عمان,الجامعة الأردنية,إسكان الجامعة الأردنية,65153751,Al-Manhal Educational Institution
حضانة النحلة الصغيرة,عمان,عمان,الجاردنز,دخلة مطعم السروات,,Little Bee Nursery
حضانة مملكة السكر,عمان,عمان,شرق عمان,طبربور – شارع أسعد بن زرارة,797064545,Sugar Kingdom Nursery
حضانة طوق الياسمين,عمان,عمان,شرق عمان,طبربور – مظهر علاونة – بجانب موسيقات القوات,4897208,Tawq Al-Yasmin Nursery
حضانة قمم الأشجار,عمان,عمان,الشميساني,عبد الحميد كرامي – بناية 8,795057999,Tree Tops Nursery
حضانة الخيوط اللامعة,عمان,عمان,أبو السوس,إسكان الأمانة – حي الصنوبر,795241103,Shining Threads Nursery
حضانة الما وأيلا,عمان,عمان,شمال عمان,ضاحية الرشيد – قبل سكن أميمة,792107921,Alma & Ayla Nursery
حضانة ماما رولا,عمان,عمان,شرق عمان,شفا بدران – حي ذهيبة – خلف الكلحة – بناية 3,798076488,Mama Rola Nursery
حضانة حبات التوت,عمان,عمان,مرج الحمام,شارع مويى النهار,,Raspberry Seeds Nursery
حضانة أطفال تمارا,عمان,عمان,شمال عمان,خلف مطعم طواحين,775136924,Tamara Kids Nursery
حضانة أزهار بيسان,عمان,عمان,شرق عمان,الهاشمي الشمالي – حي نايفة – مقابل وزارة الصحة,65057240,Bisan Flowers Nursery
حضانة دانة الدولية,عمان,عمان,شمال عمان,تلاع العلي – خلف الهوليدي إن,797097685,Dana International Nursery
حضانة سالي وسلمى,عمان,عمان,شمال عمان,الجبيهة – مقابل الأحدث سابقاً,5238494,Sally & Salma Nursery
حضانة وسيم النموذجية,عمان,عمان,جنوب عمان,الأشرفية – حي أم تينة,798457004,Waseem Model Nursery
حضانة النحلة جولي,عمان,عمان,شرق عمان,طبربور – بجانب جامعة العلوم الإسلامية,796897303,Jolly Bee Nursery
حضانة الأكواخ الملونة,عمان,عمان,الشميساني,شارع الجاحظ – مقابل مجمع السعيد,795659165,Colored Cabins Nursery
حضانة النجوم المتلألئة,عمان,عمان,اليوبيل,مرج الحمام – شارع نايف بن عاصم,799629292,Twinkling Stars Nursery
حضانة جنتي للأطفال,عمان,عمان,شمال عمان,خلدا – شارع المعارف – قرب مدرسة المعارف,797387766,My Paradise Nursery
حضانة ميرا والمى,عمان,عمان,الياسمين,"WV9V+9XX, حي الياسمين, عمّان",0795489505,Meera & Alma Nursery
حضانة عصافير الكرك,الكرك,الكرك,الكرك,الثنية – الشارع الرئيسي,1111111111,Karak Sparrows Nursery
حضانة القطط الصغيرة,عمان,عمان,شمال عمان,تلاع العلي – بجانب البشيتي – بناية 3,795740854,Little Kittens Nursery
حضانة الطفل الحسن,عمان,عمان,اليوبيل,بيادر وادي السير – الجندويل,799645430,Good Child Nursery
روضة وحضانة أنا الصغير,عمان,عمان,شمال عمان,خرجا – دخلة مدارس الدر المنثور,5538008,Ana Al-Saghir Nursery & KG
حضانة القلب الكبير,إربد,إربد,إربد,قرب مضافة أبو سالم,7247155,Big Heart Nursery
حضانة قرية التوت العالمية,عمان,عمان,عمان المركز,دوار الكيلو – خلف البرجر كنج – عمارة 46,798288080,Global Berry Village Nursery
حضانة الجيل القادم,عمان,عمان,شمال عمان,المدينة الرياضية – شمس الدين الذهبي,,Next Generation Nursery
حضانة التباشير البيضاء,عمان,عمان,بين الدوار 6 وال7,شارع التباشير,791560630,White Chalk Nursery
حضانة مونلايت,عمان,عمان,الشميساني,الشميساني,,Moonlight Nursery
حضانة فيرست ووردز,عمان,عمان,الصويفية,شارع سعيد المفتي – عمارة 16,796246213,First Words Preschool
روضة ومدرسة ليلى للتعليم الحديث,عمان,عمان,طبربور,شارع محمد العويدات – مجمع 2,,Leila Modern Education KG & School
حضانة ليتل ليرنرز,عمان,عمان,الرابية,شارع أنور الخطيب,,Little Learners Nursery
حضانة العلمي الممتع,عمان,عمان,اليوبيل,شارع عبد الله غوشة,,Fun Science Nursery
حضانة ميني مي,عمان,عمان,خلدا,شارع الأمير زيد,,Mini Me Nursery
حضانة الانطلاقة,عمان,عمان,الصويفية,شارع بخيت العيسى,65865080,Al Intilaqa Nursery
حضانة كوكون,عمان,عمان,الرابية,شارع محمد الخماش,,Cocoon Nursery
حضانة زهور المستقبل,عمان,عمان,الرونق,شارع الأسبح – فيلا 6,782668833,Future Flowers Nursery
حضانة نهج المعرفة,عمان,عمان,الدوار الثامن,الدوار الثامن,,Nahj Al-Ma’rifa KG
روضة بوك أند براش,عمان,عمان,الصويفية,شارع زهدي عصفور,,Book n Brush KG
حضانة البدايات المشرقة,عمان,عمان,أم أذينة,شارع الدمام 48,795225253,Bright Beginnings Nursery
حضانة وروضة وورلد كرياتيف,عمان,عمان,الرابية,شارع إبراهيم القطان 22,,Creative World Nursery & KG
حضانة الأطفال السعداء (2),عمان,عمان,السهل,السهل,,Happy Kids Nursery (2)
حضانة السندريلا,عمان,عمان,جبل الحسين,شارع الملك عبد الله الثاني 2,64006176,Cinderella Nursery
روضة ينابيع العلم,عمان,عمان,البيادر,مقسم العطار – شارع البيادر,,Yanabe’ Al-Ilm KG
حضانة السوبر ناني,عمان,عمان,المرج,المرج,7995009794,Super Nanny Nursery
حضانة ميلكي تيث,عمان,عمان,خلدا,خلدا,,Milky Teeth KG Nursery
حضانة ستارفيش,عمان,عمان,الرابية,شارع أنوارين مسمار 4,,Starfish Nursery
حضانة ليتل هاندز,عمان,عمان,خلدا,خلدا,,Little Hands Nursery
حضانة وروضة ستيبينج ستون,عمان,عمان,أم السماق,شارع أرتيريا 50,,Stepping Stone Preschool & Nursery
حضانة آدم كيدز,عمان,عمان,عبدون,عبدون,,Adam Kids Nursery
حضانة رونق المودة,عمان,عمان,البيادر,شارع خضر قردن – مقابل النادي الأهلي,795964769,Ronaq Al-Mawaddah Nursery
حضانة أمبريلا,عمان,عمان,اليوبيل,اليوبيل,,Umbrella Nursery
حضانة وروضة المتفوقين أكاديمي,عمان,عمان,خلدا,شارع أيوب السختياني 14,,Al Mutafawqeen Academy KG & School
حضانة منزلي الكبير,عمان,عمان,الشميساني,شارع الشريف ناصر بن جميل 78,,My Big House Nursery
روضة أكاديمية الأطفال الرائعين,عمان,عمان,اليوبيل,شارع محمد العجلوني,,Wonderful Kids Academy KG
حضانة وروضة كراميل,عمان,عمان,خلدا,شارع الأميرة زينب 63,,Caramel Nursery & KG
حضانة بز بي,عمان,عمان,خلدا,خلدا,,BuzzBee Nursery
روضة وابه,عمان,عمان,طبربور,شارع صدقي أبو شقرة,,Wabe KG
حضانة سيفتي هاوس,عمان,عمان,خلدا,شارع المعارف – خلدا,,Safety House Nursery
حضانة ليتل بي,عمان,عمان,اليوبيل,اليوبيل,,Little Bee Nursery
روضة و حضانة هيل هاوس,عمان,عمان,الشميساني,شارع محمد علي بدير 37,,Hill House KG & Nursery
حضانة الأكواخ الملونة,عمان,عمان,الشميساني,شارع الجاحظ – مقابل مجمع السعيد التجاري,795659165,Al-Akwakh Al-Mulawwanah Nursery
حضانة سويت آند نوتي,عمان,عمان,الشميساني,الشميساني,,Sweet and Naughty Nursery
حضانة كيدز فالي,عمان,عمان,الشميساني,شارع يوسف بن تاشفين 5,,Kids Valley Nursery
حضانة ليتل جاردن,عمان,عمان,خلدا,خلدا,,Little Garden Pre & Nursery
حضانة راقي الدولية,عمان,عمان,الرابية,شارع رفاعة بن أوس 46,,Raqi International Preschool
حضانة السلام,عمان,عمان,الكرسي,الكرسي,,Al-Salam Nursery
حضانة ستدي بلاي,عمان,عمان,خلدا,شارع الشيخ حسين الجسر 44,,Study Play KG
حضانة فيرست ستيب,عمان,عمان,اليوبيل,اليوبيل,,First Step Nursery
حضانة كينزي,عمان,عمان,طبربور,شارع فاضل أحمد خليفة 20,,Kenzi KG
حضانة ليتل بروفيسورز أكاديمي,عمان,عمان,خلدا,شارع أبهى 11,,Little Professors Academy
حضانة زين,عمان,عمان,اليوبيل,شارع الإخلاص 31,,Zain Nursery
حضانة وروضة ليونز كينجدوم,عمان,عمان,دابوق,شارع يثرب 9,,Lions Kingdom Nursery & Pre-school
روضة و حضانة المجد الوطنية,عمان,عمان,خلدا,شارع الفقهاء – مجمع 4,,Al Majd National Academy KG
حضانة وايت لاينز,عمان,عمان,خلدا,شارع أم الدنانير – خلدا,,White Lines Nursery
حضانة لارا,عمان,عمان,تلاع العلي,خلف سوبر ماركت الأهالي,65670424,Lara Nursery
حضانة المشاكس الصغير,عمان,عمان,أم أذينة,أم أذينة الشرقي,795581762,Al-Mushakis Al-Saghir Nursery
حضانة عطر الجوري,عمان,عمان,الياسمين,شارع محمد سالم الثوايب,,Atr Al-Jouri Nursery
حضانة وروضة هابي فايسيز,عمان,عمان,اليوبيل,شارع ثويبة بن حرملة,,Happy Faces Nursery & Preschool
حضانة آرت كير,عمان,عمان,خلدا,شارع عروة بن أذينة,,Art Care Nursery
حضانة وروضة ستيب باي ستيب,عمان,عمان,الرابية,شارع وديع قسطندي 3,,Step By Step Preschool
حضانة وروضة ليتل لاند,عمان,عمان,الشميساني,شارع الأشعري 15,,Little Land Nursery & Preschool
حضانة دانا,عمان,عمان,خلدا,كنيسة كرم إمسيح – خلدا,,Dana Nursery
حضانة بانان دي كير,عمان,عمان,اليوبيل,شارع موسى الساكت 76,,Banan Daycare
حضانة طوق الياسمين,عمان,عمان,طبربور,مظهر علاونة – بجانب موسيقات القوات المسلحة,4897208,Tawq Al-Yasmin Nursery
حضانة كولورز تري,عمان,عمان,خلدا,شارع عيسى أبو قدوم 6,,Colors Tree Nursery
حضانة كرادل تو كرايون,عمان,عمان,اليوبيل,شارع أحمد عرابي,,Cradle to Crayon Nursery
روضة أيوب,عمان,عمان,الشميساني,شارع أحمد أوكلة النصور,,Ayoub KG
روضة و حضانة نحن الأطفال,عمان,عمان,جبل الحسين,شارع عز الدين القسام,,Nahnu Al-Atfal Nursery & KG
حضانة وروضة صنلايت,عمان,عمان,الرابية,شارع نهاوند – الرابية,,Sunlight Nursery & Pre-School
روضة و حضانة عالم الصغار,عمان,عمان,الشميساني,شارع أسيد بن ثعلبة,,Aalam Al-Sighar Nursery & KG
حضانة كُن طفلًا,عمان,عمان,اليوبيل,شارع تعز,,Kun Tiflan Nursery
حضانة تري توبس,عمان,عمان,الشميساني,شارع عبد الحميد كرامي,795057999,Tree Tops Nursery
روضة هابي هارت,عمان,عمان,اليوبيل,مجمع النور – شارع محمد بن غطوس,,Happy Heart Kindergarten
حضانة بامبل بي,عمان,عمان,الرابية,شارع تبريز,,Bumble Bee Preschool
حضانة الما وايلا,عمان,عمان,ضاحية الرشيد,قبل سكن أميمة,798683815,Alma and Ayla Nursery
حضانة ليديبرد,عمان,عمان,الشميساني,شارع يوسف بن تاشفين,,Ladybird Nursery
حضانة داندون,عمان,عمان,خلدا,شارع عبد الله الأعزب,,Dandoon Nursery
حضانة إيرلي بيرد (تلاع العلي),عمان,عمان,تلاع العلي,مجمع 44 – شارع عبد الحليم عباس,,Early Bird Nursery (Tala Al-Ali)
روضة الطفل السعيد,عمان,عمان,شرق عمان,ماركا الشمالية – حمزة,4895823,Al-Tifl Al-Saeed KG
حضانة هيا سبراوتس,عمان,عمان,خلدا,شاكر بن زيد,,Haya Sprouts Preschool
حضانة بيتي الصغير,عمان,عمان,شمال عمان,يوسف بن تاشفين 20 – الشميساني,65676210,My Little Home Nursery
روضة كيدز واي,عمان,عمان,خلدا,شارع الأوزاعي – مجمع 11,,Kids Way Kindergarten
حضانة جريت بيجينينجز,عمان,عمان,جبل الحسين,شارع إسماعيل بابوق,775367440,Great Beginnings Child Care
حضانة ليتل ستيبس,عمان,عمان,خلدا,شارع الشيخ حسين الجسر,,Little Steps Nursery
حضانة رايت ستارت,عمان,عمان,اليوبيل,اليوبيل,,Right Start Nursery
روضة الأصدقاء المبدعين,عمان,عمان,خلدا,شارع عبد الله بن مسعود 20,,Creative Friends KG
حضانة الجيل القادم,عمان,عمان,شمال عمان,المدينة الرياضية – شمس الدين الذهبي,65163070,Next Generation Nursery
حضانة ليتل فلاورز,عمان,عمان,خلدا,خلدا,,Little Flowers Day Nursery
حضانة كيدز ستيبس,عمان,عمان,الرابية,شارع تلمسان – مجمع 5,,Kids Steps Nursery
حضانة شيري تري,عمان,عمان,جبل الحسين,شارع محمد جمجوم – مجمع 2,,Cherry Tree Nursery
حضانة ثراء كيدز,عمان,عمان,شرق عمان,شرق عمان,,Thraa Kids Nursery
حضانة الفقاعة المضحكة,عمان,عمان,أم السماق,شارع عطيوي المجالي – بناية 26,798379019,Funny Bubble Nursery
حضانة طيور المحبة,عمان,عمان,جبل عمان,دوار ثاني – شارع المعتصم 55,4623095,Birds of Love Nursery
حضانة ريتان,إربد,إربد,الحي الشرقي,خلف حلويات الكت والكات,789416515,Ritan Nursery
حضانة الطفل الأمثل,الزرقاء,الزرقاء,البتراوي,حي البتراوي,790063659,Best Child Care Nursery
حضانة أطفال الرونق,عمان,عمان,الرونق,شارع محمد علي حسين الكردي – عمارة 30,775933580,Ronaq Kids Nursery
حضانة البالون,عمان,عمان,الدوار السابع,بجانب فندق جنيفا,5815852,Balloon Nursery
حضانة براعم الرمثا التعليمية والنموذجية,الرمثا,الرمثا,الرئيسي,الرئيسي,799593982,Baraem Al-Ramtha Educational & Model Nursery
حضانة النبات السليم,عمان,عمان,طبربور,حي الشهيد الجنوبي,790479314,Healthy Plant Nursery
حضانة أرض النجوم,عمان,عمان,ضاحية الرشيد,مقابل مدرسة تقارب,5555,Land of Stars Nursery
حضانة صقور العزة,عمان,عمان,أبو نصير,شارع السعادة,796655818,Falcons of Pride Nursery
حضانة أطفال التوت البري,عمان,عمان,اليوبيل,شارع عبدالله غوشة – بجانب مسجد أحد,797266304,Wild Berry Kids Nursery
حضانة أنس وأمير,عمان,عمان,الجبيهة,حي الريان – شارع المريري,770065605,Anas & Amir Nursery
حضانة ألوان الفرح للأطفال,عمان,عمان,شرق عمان,حي العبداللات – بجانب مدرسة الكندي,785652504,Colors of Joy Nursery
حضانة أحمد وضحى,إربد,إربد,الصريح,الصريح,772258725,Ahmed & Dahaa Nursery
حضانة البداية السعيدة النموذجية,عمان,عمان,اليوبيل,شارع المدينة المنورة,795395747,Happy Beginning Model Nursery
حضانة أنا وأخي نمرح,مادبا,مادبا,اليرموك,شارع اليرموك,772211947,Me & My Brother Play Nursery
حضانة جود وميرا,الزرقاء,الزرقاء,جبل المغير,قرب صيدلية شمع العسل,782209062,Jood & Mira Nursery
حضانة ضوء القمر,عمان,عمان,الصويفية,قرب قرية الصويفية – شارع زكي الصويتي,78988868,Moonlight Nursery
حضانة بيت الحلوة للأطفال,عمان,عمان,الجاردنز,خلف مدارس الرأي – عمارة 20,799853333,Sweet Home Kids Nursery
حضانة الطفل العربي,إربد,إربد,الحي الشرقي,قرب أسواق المؤسسة العسكرية,793050777,Arab Child Nursery
حضانة حبايبنا,إربد,إربد,النعيمة,النعيمة,790959613,Our Darlings Nursery
حضانة الخطوات التعليمية,عجلون,عجلون,عبين,خلف مطعم داريا – شارع إربد–عجلون,775570101,Educational Steps Nursery
حضانة فوفو ودودو,عمان,عمان,مرج الحمام,حي الأمير حمزة,777726263,Fufu & Dodo Model Nursery
حضانة ورود المستقبل,عمان,عمان,الرونق,شارع الأصبه – بناية 6,782668833,Future Roses Nursery
حضانة الانطباعات الأولى,إربد,إربد,الراهبات الوردية,غرب مسجد أبو دلو,780466032,First Impressions Nursery
حضانة بابا سنفور,إربد,إربد,إربد,إربد,787054530,Papa Smurf Nursery
حضانة جمعية الشابات المسيحية الخيرية-الفحيص,البلقاء,السلط,الفحيص,خلف بيت الفحيص – شارع صبيان الحصان,799946050,YWCA Al-Fuheis Nursery
حضانة رياحين الجنة,عمان,عمان,شرق عمان,الهاشمي الشمالي – شارع الحارث العبدي,797401206,Breezes of Paradise Nursery
حضانة خمسة وستون 65,البلقاء,السلط,المدينة الرياضية,قرب مدارس السلط الأهلية,777774819,65 Nursery
حضانة جنة الورد,عجلون,عجلون,عين جنا,مبنى البلدية – وسط البلد,777006207,Rose Paradise Nursery
حضانة الكلمات الأولى,عمان,عمان,الصويفية,شارع سعيد المفتي – عمارة 16,796246213,First Words Nursery
حضانة زين ونانا,البلقاء,السلط,أم عليه,الشارع الرئيسي,785226638,Zain & Nana Nursery
حضانة أفضل مكان لطفلك,إربد,إربد,إربد,,790303443,Best Place for Your Child Nursery
حضانة زهور الليلك,عمان,عمان,اليوبيل,مقابل مركز صحي أم السوس,795049140,Lilac Flowers Nursery
المستوى الرفيع المتميز للتعليم,عمان,عمان,الشميساني,شارع ابن الفارض 11,799714198,High Level Distinguished Education
حضانة المملكة الصغيرة,عمان,عمان,ضاحية الياسمين,شارع حفصة بنت عمرو 35,792024263,Small Kingdom Nursery
حضانة أحلام المستقبل النموذجية,مادبا,مادبا,الخطابية,الخطابية,779681212,Dreams of the Future Model Nursery
حضانة عبق الربيع,عمان,عمان,شرق عمان,طبربور – شارع قمر اليافي مقابل حلويات نفيسة,797808114,Spring Fragrance Nursery
حضانة الانامل الذهبية,عمان,عمان,شرق عمان,ماركا الشمالية – شارع فاطمة الزهراء – مسجد فاطمة الزهراء,799381207,Golden Fingers Nursery
حضانة حكايتي الصغيرة,عمان,عمان,الجبيهة,مقابل الجمعية العلمية الملكية – ط الأرضي,5340409,My Little Story Nursery
حضانة براعم السكر,العقبة,العقبة,السكنية الثالثة,شارع العباسيين – بجانب مسجد سعد بن أبي وقاص,792030177,Sugar Buds Nursery
حضانة درجات صغيرة,عمان,عمان,اليوبيل,دوار البرديني – قرب مدارس الإشراق,785905701,Small Steps Nursery
حضانة أشكال النموذجية,إربد,إربد,خلف مستشفى إربد التخصصي,0772155227,,Shapes Model Nursery
حضانة لطفولة أرقى,الزرقاء,الزرقاء,مدينة الشرق,قرب دوار الطيارة,772000294,Finer Childhood Nursery
حضانة سلمى وزين,البلقاء,السلط,البقيع,البقيع,790910177,Salma & Zain Nursery
حضانة هلا وغلا,عمان,عمان,شرق عمان,طبربور – قرب إسكان الجيش – حديقة العهد والوفا – يوسف بني ياسين 9,5056076,Hala & Ghala Nursery
حضانة من الألف إلى الياء,عمان,عمان,جنوب عمان,مرج الحمام – إسكان عالية – فيلا 30,,From A to Z Nursery
حضانة الطفل السعيد,عمان,عمان,شرق عمان,ماركا الشمالية – حمزة – قرب مدرسة الشريف حسين,4895823,Happy Child Nursery
حضانة بدايات عظيمة,عمان,عمان,جبل الحسين,شارع إسماعيل بابوق 5,775367440,Great Beginnings Nursery
حضانة ديمة النموذجية,البلقاء,السلط,شفا العامرية,شفا العامرية,772118163,Dima Model Nursery
حضانة ضحكات الطفولة,عمان,عمان,الشميساني,بناية 39 – شارع معروف الرصافي,791520563,Childhood Laughter Nursery
حضانة الأطفال السعداء,عمان,عمان,اليوبيل,مرج الحمام – شارع نالتشك – قرب مطعم دنيا المشاوي,797083374,Happy Children Nursery
حضانة جوان النموذجية,الزرقاء,الزرقاء,الهاشمية,الحي الشرقي,788067807,Jawan Model Nursery
حضانة نور الجبيهة,عمان,عمان,الجبيهة,شارع مفلح اللوزي – بناية 32 – مقابل مفروشات شهوان,797670971,Nour Al-Jubeiha Nursery
حضانة وروضة رونق المودة,عمان,عمان,البيادر,شارع خضر قردن – مقابل النادي الأهلي,795964769,Ronaq Al-Mawaddah Nursery & KG
حضانة بريق النمارق,البلقاء,السلط,البقعان,بجانب مدرسة فاطمة الزهراء,797094191,Briq Al-Namarq Nursery
حضانة الأرض السعيدة,عمان,عمان,جنوب عمان,المقابلين – حي الصحابة – شارع عبد الكريم الخطاب,790921251,Happy Land Nursery
حضانة الحمامي,عمان,عمان,الجبيهة,شارع الريان – أم زويتينة,5555,Al-Hammami Nursery
أكاديمية مدرسة وروضة جنى دان,الزرقاء,الزرقاء,بيرين,خلف النبعة,788616293,Jana Dan Academy & KG
حضانة شذى الورد,عمان,عمان,شرق عمان,طبربور – شارع عجاج الهبارنة – قرب مسجد عباد الرحمن,791077254,Shatha Al-Ward Nursery
حضانة بذور الغد,عمان,عمان,شرق عمان,إسكان الجيش – شارع عبدالقادر الزغول – باتجاه أبو عليا,789995605,Seeds of Tomorrow Nursery
حضانة ناريمان النموذجية,الرمثا,الرمثا,الرمثا,مقابل مدرسة جمانة,786306644,Nariman Model Nursery
حضانة كوكب المرح الطفولي,العقبة,العقبة,الثامنة,قرب مسجد الكالوتي,9872021168,Fun Planet Childhood Nursery
حضانة ورود الربيع,البلقاء,السلط,ماحص,شارع المدارس,772663512,Spring Roses Nursery
حضانة حسام وسبأ الحديثة,إربد,إربد,الحصن,الحي الشرقي – شارع الكلية,791854881,Husam & Saba Modern Nursery
حضانة تكوين,عمان,عمان,شمال عمان,طلوع الجاذبية – قرب سوبرماركت ياهلا,792127898,Takween Nursery
حضانة الفطاحلة النموذجية,إربد,إربد,الحي الجنوبي,جنوب غرب دوار صحارى – 300 متر,777148052,Al-Fatahilah Model Nursery
حضانة بيت السكاكر,إربد,إربد,الراهبات الوردية,خلف مستشفى الراهبات الوردية – بجانب السور,777747716,Candy House Nursery
حضانة القلب السعيد,عمان,عمان,شرق عمان,ضاحية الأمير حسن – قرب مطعم الهنيني,777772615,Happy Heart Nursery
حضانة كوخ الدب,الزرقاء,الزرقاء,الجبل الشمالي,شارع الملك عبد الله الثاني,782929569,Bear Cabin Nursery
حضانة طيور المحبة,عمان,عمان,جبل عمان,دوار ثاني – شارع المعتصم 55 – بجانب عمارة قناة الجزيرة,4623095,Birds of Love Nursery
حضانة الطفل الأمثل,الزرقاء,الزرقاء,البتراوي,حي البتراوي,790063659,Best Child Nursery
حضانة اليوم السعيد,عمان,عمان,بسمان/جبل النزهة,شارع الكويتية – بناية 15,790225163,Al-Yawm Al-Saeed Nursery
حضانة فرح النموذجية,عمان,عمان,جبل الحسين,دوار الداخلية – نزول سرفيس العبدلي,5695093,Farah Model Nursery
روضة وحضانة نداء الطفولة,عمان,الجبيهة,شمال عمان,شارع عبد الله علي اللوزي 63,0795225664,Nadaa Al-Tufulah Nursery & KG
حضانة سيسو النموذجية,عمان,عمان,خلدا,قرب دوار السكر – مقابل سامح مول,5522949,Siso Model Nursery
روضة ومدارس أكاديمية ريتال الدولية,عمان,عمان,ياجوز,تقاطع جسر ياجوز – شارع الأردن,5336363,Rital International Academy
حضانة قوس قزح النموذجية,عمان,عمان,الشميساني,الشميساني,5605300,Rainbow Model Nursery
شركة إبداع الطفولة,عمان,عمان,شمال عمان,شارع شريفة زين – خلف روان كيك,790932622,Ebdaa Al-Tufulah
حضانة الصياد الصغير,عمان,عمان,جنوب عمان,مرج الحمام – شارع محمد بن طلال,797710897,Little Hunter Nursery
الشجرة المباركة للتعليم والاستثمار,عمان,عمان,شمال عمان,إشارة جبري – خلف بهجت سنتر,55555,Blessed Tree Education
حضانة نطاق الألوان المرحة,عمان,عمان,شرق عمان,شفا بدران – بجانب أكاديمية ريماس,5231617,Color Range Fun Nursery
حضانة زهور صغيرة,عمان,عمان,الشميساني,شارع الفيحاء,792872827,Little Flowers Nursery
حضانة المشاكس الصغير,عمان,عمان,أم أذينة,شارع الكوفة – بناية 71,790395471,Little Mischief Nursery
حضانة عبق عجلون النموذجية,عجلون,عجلون,عبين,شارع إربد – مقابل صالة النورس,778952295,Abq Ajloun Model Nursery
مؤسسة المنهل التربوية,عمان,عمان,الجامعة الأردنية,إسكان الجامعة الأردنية,65153751,Al-Manhal Educational Institution
حضانة النحلة الصغيرة,عمان,عمان,الجاردنز,دخلة مطعم السروات,,Little Bee Nursery
حضانة مملكة السكر,عمان,عمان,شرق عمان,طبربور – شارع أسعد بن زرارة,797064545,Sugar Kingdom Nursery
حضانة طوق الياسمين,عمان,عمان,شرق عمان,طبربور – مظهر علاونة – بجانب موسيقات القوات,4897208,Tawq Al-Yasmin Nursery
حضانة قمم الأشجار,عمان,عمان,الشميساني,عبد الحميد كرامي – بناية 8,795057999,Tree Tops Nursery
حضانة الخيوط اللامعة,عمان,عمان,أبو السوس,إسكان الأمانة – حي الصنوبر,795241103,Shining Threads Nursery
حضانة الما وأيلا,عمان,عمان,شمال عمان,ضاحية الرشيد – قبل سكن أميمة,792107921,Alma & Ayla Nursery
حضانة ماما رولا,عمان,عمان,شرق عمان,شفا بدران – حي ذهيبة – خلف الكلحة – بناية 3,798076488,Mama Rola Nursery
حضانة حبات التوت,عمان,عمان,مرج الحمام,شارع مويى النهار,,Raspberry Seeds Nursery
حضانة أطفال تمارا,عمان,عمان,شمال عمان,خلف مطعم طواحين,775136924,Tamara Kids Nursery
حضانة أزهار بيسان,عمان,عمان,شرق عمان,الهاشمي الشمالي – حي نايفة – مقابل وزارة الصحة,65057240,Bisan Flowers Nursery
حضانة دانة الدولية,عمان,عمان,شمال عمان,تلاع العلي – خلف الهوليدي إن,797097685,Dana International Nursery
حضانة سالي وسلمى,عمان,عمان,شمال عمان,الجبيهة – مقابل الأحدث سابقاً,5238494,Sally & Salma Nursery
حضانة وسيم النموذجية,عمان,عمان,جنوب عمان,الأشرفية – حي أم تينة,798457004,Waseem Model Nursery
حضانة النحلة جولي,عمان,عمان,شرق عمان,طبربور – بجانب جامعة العلوم الإسلامية,796897303,Jolly Bee Nursery
حضانة الأكواخ الملونة,عمان,عمان,الشميساني,شارع الجاحظ – مقابل مجمع السعيد,795659165,Colored Cabins Nursery
حضانة النجوم المتلألئة,عمان,عمان,اليوبيل,مرج الحمام – شارع نايف بن عاصم,799629292,Twinkling Stars Nursery
حضانة جنتي للأطفال,عمان,عمان,شمال عمان,خلدا – شارع المعارف – قرب مدرسة المعارف,797387766,My Paradise Nursery
حضانة ميرا والمى,عمان,عمان,الياسمين,"WV9V+9XX, حي الياسمين, عمّان",0795489505,Meera & Alma Nursery
حضانة عصافير الكرك,الكرك,الكرك,الكرك,الثنية – الشارع الرئيسي,1111111111,Karak Sparrows Nursery
حضانة القطط الصغيرة,عمان,عمان,شمال عمان,تلاع العلي – بجانب البشيتي – بناية 3,795740854,Little Kittens Nursery
حضانة الطفل الحسن,عمان,عمان,اليوبيل,بيادر وادي السير – الجندويل,799645430,Good Child Nursery
روضة وحضانة أنا الصغير,عمان,عمان,شمال عمان,خرجا – دخلة مدارس الدر المنثور,5538008,Ana Al-Saghir Nursery & KG
حضانة القلب الكبير,إربد,إربد,إربد,قرب مضافة أبو سالم,7247155,Big Heart Nursery
حضانة قرية التوت العالمية,عمان,عمان,عمان المركز,دوار الكيلو – خلف البرجر كنج – عمارة 46,798288080,Global Berry Village Nursery
حضانة الجيل القادم,عمان,عمان,شمال عمان,المدينة الرياضية – شمس الدين الذهبي,65163070,Next Generation Nursery
حضانة التباشير البيضاء,عمان,عمان,بين الدوار 6 وال7,شارع التباشير,791560630,White Chalk Nursery
حضانة مونلايت,عمان,عمان,الشميساني,الشميساني,,Moonlight Nursery
حضانة فيرست ووردز,عمان,عمان,الصويفية,شارع سعيد المفتي – عمارة 16,796246213,First Words Preschool
روضة ومدرسة ليلى للتعليم الحديث,عمان,عمان,طبربور,شارع محمد العويدات – مجمع 2,,Leila Modern Education KG & School
حضانة ليتل ليرنرز,عمان,عمان,الرابية,شارع أنور الخطيب,,Little Learners Nursery
حضانة العلمي الممتع,عمان,عمان,اليوبيل,شارع عبد الله غوشة,,Fun Science Nursery
حضانة ميني مي,عمان,عمان,خلدا,شارع الأمير زيد,,Mini Me Nursery
حضانة الانطلاقة,عمان,عمان,الصويفية,شارع بخيت العيسى,65865080,Al Intilaqa Nursery
حضانة كوكون,عمان,عمان,الرابية,شارع محمد الخماش,,Cocoon Nursery
حضانة زهور المستقبل,عمان,عمان,الرونق,شارع الأسبح – فيلا 6,782668833,Future Flowers Nursery
حضانة نهج المعرفة,عمان,عمان,الدوار الثامن,الدوار الثامن,,Nahj Al-Ma’rifa KG
روضة بوك أند براش,عمان,عمان,الصويفية,شارع زهدي عصفور,,Book n Brush KG
حضانة البدايات المشرقة,عمان,عمان,أم أذينة,شارع الدمام 48,795225253,Bright Beginnings Nursery
حضانة وروضة وورلد كرياتيف,عمان,عمان,الرابية,شارع إبراهيم القطان 22,,Creative World Nursery & KG
حضانة الأطفال السعداء (2),عمان,عمان,السهل,السهل,,Happy Kids Nursery (2)
حضانة السندريلا,عمان,عمان,جبل الحسين,شارع الملك عبد الله الثاني 2,64006176,Cinderella Nursery
روضة ينابيع العلم,عمان,عمان,البيادر,مقسم العطار – شارع البيادر,,Yanabe’ Al-Ilm KG
حضانة السوبر ناني,عمان,عمان,المرج,المرج,7995009794,Super Nanny Nursery
حضانة ميلكي تيث,عمان,عمان,خلدا,خلدا,,Milky Teeth KG Nursery
حضانة ستارفيش,عمان,عمان,الرابية,شارع أنوارين مسمار 4,,Starfish Nursery
حضانة ليتل هاندز,عمان,عمان,خلدا,خلدا,,Little Hands Nursery
حضانة وروضة ستيبينج ستون,عمان,عمان,أم السماق,شارع أرتيريا 50,,Stepping Stone Preschool & Nursery
حضانة آدم كيدز,عمان,عمان,عبدون,عبدون,,Adam Kids Nursery
حضانة رونق المودة,عمان,عمان,البيادر,شارع خضر قردن – مقابل النادي الأهلي,795964769,Ronaq Al-Mawaddah Nursery
حضانة أمبريلا,عمان,عمان,اليوبيل,اليوبيل,,Umbrella Nursery
حضانة وروضة المتفوقين أكاديمي,عمان,عمان,خلدا,شارع أيوب السختياني 14,,Al Mutafawqeen Academy KG & School
حضانة منزلي الكبير,عمان,عمان,الشميساني,شارع الشريف ناصر بن جميل 78,,My Big House Nursery
روضة أكاديمية الأطفال الرائعين,عمان,عمان,اليوبيل,شارع محمد العجلوني,,Wonderful Kids Academy KG
حضانة وروضة كراميل,عمان,عمان,خلدا,شارع الأميرة زينب 63,,Caramel Nursery & KG
حضانة بز بي,عمان,عمان,خلدا,خلدا,,BuzzBee Nursery
روضة وابه,عمان,عمان,طبربور,شارع صدقي أبو شقرة,,Wabe KG
حضانة سيفتي هاوس,عمان,عمان,خلدا,شارع المعارف – خلدا,,Safety House Nursery
حضانة ليتل بي,عمان,عمان,اليوبيل,اليوبيل,,Little Bee Nursery
روضة و حضانة هيل هاوس,عمان,عمان,الشميساني,شارع محمد علي بدير 37,,Hill House KG & Nursery
حضانة سويت آند نوتي,عمان,عمان,الشميساني,الشميساني,,Sweet and Naughty Nursery
حضانة كيدز فالي,عمان,عمان,الشميساني,شارع يوسف بن تاشفين 5,,Kids Valley Nursery
حضانة ليتل جاردن,عمان,عمان,خلدا,خلدا,,Little Garden Pre & Nursery
حضانة راقي الدولية,عمان,عمان,الرابية,شارع رفاعة بن أوس 46,,Raqi International Preschool
حضانة السلام,عمان,عمان,الكرسي,الكرسي,,Al-Salam Nursery
حضانة ستدي بلاي,عمان,عمان,خلدا,شارع الشيخ حسين الجسر 44,,Study Play KG
حضانة فيرست ستيب,عمان,عمان,اليوبيل,اليوبيل,,First Step Nursery
حضانة كينزي,عمان,عمان,طبربور,شارع فاضل أحمد خليفة 20,,Kenzi KG
حضانة ليتل بروفيسورز أكاديمي,عمان,عمان,خلدا,شارع أبهى 11,,Little Professors Academy
حضانة زين,عمان,عمان,اليوبيل,شارع الإخلاص 31,,Zain Nursery
حضانة وروضة ليونز كينجدوم,عمان,عمان,دابوق,شارع يثرب 9,,Lions Kingdom Nursery & Pre-school
روضة و حضانة المجد الوطنية,عمان,عمان,خلدا,شارع الفقهاء – مجمع 4,,Al Majd National Academy KG
حضانة وايت لاينز,عمان,عمان,خلدا,شارع أم الدنانير – خلدا,,White Lines Nursery
حضانة لارا,عمان,عمان,تلاع العلي,خلف سوبر ماركت الأهالي,65670424,Lara Nursery
حضانة عطر الجوري,عمان,عمان,الياسمين,شارع محمد سالم الثوايب,,Atr Al-Jouri Nursery
حضانة وروضة هابي فايسيز,عمان,عمان,اليوبيل,شارع ثويبة بن حرملة,,Happy Faces Nursery & Preschool
حضانة آرت كير,عمان,عمان,خلدا,شارع عروة بن أذينة,,Art Care Nursery
حضانة وروضة ستيب باي ستيب,عمان,عمان,الرابية,شارع وديع قسطندي 3,,Step By Step Preschool
حضانة وروضة ليتل لاند,عمان,عمان,الشميساني,شارع الأشعري 15,,Little Land Nursery & Preschool
حضانة دانا,عمان,عمان,خلدا,كنيسة كرم إمسيح – خلدا,,Dana Nursery
حضانة بانان دي كير,عمان,عمان,اليوبيل,شارع موسى الساكت 76,,Banan Daycare
حضانة كولورز تري,عمان,عمان,خلدا,شارع عيسى أبو قدوم 6,,Colors Tree Nursery
حضانة كرادل تو كرايون,عمان,عمان,اليوبيل,شارع أحمد عرابي,,Cradle to Crayon Nursery
روضة أيوب,عمان,عمان,الشميساني,شارع أحمد أوكلة النصور,,Ayoub KG
روضة و حضانة نحن الأطفال,عمان,عمان,جبل الحسين,شارع عز الدين القسام,,Nahnu Al-Atfal Nursery & KG
حضانة وروضة صنلايت,عمان,عمان,الرابية,شارع نهاوند – الرابية,,Sunlight Nursery & Pre-School
روضة و حضانة عالم الصغار,عمان,عمان,الشميساني,شارع أسيد بن ثعلبة,,Aalam Al-Sighar Nursery & KG
حضانة كُن طفلًا,عمان,عمان,اليوبيل,شارع تعز,,Kun Tiflan Nursery
حضانة تري توبس,عمان,عمان,الشميساني,شارع عبد الحميد كرامي,795057999,Tree Tops Nursery
روضة هابي هارت,عمان,عمان,اليوبيل,مجمع النور – شارع محمد بن غطوس,,Happy Heart Kindergarten
حضانة بامبل بي,عمان,عمان,الرابية,شارع تبريز,,Bumble Bee Preschool
حضانة الما وايلا,عمان,عمان,ضاحية الرشيد,قبل سكن أميمة,798683815,Alma and Ayla Nursery
حضانة ليديبرد,عمان,عمان,الشميساني,شارع يوسف بن تاشفين,,Ladybird Nursery
حضانة داندون,عمان,عمان,خلدا,شارع عبد الله الأعزب,,Dandoon Nursery
حضانة إيرلي بيرد (تلاع العلي),عمان,عمان,تلاع العلي,مجمع 44 – شارع عبد الحليم عباس,,Early Bird Nursery (Tala Al-Ali)
روضة الطفل السعيد,عمان,عمان,شرق عمان,ماركا الشمالية – حمزة,4895823,Al-Tifl Al-Saeed KG
حضانة هيا سبراوتس,عمان,عمان,خلدا,شاكر بن زيد,,Haya Sprouts Preschool
حضانة بيتي الصغير,عمان,عمان,شمال عمان,يوسف بن تاشفين 20 – الشميساني,65676210,My Little Home Nursery
روضة كيدز واي,عمان,عمان,خلدا,شارع الأوزاعي – مجمع 11,,Kids Way Kindergarten
حضانة جريت بيجينينجز,عمان,عمان,جبل الحسين,شارع إسماعيل بابوق,775367440,Great Beginnings Child Care
حضانة ليتل ستيبس,عمان,عمان,خلدا,شارع الشيخ حسين الجسر,,Little Steps Nursery
حضانة رايت ستارت,عمان,عمان,اليوبيل,اليوبيل,,Right Start Nursery
روضة الأصدقاء المبدعين,عمان,عمان,خلدا,شارع عبد الله بن مسعود 20,,Creative Friends KG
حضانة ليتل فلاورز,عمان,عمان,خلدا,خلدا,,Little Flowers Day Nursery
حضانة كيدز ستيبس,عمان,عمان,الرابية,شارع تلمسان – مجمع 5,,Kids Steps Nursery
حضانة شيري تري,عمان,عمان,جبل الحسين,شارع محمد جمجوم – مجمع 2,,Cherry Tree Nursery
حضانة ثراء كيدز,عمان,عمان,شرق عمان,شرق عمان,,Thraa Kids Nursery
حضانة الفقاعة المضحكة,عمان,عمان,أم السماق,شارع عطيوي المجالي – بناية 26,798379019,Funny Bubble Nursery
حضانة طيور المحبة,عمان,عمان,جبل عمان,دوار ثاني – شارع المعتصم 55 – بجانب عمارة قناة الجزيرة,4623095,Birds of Love Nursery
حضانة ريتان,إربد,إربد,الحي الشرقي,خلف حلويات الكت والكات,789416515,Ritan Nursery
حضانة الطفل الأمثل,الزرقاء,الزرقاء,البتراوي,حي البتراوي,790063659,Best Child Nursery
حضانة أطفال الرونق,عمان,عمان,الرونق,شارع محمد علي حسين الكردي – عمارة 30,775933580,Ronaq Kids Nursery
حضانة البالون,عمان,عمان,الدوار السابع,بجانب فندق جنيفا,5815852,Balloon Nursery
حضانة براعم الرمثا التعليمية والنموذجية,الرمثا,الرمثا,الرئيسي,الرئيسي,799593982,Baraem Al-Ramtha Educational & Model
حضانة النبات السليم,عمان,عمان,طبربور,حي الشهيد الجنوبي,790479314,Healthy Plant Nursery
حضانة أرض النجوم,عمان,عمان,ضاحية الرشيد,مقابل مدرسة تقارب,5555,Land of Stars Nursery
حضانة صقور العزة,عمان,عمان,أبو نصير,شارع السعادة,796655818,Falcons of Pride Nursery
حضانة أطفال التوت البري,عمان,عمان,اليوبيل,شارع عبدالله غوشة – بجانب مسجد أحد,797266304,Wild Berry Kids Nursery
حضانة أنس وأمير,عمان,عمان,الجبيهة,حي الريان – شارع المريري,770065605,Anas & Amir Nursery
حضانة ألوان الفرح للأطفال,عمان,عمان,شرق عمان,حي العبداللات – بجانب مدرسة الكندي,785652504,Colors of Joy Nursery
حضانة أحمد وضحى,إربد,إربد,الصريح,الصريح,772258725,Ahmed & Dahaa Nursery
حضانة البداية السعيدة النموذجية,عمان,عمان,اليوبيل,شارع المدينة المنورة,795395747,Happy Beginning Model Nursery
حضانة أنا وأخي نمرح,مادبا,مادبا,اليرموك,شارع اليرموك,772211947,Me & My Brother Play Nursery
حضانة جود وميرا,الزرقاء,الزرقاء,جبل المغير,قرب صيدلية شمع العسل,782209062,Jood & Mira Nursery
حضانة ضوء القمر,عمان,عمان,الصويفية,قرب قرية الصويفية – شارع زكي الصويتي,78988868,Moonlight Nursery
حضانة بيت الحلوة للأطفال,عمان,عمان,الجاردنز,خلف مدارس الرأي – عمارة 20,799853333,Sweet Home Kids Nursery
حضانة الطفل العربي,إربد,إربد,الحي الشرقي,قرب أسواق المؤسسة العسكرية,793050777,Arab Child Nursery
حضانة حبايبنا,إربد,إربد,النعيمة,النعيمة,790959613,Our Darlings Nursery
حضانة الخطوات التعليمية,عجلون,عجلون,عبين,خلف مطعم داريا – شارع إربد–عجلون,775570101,Educational Steps Nursery
حضانة فوفو ودودو,عمان,عمان,مرج الحمام,حي الأمير حمزة,777726263,Fufu & Dodo Model Nursery
حضانة ورود المستقبل,عمان,عمان,الرونق,شارع الأصبه – بناية 6,782668833,Future Roses Nursery
حضانة الانطباعات الأولى,إربد,إربد,الراهبات الوردية,غرب مسجد أبو دلو,780466032,First Impressions Nursery
حضانة بابا سنفور,إربد,إربد,إربد,إربد,787054530,Papa Smurf Nursery
حضانة جمعية الشابات المسيحية الخيرية-الفحيص,البلقاء,السلط,الفحيص,خلف بيت الفحيص – شارع صبيان الحصان,799946050,YWCA Al-Fuheis Nursery
حضانة رياحين الجنة,عمان,عمان,شرق عمان,الهاشمي الشمالي – شارع الحارث العبدي,797401206,Breezes of Paradise Nursery
حضانة خمسة وستون 65,البلقاء,السلط,المدينة الرياضية,قرب مدارس السلط الأهلية,777774819,65 Nursery
حضانة جنة الورد,عجلون,عجلون,عين جنا,مبنى البلدية – وسط البلد,777006207,Rose Paradise Nursery
حضانة الكلمات الأولى,عمان,عمان,الصويفية,شارع سعيد المفتي – عمارة 16,796246213,First Words Nursery
حضانة زين ونانا,البلقاء,السلط,أم عليه,الشارع الرئيسي,785226638,Zain & Nana Nursery
حضانة أفضل مكان لطفلك,إربد,إربد,إربد,,790303443,Best Place for Your Child Nursery
حضانة زهور الليلك,عمان,عمان,اليوبيل,مقابل مركز صحي أم السوس,795049140,Lilac Flowers Nursery
المستوى الرفيع المتميز للتعليم,عمان,عمان,الشميساني,شارع ابن الفارض 11,799714198,High Level Distinguished Education
حضانة المملكة الصغيرة,عمان,عمان,ضاحية الياسمين,شارع حفصة بنت عمرو 35,792024263,Small Kingdom Nursery
حضانة أحلام المستقبل النموذجية,مادبا,مادبا,الخطابية,الخطابية,779681212,Dreams of the Future Model Nursery
حضانة عبق الربيع,عمان,عمان,شرق عمان,طبربور – شارع قمر اليافي مقابل حلويات نفيسة,797808114,Spring Fragrance Nursery
حضانة الانامل الذهبية,عمان,عمان,شرق عمان,ماركا الشمالية – شارع فاطمة الزهراء – مسجد فاطمة الزهراء,799381207,Golden Fingers Nursery
حضانة حكايتي الصغيرة,عمان,عمان,الجبيهة,مقابل الجمعية العلمية الملكية – ط الأرضي,5340409,My Little Story Nursery
حضانة براعم السكر,العقبة,العقبة,السكنية الثالثة,شارع العباسيين – بجانب مسجد سعد بن أبي وقاص,792030177,Sugar Buds Nursery
حضانة درجات صغيرة,عمان,عمان,اليوبيل,دوار البرديني – قرب مدارس الإشراق,785905701,Small Steps Nursery
حضانة أشكال النموذجية,إربد,إربد,خلف مستشفى إربد التخصصي,0772155227,,Shapes Model Nursery
حضانة لطفولة أرقى,الزرقاء,الزرقاء,مدينة الشرق,قرب دوار الطيارة,772000294,Finer Childhood Nursery
حضانة سلمى وزين,البلقاء,السلط,البقيع,البقيع,790910177,Salma & Zain Nursery
حضانة هلا وغلا,عمان,عمان,شرق عمان,طبربور – قرب إسكان الجيش – حديقة العهد والوفا – يوسف بني ياسين 9,5056076,Hala & Ghala Nursery
حضانة من الألف إلى الياء,عمان,عمان,جنوب عمان,مرج الحمام – إسكان عالية – فيلا 30,,From A to Z Nursery
حضانة الطفل السعيد,عمان,عمان,شرق عمان,ماركا الشمالية – حمزة – قرب مدرسة الشريف حسين,4895823,Happy Child Nursery
حضانة بدايات عظيمة,عمان,عمان,جبل الحسين,شارع إسماعيل بابوق 5,775367440,Great Beginnings Nursery
حضانة ديمة النموذجية,البلقاء,السلط,شفا العامرية,شفا العامرية,772118163,Dima Model Nursery
حضانة ضحكات الطفولة,عمان,عمان,الشميساني,بناية 39 – شارع معروف الرصافي,791520563,Childhood Laughter Nursery
حضانة الأطفال السعداء,عمان,عمان,اليوبيل,مرج الحمام – شارع نالتشك – قرب مطعم دنيا المشاوي,797083374,Happy Children Nursery
حضانة جوان النموذجية,الزرقاء,الزرقاء,الهاشمية,الحي الشرقي,788067807,Jawan Model Nursery
حضانة نور الجبيهة,عمان,عمان,الجبيهة,شارع مفلح اللوزي – بناية 32 – مقابل مفروشات شهوان,797670971,Nour Al-Jubeiha Nursery
حضانة وروضة رونق المودة,عمان,عمان,البيادر,شارع خضر قردن – مقابل النادي الأهلي,795964769,Ronaq Al-Mawaddah Nursery & KG
حضانة بريق النمارق,البلقاء,السلط,البقعان,بجانب مدرسة فاطمة الزهراء,797094191,Briq Al-Namarq Nursery
حضانة الأرض السعيدة,عمان,عمان,جنوب عمان,المقابلين – حي الصحابة – شارع عبد الكريم الخطاب,790921251,Happy Land Nursery
حضانة الحمامي,عمان,عمان,الجبيهة,شارع الريان – أم زويتينة,5555,Al-Hammami Nursery
أكاديمية مدرسة وروضة جنى دان,الزرقاء,الزرقاء,بيرين,خلف النبعة,788616293,Jana Dan Academy & KG
حضانة شذى الورد,عمان,عمان,شرق عمان,طبربور – شارع عجاج الهبارنة – قرب مسجد عباد الرحمن,791077254,Shatha Al-Ward Nursery
حضانة بذور الغد,عمان,عمان,شرق عمان,إسكان الجيش – شارع عبدالقادر الزغول – باتجاه أبو عليا,789995605,Seeds of Tomorrow Nursery
حضانة ناريمان النموذجية,الرمثا,الرمثا,الرمثا,مقابل مدرسة جمانة,786306644,Nariman Model Nursery
حضانة كوكب المرح الطفولي,العقبة,العقبة,الثامنة,قرب مسجد الكالوتي,9872021168,Fun Planet Childhood Nursery
حضانة ورود الربيع,البلقاء,السلط,ماحص,شارع المدارس,772663512,Spring Roses Nursery
حضانة حسام وسبأ الحديثة,إربد,إربد,الحصن,الحي الشرقي – شارع الكلية,791854881,Husam & Saba Modern Nursery
حضانة تكوين,عمان,عمان,شمال عمان,طلوع الجاذبية – قرب سوبرماركت ياهلا,792127898,Takween Nursery
حضانة الفطاحلة النموذجية,إربد,إربد,الحي الجنوبي,جنوب غرب دوار صحارى – 300 متر,777148052,Al-Fatahilah Model Nursery
حضانة بيت السكاكر,إربد,إربد,الراهبات الوردية,خلف مستشفى الراهبات الوردية – بجانب السور,777747716,Candy House Nursery
حضانة القلب السعيد,عمان,عمان,شرق عمان,ضاحية الأمير حسن – قرب مطعم الهنيني,777772615,Happy Heart Nursery
حضانة كوخ الدب,الزرقاء,الزرقاء,الجبل الشمالي,شارع الملك عبد الله الثاني,782929569,Bear Cabin Nursery
حضانة هابي داي,عمان,عمان,اليوبيل,شارع النزهة 15,,Happy Day Nursery
حضانة لحن الحياة,عمان,عمان,جنوب عمان,إسحاق بن حنين – الياسمين – بناية 7,795664426,Lahn Al-Hayat Nursery
حضانة طلال ونورة,عمان,عمان,الرابية,شارع عرار 205,,Talal wa Noura Nursery
حضانة كيه سيتي,عمان,عمان,تلاع العلي,شارع سامر رمّانة,,K-City Nursery
حضانة نجوم المرج النموذجية,عمان,عمان,المرج,المرج,,Nujoom Al-Murj Model Nursery
حضانة اليوم السعيد,عمان,عمان,بسمان/جبل النزهة,شارع الكويتية – بناية 15,790225163,Al-Yawm Al-Saeed Nursery
حضانة فرح النموذجية,عمان,عمان,جبل الحسين,دوار الداخلية – نزول سرفيس العبدلي,5695093,Farah Model Nursery
روضة وحضانة نداء الطفولة,عمان,الجبيهة,شمال عمان,شارع عبد الله علي اللوزي 63,0795225664,Nadaa Al-Tufulah Nursery & KG
حضانة سيسو النموذجية,عمان,عمان,خلدا,قرب دوار السكر – مقابل سامح مول,5522949,Siso Model Nursery
روضة ومدارس أكاديمية ريتال الدولية,عمان,عمان,ياجوز,تقاطع جسر ياجوز – شارع الأردن,5336363,Rital International Academy
حضانة قوس قزح النموذجية,عمان,عمان,الشميساني,الشميساني,5605300,Rainbow Model Nursery
شركة إبداع الطفولة,عمان,عمان,شمال عمان,شارع شريفة زين – خلف روان كيك,790932622,Ebdaa Al-Tufulah
حضانة الصياد الصغير,عمان,عمان,جنوب عمان,مرج الحمام – شارع محمد بن طلال,797710897,Little Hunter Nursery
الشجرة المباركة للتعليم والاستثمار,عمان,عمان,شمال عمان,إشارة جبري – خلف بهجت سنتر,55555,Blessed Tree Education
حضانة نطاق الألوان المرحة,عمان,عمان,شرق عمان,شفا بدران – بجانب أكاديمية ريماس,5231617,Color Range Fun Nursery
حضانة زهور صغيرة,عمان,عمان,الشميساني,شارع الفيحاء,792872827,Little Flowers Nursery
حضانة المشاكس الصغير,عمان,عمان,أم أذينة,شارع الكوفة – بناية 71,790395471,Little Mischief Nursery
حضانة عبق عجلون النموذجية,عجلون,عجلون,عبين,شارع إربد – مقابل صالة النورس,778952295,Abq Ajloun Model Nursery
مؤسسة المنهل التربوية,عمان,عمان,الجامعة الأردنية,إسكان الجامعة الأردنية,65153751,Al-Manhal Educational Institution
حضانة النحلة الصغيرة,عمان,عمان,الجاردنز,دخلة مطعم السروات,,Little Bee Nursery
حضانة مملكة السكر,عمان,عمان,شرق عمان,طبربور – شارع أسعد بن زرارة,797064545,Sugar Kingdom Nursery
حضانة طوق الياسمين,عمان,عمان,شرق عمان,طبربور – مظهر علاونة – بجانب موسيقات القوات,4897208,Tawq Al-Yasmin Nursery
حضانة قمم الأشجار,عمان,عمان,الشميساني,عبد الحميد كرامي – بناية 8,795057999,Tree Tops Nursery
حضانة الخيوط اللامعة,عمان,عمان,أبو السوس,إسكان الأمانة – حي الصنوبر,795241103,Shining Threads Nursery
حضانة الما وأيلا,عمان,عمان,شمال عمان,ضاحية الرشيد – قبل سكن أميمة,792107921,Alma & Ayla Nursery
حضانة ماما رولا,عمان,عمان,شرق عمان,شفا بدران – حي ذهيبة – خلف الكلحة – بناية 3,798076488,Mama Rola Nursery
حضانة حبات التوت,عمان,عمان,مرج الحمام,شارع مويى النهار,,Raspberry Seeds Nursery
حضانة أطفال تمارا,عمان,عمان,شمال عمان,خلف مطعم طواحين,775136924,Tamara Kids Nursery
حضانة أزهار بيسان,عمان,عمان,شرق عمان,الهاشمي الشمالي – حي نايفة – مقابل وزارة الصحة,65057240,Bisan Flowers Nursery
حضانة دانة الدولية,عمان,عمان,شمال عمان,تلاع العلي – خلف الهوليدي إن,797097685,Dana International Nursery
حضانة سالي وسلمى,عمان,عمان,شمال عمان,الجبيهة – مقابل الأحدث سابقاً,5238494,Sally & Salma Nursery
حضانة وسيم النموذجية,عمان,عمان,جنوب عمان,الأشرفية – حي أم تينة,798457004,Waseem Model Nursery
حضانة النحلة جولي,عمان,عمان,شرق عمان,طبربور – بجانب جامعة العلوم الإسلامية,796897303,Jolly Bee Nursery
حضانة الأكواخ الملونة,عمان,عمان,الشميساني,شارع الجاحظ – مقابل مجمع السعيد,795659165,Colored Cabins Nursery
حضانة النجوم المتلألئة,عمان,عمان,اليوبيل,مرج الحمام – شارع نايف بن عاصم,799629292,Twinkling Stars Nursery
حضانة جنتي للأطفال,عمان,عمان,شمال عمان,خلدا – شارع المعارف – قرب مدرسة المعارف,797387766,My Paradise Nursery
حضانة ميرا والمى,عمان,عمان,الياسمين,"WV9V+9XX, حي الياسمين, عمّان",0795489505,Meera & Alma Nursery
حضانة عصافير الكرك,الكرك,الكرك,الكرك,الثنية – الشارع الرئيسي,1111111111,Karak Sparrows Nursery
حضانة القطط الصغيرة,عمان,عمان,شمال عمان,تلاع العلي – بجانب البشيتي – بناية 3,795740854,Little Kittens Nursery
حضانة الطفل الحسن,عمان,عمان,اليوبيل,بيادر وادي السير – الجندويل,799645430,Good Child Nursery
روضة وحضانة أنا الصغير,عمان,عمان,شمال عمان,خرجا – دخلة مدارس الدر المنثور,5538008,Ana Al-Saghir Nursery & KG
حضانة القلب الكبير,إربد,إربد,إربد,قرب مضافة أبو سالم,7247155,Big Heart Nursery
حضانة قرية التوت العالمية,عمان,عمان,عمان المركز,دوار الكيلو – خلف البرجر كنج – عمارة 46,798288080,Global Berry Village Nursery
حضانة الجيل القادم,عمان,عمان,شمال عمان,المدينة الرياضية – شمس الدين الذهبي,65163070,Next Generation Nursery
حضانة التباشير البيضاء,عمان,عمان,بين الدوار 6 وال7,شارع التباشير,791560630,White Chalk Nursery
حضانة مونلايت,عمان,عمان,الشميساني,الشميساني,,Moonlight Nursery
حضانة فيرست ووردز,عمان,عمان,الصويفية,شارع سعيد المفتي – عمارة 16,796246213,First Words Preschool
روضة ومدرسة ليلى للتعليم الحديث,عمان,عمان,طبربور,شارع محمد العويدات – مجمع 2,,Leila Modern Education KG & School
حضانة ليتل ليرنرز,عمان,عمان,الرابية,شارع أنور الخطيب,,Little Learners Nursery
حضانة العلمي الممتع,عمان,عمان,اليوبيل,شارع عبد الله غوشة,,Fun Science Nursery
حضانة ميني مي,عمان,عمان,خلدا,شارع الأمير زيد,,Mini Me Nursery
حضانة الانطلاقة,عمان,عمان,الصويفية,شارع بخيت العيسى,65865080,Al Intilaqa Nursery
حضانة كوكون,عمان,عمان,الرابية,شارع محمد الخماش,,Cocoon Nursery
حضانة زهور المستقبل,عمان,عمان,الرونق,شارع الأسبح – فيلا 6,782668833,Future Flowers Nursery
حضانة نهج المعرفة,عمان,عمان,الدوار الثامن,الدوار الثامن,,Nahj Al-Ma’rifa KG
روضة بوك أند براش,عمان,عمان,الصويفية,شارع زهدي عصفور,,Book n Brush KG
حضانة البدايات المشرقة,عمان,عمان,أم أذينة,شارع الدمام 48,795225253,Bright Beginnings Nursery
حضانة وروضة وورلد كرياتيف,عمان,عمان,الرابية,شارع إبراهيم القطان 22,,Creative World Nursery & KG
حضانة الأطفال السعداء (2),عمان,عمان,السهل,السهل,,Happy Kids Nursery (2)
حضانة السندريلا,عمان,عمان,جبل الحسين,شارع الملك عبد الله الثاني 2,64006176,Cinderella Nursery
روضة ينابيع العلم,عمان,عمان,البيادر,مقسم العطار – شارع البيادر,,Yanabe’ Al-Ilm KG
حضانة السوبر ناني,عمان,عمان,المرج,المرج,7995009794,Super Nanny Nursery
حضانة ميلكي تيث,عمان,عمان,خلدا,خلدا,,Milky Teeth KG Nursery
حضانة ستارفيش,عمان,عمان,الرابية,شارع أنوارين مسمار 4,,Starfish Nursery
حضانة ليتل هاندز,عمان,عمان,خلدا,خلدا,,Little Hands Nursery
حضانة وروضة ستيبينج ستون,عمان,عمان,أم السماق,شارع أرتيريا 50,,Stepping Stone Preschool & Nursery
حضانة آدم كيدز,عمان,عمان,عبدون,عبدون,,Adam Kids Nursery
حضانة رونق المودة,عمان,عمان,البيادر,شارع خضر قردن – مقابل النادي الأهلي,795964769,Ronaq Al-Mawaddah Nursery
حضانة أمبريلا,عمان,عمان,اليوبيل,اليوبيل,,Umbrella Nursery
حضانة وروضة المتفوقين أكاديمي,عمان,عمان,خلدا,شارع أيوب السختياني 14,,Al Mutafawqeen Academy KG & School
حضانة منزلي الكبير,عمان,عمان,الشميساني,شارع الشريف ناصر بن جميل 78,,My Big House Nursery
روضة أكاديمية الأطفال الرائعين,عمان,عمان,اليوبيل,شارع محمد العجلوني,,Wonderful Kids Academy KG
حضانة وروضة كراميل,عمان,عمان,خلدا,شارع الأميرة زينب 63,,Caramel Nursery & KG
حضانة بز بي,عمان,عمان,خلدا,خلدا,,BuzzBee Nursery
روضة وابه,عمان,عمان,طبربور,شارع صدقي أبو شقرة,,Wabe KG
حضانة سيفتي هاوس,عمان,عمان,خلدا,شارع المعارف – خلدا,,Safety House Nursery
حضانة ليتل بي,عمان,عمان,اليوبيل,اليوبيل,,Little Bee Nursery
روضة و حضانة هيل هاوس,عمان,عمان,الشميساني,شارع محمد علي بدير 37,,Hill House KG & Nursery
حضانة الأكواخ الملونة,عمان,عمان,الشميساني,شارع الجاحظ – مقابل مجمع السعيد التجاري,795659165,Al-Akwakh Al-Mulawwanah Nursery
حضانة سويت آند نوتي,عمان,عمان,الشميساني,الشميساني,,Sweet and Naughty Nursery
حضانة كيدز فالي,عمان,عمان,الشميساني,شارع يوسف بن تاشفين 5,,Kids Valley Nursery
حضانة ليتل جاردن,عمان,عمان,خلدا,خلدا,,Little Garden Pre & Nursery
حضانة راقي الدولية,عمان,عمان,الرابية,شارع رفاعة بن أوس 46,,Raqi International Preschool
حضانة السلام,عمان,عمان,الكرسي,الكرسي,,Al-Salam Nursery
حضانة ستدي بلاي,عمان,عمان,خلدا,شارع الشيخ حسين الجسر 44,,Study Play KG
حضانة فيرست ستيب,عمان,عمان,اليوبيل,اليوبيل,,First Step Nursery
حضانة كينزي,عمان,عمان,طبربور,شارع فاضل أحمد خليفة 20,,Kenzi KG
حضانة ليتل بروفيسورز أكاديمي,عمان,عمان,خلدا,شارع أبهى 11,,Little Professors Academy
حضانة زين,عمان,عمان,اليوبيل,شارع الإخلاص 31,,Zain Nursery
حضانة وروضة ليونز كينجدوم,عمان,عمان,دابوق,شارع يثرب 9,,Lions Kingdom Nursery & Pre-school
روضة و حضانة المجد الوطنية,عمان,عمان,خلدا,شارع الفقهاء – مجمع 4,,Al Majd National Academy KG
حضانة وايت لاينز,عمان,عمان,خلدا,شارع أم الدنانير – خلدا,,White Lines Nursery
حضانة لارا,عمان,عمان,تلاع العلي,خلف سوبر ماركت الأهالي,65670424,Lara Nursery
حضانة المشاكس الصغير,عمان,عمان,أم أذينة,أم أذينة الشرقي,795581762,Al-Mushakis Al-Saghir Nursery
حضانة عطر الجوري,عمان,عمان,الياسمين,شارع محمد سالم الثوايب,,Atr Al-Jouri Nursery
حضانة وروضة هابي فايسيز,عمان,عمان,اليوبيل,شارع ثويبة بن حرملة,,Happy Faces Nursery & Preschool
حضانة آرت كير,عمان,عمان,خلدا,شارع عروة بن أذينة,,Art Care Nursery
حضانة وروضة ستيب باي ستيب,عمان,عمان,الرابية,شارع وديع قسطندي 3,,Step By Step Preschool
حضانة وروضة ليتل لاند,عمان,عمان,الشميساني,شارع الأشعري 15,,Little Land Nursery & Preschool
حضانة دانا,عمان,عمان,خلدا,كنيسة كرم إمسيح – خلدا,,Dana Nursery
حضانة بانان دي كير,عمان,عمان,اليوبيل,شارع موسى الساكت 76,,Banan Daycare
حضانة طوق الياسمين,عمان,عمان,طبربور,مظهر علاونة – بجانب موسيقات القوات المسلحة,4897208,Tawq Al-Yasmin Nursery
حضانة كولورز تري,عمان,عمان,خلدا,شارع عيسى أبو قدوم 6,,Colors Tree Nursery
حضانة كرادل تو كرايون,عمان,عمان,اليوبيل,شارع أحمد عرابي,,Cradle to Crayon Nursery
روضة أيوب,عمان,عمان,الشميساني,شارع أحمد أوكلة النصور,,Ayoub KG
روضة و حضانة نحن الأطفال,عمان,عمان,جبل الحسين,شارع عز الدين القسام,,Nahnu Al-Atfal Nursery & KG
حضانة وروضة صنلايت,عمان,عمان,الرابية,شارع نهاوند – الرابية,,Sunlight Nursery & Pre-School
روضة و حضانة عالم الصغار,عمان,عمان,الشميساني,شارع أسيد بن ثعلبة,,Aalam Al-Sighar Nursery & KG
حضانة كُن طفلًا,عمان,عمان,اليوبيل,شارع تعز,,Kun Tiflan Nursery
حضانة تري توبس,عمان,عمان,الشميساني,شارع عبد الحميد كرامي,795057999,Tree Tops Nursery
روضة هابي هارت,عمان,عمان,اليوبيل,مجمع النور – شارع محمد بن غطوس,,Happy Heart Kindergarten
حضانة بامبل بي,عمان,عمان,الرابية,شارع تبريز,,Bumble Bee Preschool
حضانة الما وايلا,عمان,عمان,ضاحية الرشيد,قبل سكن أميمة,798683815,Alma and Ayla Nursery
حضانة ليديبرد,عمان,عمان,الشميساني,شارع يوسف بن تاشفين,,Ladybird Nursery
حضانة داندون,عمان,عمان,خلدا,شارع عبد الله الأعزب,,Dandoon Nursery
حضانة إيرلي بيرد (تلاع العلي),عمان,عمان,تلاع العلي,مجمع 44 – شارع عبد الحليم عباس,,Early Bird Nursery (Tala Al-Ali)
روضة الطفل السعيد,عمان,عمان,شرق عمان,ماركا الشمالية – حمزة,4895823,Al-Tifl Al-Saeed KG
حضانة هيا سبراوتس,عمان,عمان,خلدا,شاكر بن زيد,,Haya Sprouts Preschool
حضانة بيتي الصغير,عمان,عمان,شمال عمان,يوسف بن تاشفين 20 – الشميساني,65676210,My Little Home Nursery
روضة كيدز واي,عمان,عمان,خلدا,شارع الأوزاعي – مجمع 11,,Kids Way Kindergarten
حضانة جريت بيجينينجز,عمان,عمان,جبل الحسين,شارع إسماعيل بابوق,775367440,Great Beginnings Child Care
حضانة ليتل ستيبس,عمان,عمان,خلدا,شارع الشيخ حسين الجسر,,Little Steps Nursery
حضانة رايت ستارت,عمان,عمان,اليوبيل,اليوبيل,,Right Start Nursery
روضة الأصدقاء المبدعين,عمان,عمان,خلدا,شارع عبد الله بن مسعود 20,,Creative Friends KG
حضانة ليتل فلاورز,عمان,عمان,خلدا,خلدا,,Little Flowers Day Nursery
حضانة كيدز ستيبس,عمان,عمان,الرابية,شارع تلمسان – مجمع 5,,Kids Steps Nursery
حضانة شيري تري,عمان,عمان,جبل الحسين,شارع محمد جمجوم – مجمع 2,,Cherry Tree Nursery
حضانة ثراء كيدز,عمان,عمان,شرق عمان,شرق عمان,,Thraa Kids Nursery
حضانة الفقاعة المضحكة,عمان,عمان,أم السماق,شارع عطيوي المجالي – بناية 26,798379019,Funny Bubble Nursery
حضانة طيور المحبة,عمان,عمان,جبل عمان,دوار ثاني – شارع المعتصم 55 – بجانب عمارة قناة الجزيرة,4623095,Birds of Love Nursery
حضانة ريتان,إربد,إربد,الحي الشرقي,خلف حلويات الكت والكات,789416515,Ritan Nursery
حضانة الطفل الأمثل,الزرقاء,الزرقاء,البتراوي,حي البتراوي,790063659,Best Child Nursery
حضانة أطفال الرونق,عمان,عمان,الرونق,شارع محمد علي حسين الكردي – عمارة 30,775933580,Ronaq Kids Nursery
حضانة البالون,عمان,عمان,الدوار السابع,بجانب فندق جنيفا,5815852,Balloon Nursery
حضانة براعم الرمثا التعليمية والنموذجية,الرمثا,الرمثا,الرئيسي,الرئيسي,799593982,Baraem Al-Ramtha Educational & Model
حضانة النبات السليم,عمان,عمان,طبربور,حي الشهيد الجنوبي,790479314,Healthy Plant Nursery
حضانة أرض النجوم,عمان,عمان,ضاحية الرشيد,مقابل مدرسة تقارب,5555,Land of Stars Nursery
حضانة صقور العزة,عمان,عمان,أبو نصير,شارع السعادة,796655818,Falcons of Pride Nursery
حضانة أطفال التوت البري,عمان,عمان,اليوبيل,شارع عبدالله غوشة – بجانب مسجد أحد,797266304,Wild Berry Kids Nursery
حضانة أنس وأمير,عمان,عمان,الجبيهة,حي الريان – شارع المريري,770065605,Anas & Amir Nursery
حضانة ألوان الفرح للأطفال,عمان,عمان,شرق عمان,حي العبداللات – بجانب مدرسة الكندي,785652504,Colors of Joy Nursery
حضانة أحمد وضحى,إربد,إربد,الصريح,الصريح,772258725,Ahmed & Dahaa Nursery
حضانة البداية السعيدة النموذجية,عمان,عمان,اليوبيل,شارع المدينة المنورة,795395747,Happy Beginning Model Nursery
حضانة أنا وأخي نمرح,مادبا,مادبا,اليرموك,شارع اليرموك,772211947,Me & My Brother Play Nursery
حضانة جود وميرا,الزرقاء,الزرقاء,جبل المغير,قرب صيدلية شمع العسل,782209062,Jood & Mira Nursery
حضانة ضوء القمر,عمان,عمان,الصويفية,قرب قرية الصويفية – شارع زكي الصويتي,78988868,Moonlight Nursery
حضانة بيت الحلوة للأطفال,عمان,عمان,الجاردنز,خلف مدارس الرأي – عمارة 20,799853333,Sweet Home Kids Nursery
حضانة الطفل العربي,إربد,إربد,الحي الشرقي,قرب أسواق المؤسسة العسكرية,793050777,Arab Child Nursery
حضانة حبايبنا,إربد,إربد,النعيمة,النعيمة,790959613,Our Darlings Nursery
حضانة الخطوات التعليمية,عجلون,عجلون,عبين,خلف مطعم داريا – شارع إربد–عجلون,775570101,Educational Steps Nursery
حضانة فوفو ودودو,عمان,عمان,مرج الحمام,حي الأمير حمزة,777726263,Fufu & Dodo Model Nursery
حضانة ورود المستقبل,عمان,عمان,الرونق,شارع الأصبه – بناية 6,782668833,Future Roses Nursery
حضانة الانطباعات الأولى,إربد,إربد,الراهبات الوردية,غرب مسجد أبو دلو,780466032,First Impressions Nursery
حضانة بابا سنفور,إربد,إربد,إربد,إربد,787054530,Papa Smurf Nursery
حضانة جمعية الشابات المسيحية الخيرية-الفحيص,البلقاء,السلط,الفحيص,خلف بيت الفحيص – شارع صبيان الحصان,799946050,YWCA Al-Fuheis Nursery
حضانة رياحين الجنة,عمان,عمان,شرق عمان,الهاشمي الشمالي – شارع الحارث العبدي,797401206,Breezes of Paradise Nursery
حضانة خمسة وستون 65,البلقاء,السلط,المدينة الرياضية,قرب مدارس السلط الأهلية,777774819,65 Nursery
حضانة جنة الورد,عجلون,عجلون,عين جنا,مبنى البلدية – وسط البلد,777006207,Rose Paradise Nursery
حضانة الكلمات الأولى,عمان,عمان,الصويفية,شارع سعيد المفتي – عمارة 16,796246213,First Words Nursery
حضانة زين ونانا,البلقاء,السلط,أم عليه,الشارع الرئيسي,785226638,Zain & Nana Nursery
حضانة أفضل مكان لطفلك,إربد,إربد,إربد,,790303443,Best Place for Your Child Nursery
حضانة زهور الليلك,عمان,عمان,اليوبيل,مقابل مركز صحي أم السوس,795049140,Lilac Flowers Nursery
المستوى الرفيع المتميز للتعليم,عمان,عمان,الشميساني,شارع ابن الفارض 11,799714198,High Level Distinguished Education
حضانة المملكة الصغيرة,عمان,عمان,ضاحية الياسمين,شارع حفصة بنت عمرو 35,792024263,Small Kingdom Nursery
حضانة أحلام المستقبل النموذجية,مادبا,مادبا,الخطابية,الخطابية,779681212,Dreams of the Future Model Nursery
حضانة عبق الربيع,عمان,عمان,شرق عمان,طبربور – شارع قمر اليافي مقابل حلويات نفيسة,797808114,Spring Fragrance Nursery
حضانة الانامل الذهبية,عمان,عمان,شرق عمان,ماركا الشمالية – شارع فاطمة الزهراء – مسجد فاطمة الزهراء,799381207,Golden Fingers Nursery
حضانة حكايتي الصغيرة,عمان,عمان,الجبيهة,مقابل الجمعية العلمية الملكية – ط الأرضي,5340409,My Little Story Nursery
حضانة براعم السكر,العقبة,العقبة,السكنية الثالثة,شارع العباسيين – بجانب مسجد سعد بن أبي وقاص,792030177,Sugar Buds Nursery
حضانة درجات صغيرة,عمان,عمان,اليوبيل,دوار البرديني – قرب مدارس الإشراق,785905701,Small Steps Nursery
حضانة أشكال النموذجية,إربد,إربد,خلف مستشفى إربد التخصصي,0772155227,,Shapes Model Nursery
حضانة لطفولة أرقى,الزرقاء,الزرقاء,مدينة الشرق,قرب دوار الطيارة,772000294,Finer Childhood Nursery
حضانة سلمى وزين,البلقاء,السلط,البقيع,البقيع,790910177,Salma & Zain Nursery
حضانة هلا وغلا,عمان,عمان,شرق عمان,طبربور – قرب إسكان الجيش – حديقة العهد والوفا – يوسف بني ياسين 9,5056076,Hala & Ghala Nursery
حضانة من الألف إلى الياء,عمان,عمان,جنوب عمان,مرج الحمام – إسكان عالية – فيلا 30,,From A to Z Nursery
حضانة الطفل السعيد,عمان,عمان,شرق عمان,ماركا الشمالية – حمزة – قرب مدرسة الشريف حسين,4895823,Happy Child Nursery
حضانة بدايات عظيمة,عمان,عمان,جبل الحسين,شارع إسماعيل بابوق 5,775367440,Great Beginnings Nursery
حضانة ديمة النموذجية,البلقاء,السلط,شفا العامرية,شفا العامرية,772118163,Dima Model Nursery
حضانة ضحكات الطفولة,عمان,عمان,الشميساني,بناية 39 – شارع معروف الرصافي,791520563,Childhood Laughter Nursery
حضانة الأطفال السعداء,عمان,عمان,اليوبيل,مرج الحمام – شارع نالتشك – قرب مطعم دنيا المشاوي,797083374,Happy Children Nursery
حضانة جوان النموذجية,الزرقاء,الزرقاء,الهاشمية,الحي الشرقي,788067807,Jawan Model Nursery
حضانة نور الجبيهة,عمان,عمان,الجبيهة,شارع مفلح اللوزي – بناية 32 – مقابل مفروشات شهوان,797670971,Nour Al-Jubeiha Nursery
حضانة وروضة رونق المودة,عمان,عمان,البيادر,شارع خضر قردن – مقابل النادي الأهلي,795964769,Ronaq Al-Mawaddah Nursery & KG
حضانة بريق النمارق,البلقاء,السلط,البقعان,بجانب مدرسة فاطمة الزهراء,797094191,Briq Al-Namarq Nursery
حضانة الأرض السعيدة,عمان,عمان,جنوب عمان,المقابلين – حي الصحابة – شارع عبد الكريم الخطاب,790921251,Happy Land Nursery
حضانة الحمامي,عمان,عمان,الجبيهة,شارع الريان – أم زويتينة,5555,Al-Hammami Nursery
أكاديمية مدرسة وروضة جنى دان,الزرقاء,الزرقاء,بيرين,خلف النبعة,788616293,Jana Dan Academy & KG
حضانة شذى الورد,عمان,عمان,شرق عمان,طبربور – شارع عجاج الهبارنة – قرب مسجد عباد الرحمن,791077254,Shatha Al-Ward Nursery
حضانة بذور الغد,عمان,عمان,شرق عمان,إسكان الجيش – شارع عبدالقادر الزغول – باتجاه أبو عليا,789995605,Seeds of Tomorrow Nursery
حضانة ناريمان النموذجية,الرمثا,الرمثا,الرمثا,مقابل مدرسة جمانة,786306644,Nariman Model Nursery
حضانة كوكب المرح الطفولي,العقبة,العقبة,الثامنة,قرب مسجد الكالوتي,9872021168,Fun Planet Childhood Nursery
حضانة ورود الربيع,البلقاء,السلط,ماحص,شارع المدارس,772663512,Spring Roses Nursery
حضانة حسام وسبأ الحديثة,إربد,إربد,الحصن,الحي الشرقي – شارع الكلية,791854881,Husam & Saba Modern Nursery
حضانة تكوين,عمان,عمان,شمال عمان,طلوع الجاذبية – قرب سوبرماركت ياهلا,792127898,Takween Nursery
حضانة الفطاحلة النموذجية,إربد,إربد,الحي الجنوبي,جنوب غرب دوار صحارى – 300 متر,777148052,Al-Fatahilah Model Nursery
حضانة بيت السكاكر,إربد,إربد,الراهبات الوردية,خلف مستشفى الراهبات الوردية – بجانب السور,777747716,Candy House Nursery
حضانة القلب السعيد,عمان,عمان,شرق عمان,ضاحية الأمير حسن – قرب مطعم الهنيني,777772615,Happy Heart Nursery
حضانة كوخ الدب,الزرقاء,الزرقاء,الجبل الشمالي,شارع الملك عبد الله الثاني,782929569,Bear Cabin Nursery
حضانة اليوم السعيد,عمان,عمان,بسمان/جبل النزهة,شارع الكويتية – بناية 15,790225163,Al-Yawm Al-Saeed Nursery
حضانة فرح النموذجية,عمان,عمان,جبل الحسين,دوار الداخلية – نزول سرفيس العبدلي,5695093,Farah Model Nursery
روضة وحضانة نداء الطفولة,عمان,الجبيهة,شمال عمان,شارع عبد الله علي اللوزي 63,0795225664,Nadaa Al-Tufulah Nursery & KG
حضانة سيسو النموذجية,عمان,عمان,خلدا,قرب دوار السكر – مقابل سامح مول,5522949,Siso Model Nursery
روضة ومدارس أكاديمية ريتال الدولية,عمان,عمان,ياجوز,تقاطع جسر ياجوز – شارع الأردن,5336363,Rital International Academy
حضانة قوس قزح النموذجية,عمان,عمان,الشميساني,الشميساني,5605300,Rainbow Model Nursery
شركة إبداع الطفولة,عمان,عمان,شمال عمان,شارع شريفة زين – خلف روان كيك,790932622,Ebdaa Al-Tufulah
حضانة الصياد الصغير,عمان,عمان,جنوب عمان,مرج الحمام – شارع محمد بن طلال,797710897,Little Hunter Nursery
الشجرة المباركة للتعليم والاستثمار,عمان,عمان,شمال عمان,إشارة جبري – خلف بهجت سنتر,55555,Blessed Tree Education
حضانة نطاق الألوان المرحة,عمان,عمان,شرق عمان,شفا بدران – بجانب أكاديمية ريماس,5231617,Color Range Fun Nursery
حضانة زهور صغيرة,عمان,عمان,الشميساني,شارع الفيحاء,792872827,Little Flowers Nursery
حضانة المشاكس الصغير,عمان,عمان,أم أذينة,شارع الكوفة – بناية 71,790395471,Little Mischief Nursery
حضانة عبق عجلون النموذجية,عجلون,عجلون,عبين,شارع إربد – مقابل صالة النورس,778952295,Abq Ajloun Model Nursery
مؤسسة المنهل التربوية,عمان,عمان,الجامعة الأردنية,إسكان الجامعة الأردنية,65153751,Al-Manhal Educational Institution
حضانة النحلة الصغيرة,عمان,عمان,الجاردنز,دخلة مطعم السروات,,Little Bee Nursery
حضانة مملكة السكر,عمان,عمان,شرق عمان,طبربور – شارع أسعد بن زرارة,797064545,Sugar Kingdom Nursery
حضانة طوق الياسمين,عمان,عمان,شرق عمان,طبربور – مظهر علاونة – بجانب موسيقات القوات,4897208,Tawq Al-Yasmin Nursery
حضانة قمم الأشجار,عمان,عمان,الشميساني,عبد الحميد كرامي – بناية 8,795057999,Tree Tops Nursery
حضانة الخيوط اللامعة,عمان,عمان,أبو السوس,إسكان الأمانة – حي الصنوبر,795241103,Shining Threads Nursery
حضانة الما وأيلا,عمان,عمان,شمال عمان,ضاحية الرشيد – قبل سكن أميمة,792107921,Alma & Ayla Nursery
حضانة ماما رولا,عمان,عمان,شرق عمان,شفا بدران – حي ذهيبة – خلف الكلحة – بناية 3,798076488,Mama Rola Nursery
حضانة حبات التوت,عمان,عمان,مرج الحمام,شارع مويى النهار,,Raspberry Seeds Nursery
حضانة أطفال تمارا,عمان,عمان,شمال عمان,خلف مطعم طواحين,775136924,Tamara Kids Nursery
حضانة أزهار بيسان,عمان,عمان,شرق عمان,الهاشمي الشمالي – حي نايفة – مقابل وزارة الصحة,65057240,Bisan Flowers Nursery
حضانة دانة الدولية,عمان,عمان,شمال عمان,تلاع العلي – خلف الهوليدي إن,797097685,Dana International Nursery
حضانة سالي وسلمى,عمان,عمان,شمال عمان,الجبيهة – مقابل الأحدث سابقاً,5238494,Sally & Salma Nursery
حضانة وسيم النموذجية,عمان,عمان,جنوب عمان,الأشرفية – حي أم تينة,798457004,Waseem Model Nursery
حضانة النحلة جولي,عمان,عمان,شرق عمان,طبربور – بجانب جامعة العلوم الإسلامية,796897303,Jolly Bee Nursery
حضانة الأكواخ الملونة,عمان,عمان,الشميساني,شارع الجاحظ – مقابل مجمع السعيد,795659165,Colored Cabins Nursery
حضانة النجوم المتلألئة,عمان,عمان,اليوبيل,مرج الحمام – شارع نايف بن عاصم,799629292,Twinkling Stars Nursery
حضانة جنتي للأطفال,عمان,عمان,شمال عمان,خلدا – شارع المعارف – قرب مدرسة المعارف,797387766,My Paradise Nursery
حضانة ميرا والمى,عمان,عمان,الياسمين,"WV9V+9XX, حي الياسمين, عمّان",0795489505,Meera & Alma Nursery
حضانة عصافير الكرك,الكرك,الكرك,الكرك,الثنية – الشارع الرئيسي,1111111111,Karak Sparrows Nursery
حضانة القطط الصغيرة,عمان,عمان,شمال عمان,تلاع العلي – بجانب البشيتي – بناية 3,795740854,Little Kittens Nursery
حضانة الطفل الحسن,عمان,عمان,اليوبيل,بيادر وادي السير – الجندويل,799645430,Good Child Nursery
روضة وحضانة أنا الصغير,عمان,عمان,شمال عمان,خرجا – دخلة مدارس الدر المنثور,5538008,Ana Al-Saghir Nursery & KG
حضانة القلب الكبير,إربد,إربد,إربد,قرب مضافة أبو سالم,7247155,Big Heart Nursery
حضانة قرية التوت العالمية,عمان,عمان,عمان المركز,دوار الكيلو – خلف البرجر كنج – عمارة 46,798288080,Global Berry Village Nursery
حضانة الجيل القادم,عمان,عمان,شمال عمان,المدينة الرياضية – شمس الدين الذهبي,,Next Generation Nursery
حضانة التباشير البيضاء,عمان,عمان,بين الدوار 6 وال7,شارع التباشير,791560630,White Chalk Nursery
حضانة مونلايت,عمان,عمان,الشميساني,الشميساني,,Moonlight Nursery
حضانة فيرست ووردز,عمان,عمان,الصويفية,شارع سعيد المفتي – عمارة 16,796246213,First Words Preschool
روضة ومدرسة ليلى للتعليم الحديث,عمان,عمان,طبربور,شارع محمد العويدات – مجمع 2,,Leila Modern Education KG & School
حضانة ليتل ليرنرز,عمان,عمان,الرابية,شارع أنور الخطيب,,Little Learners Nursery
حضانة العلمي الممتع,عمان,عمان,اليوبيل,شارع عبد الله غوشة,,Fun Science Nursery
حضانة ميني مي,عمان,عمان,خلدا,شارع الأمير زيد,,Mini Me Nursery
حضانة الانطلاقة,عمان,عمان,الصويفية,شارع بخيت العيسى,65865080,Al Intilaqa Nursery
حضانة كوكون,عمان,عمان,الرابية,شارع محمد الخماش,,Cocoon Nursery
حضانة زهور المستقبل,عمان,عمان,الرونق,شارع الأسبح – فيلا 6,782668833,Future Flowers Nursery
حضانة نهج المعرفة,عمان,عمان,الدوار الثامن,الدوار الثامن,,Nahj Al-Ma’rifa KG
روضة بوك أند براش,عمان,عمان,الصويفية,شارع زهدي عصفور,,Book n Brush KG
حضانة البدايات المشرقة,عمان,عمان,أم أذينة,شارع الدمام 48,795225253,Bright Beginnings Nursery
حضانة وروضة وورلد كرياتيف,عمان,عمان,الرابية,شارع إبراهيم القطان 22,,Creative World Nursery & KG
حضانة الأطفال السعداء (2),عمان,عمان,السهل,السهل,,Happy Kids Nursery (2)
حضانة السندريلا,عمان,عمان,جبل الحسين,شارع الملك عبد الله الثاني 2,64006176,Cinderella Nursery
روضة ينابيع العلم,عمان,عمان,البيادر,مقسم العطار – شارع البيادر,,Yanabe’ Al-Ilm KG
حضانة السوبر ناني,عمان,عمان,المرج,المرج,7995009794,Super Nanny Nursery
حضانة ميلكي تيث,عمان,عمان,خلدا,خلدا,,Milky Teeth KG Nursery
حضانة ستارفيش,عمان,عمان,الرابية,شارع أنوارين مسمار 4,,Starfish Nursery
حضانة ليتل هاندز,عمان,عمان,خلدا,خلدا,,Little Hands Nursery
حضانة وروضة ستيبينج ستون,عمان,عمان,أم السماق,شارع أرتيريا 50,,Stepping Stone Preschool & Nursery
حضانة آدم كيدز,عمان,عمان,عبدون,عبدون,,Adam Kids Nursery
حضانة رونق المودة,عمان,عمان,البيادر,شارع خضر قردن – مقابل النادي الأهلي,795964769,Ronaq Al-Mawaddah Nursery
حضانة أمبريلا,عمان,عمان,اليوبيل,اليوبيل,,Umbrella Nursery
حضانة وروضة المتفوقين أكاديمي,عمان,عمان,خلدا,شارع أيوب السختياني 14,,Al Mutafawqeen Academy KG & School
حضانة منزلي الكبير,عمان,عمان,الشميساني,شارع الشريف ناصر بن جميل 78,,My Big House Nursery
روضة أكاديمية الأطفال الرائعين,عمان,عمان,اليوبيل,شارع محمد العجلوني,,Wonderful Kids Academy KG
حضانة وروضة كراميل,عمان,عمان,خلدا,شارع الأميرة زينب 63,,Caramel Nursery & KG
حضانة بز بي,عمان,عمان,خلدا,خلدا,,BuzzBee Nursery
روضة وابه,عمان,عمان,طبربور,شارع صدقي أبو شقرة,,Wabe KG
حضانة سيفتي هاوس,عمان,عمان,خلدا,شارع المعارف – خلدا,,Safety House Nursery
حضانة ليتل بي,عمان,عمان,اليوبيل,اليوبيل,,Little Bee Nursery
روضة و حضانة هيل هاوس,عمان,عمان,الشميساني,شارع محمد علي بدير 37,,Hill House KG & Nursery
حضانة الأكواخ الملونة,عمان,عمان,الشميساني,شارع الجاحظ – مقابل مجمع السعيد التجاري,795659165,Al-Akwakh Al-Mulawwanah Nursery
حضانة سويت آند نوتي,عمان,عمان,الشميساني,الشميساني,,Sweet and Naughty Nursery
حضانة كيدز فالي,عمان,عمان,الشميساني,شارع يوسف بن تاشفين 5,,Kids Valley Nursery
حضانة ليتل جاردن,عمان,عمان,خلدا,خلدا,,Little Garden Pre & Nursery
حضانة راقي الدولية,عمان,عمان,الرابية,شارع رفاعة بن أوس 46,,Raqi International Preschool
حضانة السلام,عمان,عمان,الكرسي,الكرسي,,Al-Salam Nursery
حضانة ستدي بلاي,عمان,عمان,خلدا,شارع الشيخ حسين الجسر 44,,Study Play KG
حضانة فيرست ستيب,عمان,عمان,اليوبيل,اليوبيل,,First Step Nursery
حضانة كينزي,عمان,عمان,طبربور,شارع فاضل أحمد خليفة 20,,Kenzi KG
حضانة ليتل بروفيسورز أكاديمي,عمان,عمان,خلدا,شارع أبهى 11,,Little Professors Academy
حضانة زين,عمان,عمان,اليوبيل,شارع الإخلاص 31,,Zain Nursery
حضانة وروضة ليونز كينجدوم,عمان,عمان,دابوق,شارع يثرب 9,,Lions Kingdom Nursery & Pre-school
روضة و حضانة المجد الوطنية,عمان,عمان,خلدا,شارع الفقهاء – مجمع 4,,Al Majd National Academy KG
حضانة وايت لاينز,عمان,عمان,خلدا,شارع أم الدنانير – خلدا,,White Lines Nursery
حضانة لارا,عمان,عمان,تلاع العلي,خلف سوبر ماركت الأهالي,65670424,Lara Nursery
حضانة المشاكس الصغير,عمان,عمان,أم أذينة,أم أذينة الشرقي,795581762,Al-Mushakis Al-Saghir Nursery
حضانة عطر الجوري,عمان,عمان,الياسمين,شارع محمد سالم الثوايب,,Atr Al-Jouri Nursery
حضانة وروضة هابي فايسيز,عمان,عمان,اليوبيل,شارع ثويبة بن حرملة,,Happy Faces Nursery & Preschool
حضانة آرت كير,عمان,عمان,خلدا,شارع عروة بن أذينة,,Art Care Nursery
حضانة وروضة ستيب باي ستيب,عمان,عمان,الرابية,شارع وديع قسطندي 3,,Step By Step Preschool
حضانة وروضة ليتل لاند,عمان,عمان,الشميساني,شارع الأشعري 15,,Little Land Nursery & Preschool
حضانة دانا,عمان,عمان,خلدا,كنيسة كرم إمسيح – خلدا,,Dana Nursery
حضانة بانان دي كير,عمان,عمان,اليوبيل,شارع موسى الساكت 76,,Banan Daycare
حضانة طوق الياسمين,عمان,عمان,طبربور,مظهر علاونة – بجانب موسيقات القوات المسلحة,4897208,Tawq Al-Yasmin Nursery
حضانة كولورز تري,عمان,عمان,خلدا,شارع عيسى أبو قدوم 6,,Colors Tree Nursery
حضانة كرادل تو كرايون,عمان,عمان,اليوبيل,شارع أحمد عرابي,,Cradle to Crayon Nursery
روضة أيوب,عمان,عمان,الشميساني,شارع أحمد أوكلة النصور,,Ayoub KG
روضة و حضانة نحن الأطفال,عمان,عمان,جبل الحسين,شارع عز الدين القسام,,Nahnu Al-Atfal Nursery & KG
حضانة وروضة صنلايت,عمان,عمان,الرابية,شارع نهاوند – الرابية,,Sunlight Nursery & Pre-School
روضة و حضانة عالم الصغار,عمان,عمان,الشميساني,شارع أسيد بن ثعلبة,,Aalam Al-Sighar Nursery & KG
حضانة كُن طفلًا,عمان,عمان,اليوبيل,شارع تعز,,Kun Tiflan Nursery
حضانة تري توبس,عمان,عمان,الشميساني,شارع عبد الحميد كرامي,795057999,Tree Tops Nursery
روضة هابي هارت,عمان,عمان,اليوبيل,مجمع النور – شارع محمد بن غطوس,,Happy Heart Kindergarten
حضانة بامبل بي,عمان,عمان,الرابية,شارع تبريز,,Bumble Bee Preschool
حضانة الما وايلا,عمان,عمان,ضاحية الرشيد,قبل سكن أميمة,798683815,Alma and Ayla Nursery
حضانة ليديبرد,عمان,عمان,الشميساني,شارع يوسف بن تاشفين,,Ladybird Nursery
حضانة داندون,عمان,عمان,خلدا,شارع عبد الله الأعزب,,Dandoon Nursery
حضانة إيرلي بيرد (تلاع العلي),عمان,عمان,تلاع العلي,مجمع 44 – شارع عبد الحليم عباس,,Early Bird Nursery (Tala Al-Ali)
روضة الطفل السعيد,عمان,عمان,شرق عمان,ماركا الشمالية – حمزة,4895823,Al-Tifl Al-Saeed KG
حضانة هيا سبراوتس,عمان,عمان,خلدا,شاكر بن زيد,,Haya Sprouts Preschool
حضانة بيتي الصغير,عمان,عمان,شمال عمان,يوسف بن تاشفين 20 – الشميساني,65676210,My Little Home Nursery
روضة كيدز واي,عمان,عمان,خلدا,شارع الأوزاعي – مجمع 11,,Kids Way Kindergarten
حضانة جريت بيجينينجز,عمان,عمان,جبل الحسين,شارع إسماعيل بابوق,775367440,Great Beginnings Child Care
حضانة ليتل ستيبس,عمان,عمان,خلدا,شارع الشيخ حسين الجسر,,Little Steps Nursery
حضانة رايت ستارت,عمان,عمان,اليوبيل,اليوبيل,,Right Start Nursery
روضة الأصدقاء المبدعين,عمان,عمان,خلدا,شارع عبد الله بن مسعود 20,,Creative Friends KG
حضانة الجيل القادم,عمان,عمان,شمال عمان,المدينة الرياضية – شمس الدين الذهبي,65163070,Next Generation Nursery
حضانة ليتل فلاورز,عمان,عمان,خلدا,خلدا,,Little Flowers Day Nursery
حضانة كيدز ستيبس,عمان,عمان,الرابية,شارع تلمسان – مجمع 5,,Kids Steps Nursery
حضانة شيري تري,عمان,عمان,جبل الحسين,شارع محمد جمجوم – مجمع 2,,Cherry Tree Nursery
حضانة ثراء كيدز,عمان,عمان,شرق عمان,شرق عمان,,Thraa Kids Nursery
حضانة الفقاعة المضحكة,عمان,عمان,أم السماق,شارع عطيوي المجالي – بناية 26,798379019,Funny Bubble Nursery
حضانة طيور المحبة,عمان,عمان,جبل عمان,دوار ثاني – شارع المعتصم 55,4623095,Birds of Love Nursery
حضانة ريتان,إربد,إربد,الحي الشرقي,خلف حلويات الكت والكات,789416515,Ritan Nursery
حضانة الطفل الأمثل,الزرقاء,الزرقاء,البتراوي,حي البتراوي,790063659,Best Child Care Nursery
حضانة أطفال الرونق,عمان,عمان,الرونق,شارع محمد علي حسين الكردي – عمارة 30,775933580,Ronaq Kids Nursery
حضانة البالون,عمان,عمان,الدوار السابع,بجانب فندق جنيفا,5815852,Balloon Nursery
حضانة براعم الرمثا التعليمية والنموذجية,الرمثا,الرمثا,الرئيسي,الرئيسي,799593982,Baraem Al-Ramtha Educational & Model Nursery
حضانة النبات السليم,عمان,عمان,طبربور,حي الشهيد الجنوبي,790479314,Healthy Plant Nursery
حضانة أرض النجوم,عمان,عمان,ضاحية الرشيد,مقابل مدرسة تقارب,5555,Land of Stars Nursery
حضانة صقور العزة,عمان,عمان,أبو نصير,شارع السعادة,796655818,Falcons of Pride Nursery
حضانة أطفال التوت البري,عمان,عمان,اليوبيل,شارع عبدالله غوشة – بجانب مسجد أحد,797266304,Wild Berry Kids Nursery
حضانة أنس وأمير,عمان,عمان,الجبيهة,حي الريان – شارع المريري,770065605,Anas & Amir Nursery
حضانة ألوان الفرح للأطفال,عمان,عمان,شرق عمان,حي العبداللات – بجانب مدرسة الكندي,785652504,Colors of Joy Nursery
حضانة أحمد وضحى,إربد,إربد,الصريح,الصريح,772258725,Ahmed & Dahaa Nursery
حضانة البداية السعيدة النموذجية,عمان,عمان,اليوبيل,شارع المدينة المنورة,795395747,Happy Beginning Model Nursery
حضانة أنا وأخي نمرح,مادبا,مادبا,اليرموك,شارع اليرموك,772211947,Me & My Brother Play Nursery
حضانة جود وميرا,الزرقاء,الزرقاء,جبل المغير,قرب صيدلية شمع العسل,782209062,Jood & Mira Nursery
حضانة ضوء القمر,عمان,عمان,الصويفية,قرب قرية الصويفية – شارع زكي الصويتي,78988868,Moonlight Nursery
حضانة بيت الحلوة للأطفال,عمان,عمان,الجاردنز,خلف مدارس الرأي – عمارة 20,799853333,Sweet Home Kids Nursery
حضانة الطفل العربي,إربد,إربد,الحي الشرقي,قرب أسواق المؤسسة العسكرية,793050777,Arab Child Nursery
حضانة حبايبنا,إربد,إربد,النعيمة,النعيمة,790959613,Our Darlings Nursery
حضانة الخطوات التعليمية,عجلون,عجلون,عبين,خلف مطعم داريا – شارع إربد–عجلون,775570101,Educational Steps Nursery
حضانة فوفو ودودو,عمان,عمان,مرج الحمام,حي الأمير حمزة,777726263,Fufu & Dodo Model Nursery
حضانة ورود المستقبل,عمان,عمان,الرونق,شارع الأصبه – بناية 6,782668833,Future Roses Nursery
حضانة الانطباعات الأولى,إربد,إربد,الراهبات الوردية,غرب مسجد أبو دلو,780466032,First Impressions Nursery
حضانة بابا سنفور,إربد,إربد,إربد,إربد,787054530,Papa Smurf Nursery
حضانة جمعية الشابات المسيحية الخيرية-الفحيص,البلقاء,السلط,الفحيص,خلف بيت الفحيص – شارع صبيان الحصان,799946050,YWCA Al-Fuheis Nursery
حضانة رياحين الجنة,عمان,عمان,شرق عمان,الهاشمي الشمالي – شارع الحارث العبدي,797401206,Breezes of Paradise Nursery
حضانة خمسة وستون 65,البلقاء,السلط,المدينة الرياضية,قرب مدارس السلط الأهلية,777774819,65 Nursery
حضانة جنة الورد,عجلون,عجلون,عين جنا,مبنى البلدية – وسط البلد,777006207,Rose Paradise Nursery
حضانة الكلمات الأولى,عمان,عمان,الصويفية,شارع سعيد المفتي – عمارة 16,796246213,First Words Nursery
حضانة زين ونانا,البلقاء,السلط,أم عليه,الشارع الرئيسي,785226638,Zain & Nana Nursery
حضانة أفضل مكان لطفلك,إربد,إربد,إربد,,790303443,Best Place for Your Child Nursery
حضانة زهور الليلك,عمان,عمان,اليوبيل,مقابل مركز صحي أم السوس,795049140,Lilac Flowers Nursery
المستوى الرفيع المتميز للتعليم,عمان,عمان,الشميساني,شارع ابن الفارض 11,799714198,High Level Distinguished Education
حضانة المملكة الصغيرة,عمان,عمان,ضاحية الياسمين,شارع حفصة بنت عمرو 35,792024263,Small Kingdom Nursery
حضانة أحلام المستقبل النموذجية,مادبا,مادبا,الخطابية,الخطابية,779681212,Dreams of the Future Model Nursery
حضانة عبق الربيع,عمان,عمان,شرق عمان,طبربور – شارع قمر اليافي مقابل حلويات نفيسة,797808114,Spring Fragrance Nursery
حضانة الانامل الذهبية,عمان,عمان,شرق عمان,ماركا الشمالية – شارع فاطمة الزهراء – مسجد فاطمة الزهراء,799381207,Golden Fingers Nursery
حضانة حكايتي الصغيرة,عمان,عمان,الجبيهة,مقابل الجمعية العلمية الملكية – ط الأرضي,5340409,My Little Story Nursery
حضانة براعم السكر,العقبة,العقبة,السكنية الثالثة,شارع العباسيين – بجانب مسجد سعد بن أبي وقاص,792030177,Sugar Buds Nursery
حضانة درجات صغيرة,عمان,عمان,اليوبيل,دوار البرديني – قرب مدارس الإشراق,785905701,Small Steps Nursery
حضانة أشكال النموذجية,إربد,إربد,خلف مستشفى إربد التخصصي,0772155227,,Shapes Model Nursery
حضانة لطفولة أرقى,الزرقاء,الزرقاء,مدينة الشرق,قرب دوار الطيارة,772000294,Finer Childhood Nursery
حضانة سلمى وزين,البلقاء,السلط,البقيع,البقيع,790910177,Salma & Zain Nursery
حضانة هلا وغلا,عمان,عمان,شرق عمان,طبربور – قرب إسكان الجيش – حديقة العهد والوفا – يوسف بني ياسين 9,5056076,Hala & Ghala Nursery
حضانة من الألف إلى الياء,عمان,عمان,جنوب عمان,مرج الحمام – إسكان عالية – فيلا 30,,From A to Z Nursery
حضانة الطفل السعيد,عمان,عمان,شرق عمان,ماركا الشمالية – حمزة – قرب مدرسة الشريف حسين,4895823,Happy Child Nursery
حضانة بدايات عظيمة,عمان,عمان,جبل الحسين,شارع إسماعيل بابوق 5,775367440,Great Beginnings Nursery
حضانة ديمة النموذجية,البلقاء,السلط,شفا العامرية,شفا العامرية,772118163,Dima Model Nursery
حضانة ضحكات الطفولة,عمان,عمان,الشميساني,بناية 39 – شارع معروف الرصافي,791520563,Childhood Laughter Nursery
حضانة الأطفال السعداء,عمان,عمان,اليوبيل,مرج الحمام – شارع نالتشك – قرب مطعم دنيا المشاوي,797083374,Happy Children Nursery
حضانة جوان النموذجية,الزرقاء,الزرقاء,الهاشمية,الحي الشرقي,788067807,Jawan Model Nursery
حضانة نور الجبيهة,عمان,عمان,الجبيهة,شارع مفلح اللوزي – بناية 32 – مقابل مفروشات شهوان,797670971,Nour Al-Jubeiha Nursery
حضانة وروضة رونق المودة,عمان,عمان,البيادر,شارع خضر قردن – مقابل النادي الأهلي,795964769,Ronaq Al-Mawaddah Nursery & KG
حضانة بريق النمارق,البلقاء,السلط,البقعان,بجانب مدرسة فاطمة الزهراء,797094191,Briq Al-Namarq Nursery
حضانة الأرض السعيدة,عمان,عمان,جنوب عمان,المقابلين – حي الصحابة – شارع عبد الكريم الخطاب,790921251,Happy Land Nursery
حضانة الحمامي,عمان,عمان,الجبيهة,شارع الريان – أم زويتينة,5555,Al-Hammami Nursery
أكاديمية مدرسة وروضة جنى دان,الزرقاء,الزرقاء,بيرين,خلف النبعة,788616293,Jana Dan Academy & KG
حضانة شذى الورد,عمان,عمان,شرق عمان,طبربور – شارع عجاج الهبارنة – قرب مسجد عباد الرحمن,791077254,Shatha Al-Ward Nursery
حضانة بذور الغد,عمان,عمان,شرق عمان,إسكان الجيش – شارع عبدالقادر الزغول – باتجاه أبو عليا,789995605,Seeds of Tomorrow Nursery
حضانة ناريمان النموذجية,الرمثا,الرمثا,الرمثا,مقابل مدرسة جمانة,786306644,Nariman Model Nursery
حضانة كوكب المرح الطفولي,العقبة,العقبة,الثامنة,قرب مسجد الكالوتي,9872021168,Fun Planet Childhood Nursery
حضانة ورود الربيع,البلقاء,السلط,ماحص,شارع المدارس,772663512,Spring Roses Nursery
حضانة حسام وسبأ الحديثة,إربد,إربد,الحصن,الحي الشرقي – شارع الكلية,791854881,Husam & Saba Modern Nursery
حضانة تكوين,عمان,عمان,شمال عمان,طلوع الجاذبية – قرب سوبرماركت ياهلا,792127898,Takween Nursery
حضانة الفطاحلة النموذجية,إربد,إربد,الحي الجنوبي,جنوب غرب دوار صحارى – 300 متر,777148052,Al-Fatahilah Model Nursery
حضانة بيت السكاكر,إربد,إربد,الراهبات الوردية,خلف مستشفى الراهبات الوردية – بجانب السور,777747716,Candy House Nursery
حضانة القلب السعيد,عمان,عمان,شرق عمان,ضاحية الأمير حسن – قرب مطعم الهنيني,777772615,Happy Heart Nursery
حضانة كوخ الدب,الزرقاء,الزرقاء,الجبل الشمالي,شارع الملك عبد الله الثاني,782929569,Bear Cabin Nursery
حضانة الفقاعة المضحكة,عمان,عمان,أم السماق,شارع عطيوي المجالي – بناية 26,798379019,Funny Bubble Nursery
حضانة طيور المحبة,عمان,عمان,جبل عمان,دوار ثاني – شارع المعتصم 55 – بجانب عمارة قناة الجزيرة,4623095,Birds of Love Nursery
حضانة ريتان,إربد,إربد,الحي الشرقي,خلف حلويات الكت والكات,789416515,Ritan Nursery
حضانة الطفل الأمثل,الزرقاء,الزرقاء,البتراوي,حي البتراوي,790063659,Best Child Nursery
حضانة اليوم السعيد,عمان,عمان,بسمان/جبل النزهة,شارع الكويتية – بناية 15,790225163,Al-Yawm Al-Saeed Nursery
حضانة فرح النموذجية,عمان,عمان,جبل الحسين,دوار الداخلية – نزول سرفيس العبدلي,5695093,Farah Model Nursery
روضة وحضانة نداء الطفولة,عمان,الجبيهة,شارع عبد الله علي اللوزي 63,شارع البلدية بعد البنك الإسلامي مقابل ملحمة الخليل,0795225664,Nadaa Al-Tufulah Nursery & KG
حضانة سيسو النموذجية,عمان,عمان,خلدا,قرب دوار السكر – مقابل سامح مول,5522949,Siso Model Nursery
روضة ومدارس أكاديمية ريتال الدولية,عمان,عمان,ياجوز,تقاطع جسر ياجوز – شارع الأردن,5336363,Rital International Academy
حضانة قوس قزح النموذجية,عمان,عمان,الشميساني,الشميساني,5605300,Rainbow Model Nursery
شركة إبداع الطفولة,عمان,عمان,شمال عمان,شارع شريفة زين – خلف روان كيك,790932622,Ebdaa Al-Tufulah
حضانة الصياد الصغير,عمان,عمان,جنوب عمان,مرج الحمام – شارع محمد بن طلال,797710897,Little Hunter Nursery
الشجرة المباركة للتعليم والاستثمار,عمان,عمان,شمال عمان,إشارة جبري – خلف بهجت سنتر,55555,Blessed Tree Education
حضانة نطاق الألوان المرحة,عمان,عمان,شرق عمان,شفا بدران – بجانب أكاديمية ريماس,5231617,Color Range Fun Nursery
حضانة زهور صغيرة,عمان,عمان,الشميساني,شارع الفيحاء,792872827,Little Flowers Nursery
حضانة المشاكس الصغير,عمان,عمان,أم أذينة,شارع الكوفة – بناية 71,790395471,Little Mischief Nursery
حضانة عبق عجلون النموذجية,عجلون,عجلون,عبين,شارع إربد – مقابل صالة النورس,778952295,Abq Ajloun Model Nursery
مؤسسة المنهل التربوية,عمان,عمان,الجامعة الأردنية,إسكان الجامعة الأردنية,65153751,Al-Manhal Educational Institution
حضانة النحلة الصغيرة,عمان,عمان,الجاردنز,دخلة مطعم السروات,,Little Bee Nursery
حضانة مملكة السكر,عمان,عمان,شرق عمان,طبربور – شارع أسعد بن زرارة,797064545,Sugar Kingdom Nursery
حضانة طوق الياسمين,عمان,عمان,شرق عمان,طبربور – مظهر علاونة – بجانب موسيقات القوات,4897208,Tawq Al-Yasmin Nursery
حضانة قمم الأشجار,عمان,عمان,الشميساني,عبد الحميد كرامي – بناية 8,795057999,Tree Tops Nursery
حضانة الخيوط اللامعة,عمان,عمان,أبو السوس,إسكان الأمانة – حي الصنوبر,795241103,Shining Threads Nursery
حضانة الما وأيلا,عمان,عمان,شمال عمان,ضاحية الرشيد – قبل سكن أميمة,792107921,Alma & Ayla Nursery
حضانة ماما رولا,عمان,عمان,شرق عمان,شفا بدران – حي ذهيبة – خلف الكلحة – بناية 3,798076488,Mama Rola Nursery
حضانة حبات التوت,عمان,عمان,مرج الحمام,شارع مويى النهار,,Raspberry Seeds Nursery
حضانة أطفال تمارا,عمان,عمان,شمال عمان,خلف مطعم طواحين,775136924,Tamara Kids Nursery
حضانة أزهار بيسان,عمان,عمان,شرق عمان,الهاشمي الشمالي – حي نايفة – مقابل وزارة الصحة,65057240,Bisan Flowers Nursery
حضانة دانة الدولية,عمان,عمان,شمال عمان,تلاع العلي – خلف الهوليدي إن,797097685,Dana International Nursery
حضانة سالي وسلمى,عمان,عمان,شمال عمان,الجبيهة – مقابل الأحدث سابقاً,5238494,Sally & Salma Nursery
حضانة وسيم النموذجية,عمان,عمان,جنوب عمان,الأشرفية – حي أم تينة,798457004,Waseem Model Nursery
حضانة النحلة جولي,عمان,عمان,شرق عمان,طبربور – بجانب جامعة العلوم الإسلامية,796897303,Jolly Bee Nursery
حضانة الأكواخ الملونة,عمان,عمان,الشميساني,شارع الجاحظ – مقابل مجمع السعيد,795659165,Colored Cabins Nursery
حضانة النجوم المتلألئة,عمان,عمان,اليوبيل,مرج الحمام – شارع نايف بن عاصم,799629292,Twinkling Stars Nursery
حضانة جنتي للأطفال,عمان,عمان,شمال عمان,خلدا – شارع المعارف – قرب مدرسة المعارف,797387766,My Paradise Nursery
حضانة ميرا والمى,عمان,عمان,الياسمين,"WV9V+9XX, حي الياسمين, عمّان",0795489505,Meera & Alma Nursery
حضانة عصافير الكرك,الكرك,الكرك,الكرك,الثنية – الشارع الرئيسي,1111111111,Karak Sparrows Nursery
حضانة القطط الصغيرة,عمان,عمان,شمال عمان,تلاع العلي – بجانب البشيتي – بناية 3,795740854,Little Kittens Nursery
حضانة الطفل الحسن,عمان,عمان,اليوبيل,بيادر وادي السير – الجندويل,799645430,Good Child Nursery
روضة وحضانة أنا الصغير,عمان,عمان,شمال عمان,خرجا – دخلة مدارس الدر المنثور,5538008,Ana Al-Saghir Nursery & KG
حضانة القلب الكبير,إربد,إربد,إربد,قرب مضافة أبو سالم,7247155,Big Heart Nursery
حضانة قرية التوت العالمية,عمان,عمان,عمان المركز,دوار الكيلو – خلف البرجر كنج – عمارة 46,798288080,Global Berry Village Nursery
حضانة الجيل القادم,عمان,عمان,شمال عمان,المدينة الرياضية – شمس الدين الذهبي,,Next Generation Nursery
حضانة التباشير البيضاء,عمان,عمان,بين الدوار 6 وال7,شارع التباشير,791560630,White Chalk Nursery
حضانة مونلايت,عمان,عمان,الشميساني,الشميساني,,Moonlight Nursery
حضانة فيرست ووردز,عمان,عمان,الصويفية,شارع سعيد المفتي – عمارة 16,796246213,First Words Preschool
روضة ومدرسة ليلى للتعليم الحديث,عمان,عمان,طبربور,شارع محمد العويدات – مجمع 2,,Leila Modern Education KG & School
حضانة ليتل ليرنرز,عمان,عمان,الرابية,شارع أنور الخطيب,,Little Learners Nursery
حضانة العلمي الممتع,عمان,عمان,اليوبيل,شارع عبد الله غوشة,,Fun Science Nursery
حضانة ميني مي,عمان,عمان,خلدا,شارع الأمير زيد,,Mini Me Nursery
حضانة الانطلاقة,عمان,عمان,الصويفية,شارع بخيت العيسى,65865080,Al Intilaqa Nursery
حضانة كوكون,عمان,عمان,الرابية,شارع محمد الخماش,,Cocoon Nursery
حضانة زهور المستقبل,عمان,عمان,الرونق,شارع الأسبح – فيلا 6,782668833,Future Flowers Nursery
حضانة نهج المعرفة,عمان,عمان,الدوار الثامن,الدوار الثامن,,Nahj Al-Ma’rifa KG
روضة بوك أند براش,عمان,عمان,الصويفية,شارع زهدي عصفور,,Book n Brush KG
حضانة البدايات المشرقة,عمان,عمان,أم أذينة,شارع الدمام 48,795225253,Bright Beginnings Nursery
حضانة وروضة وورلد كرياتيف,عمان,عمان,الرابية,شارع إبراهيم القطان 22,,Creative World Nursery & KG
حضانة الأطفال السعداء (2),عمان,عمان,السهل,السهل,,Happy Kids Nursery (2)
حضانة السندريلا,عمان,عمان,جبل الحسين,شارع الملك عبد الله الثاني 2,64006176,Cinderella Nursery
روضة ينابيع العلم,عمان,عمان,البيادر,مقسم العطار – شارع البيادر,,Yanabe’ Al-Ilm KG
حضانة السوبر ناني,عمان,عمان,المرج,المرج,7995009794,Super Nanny Nursery
حضانة ميلكي تيث,عمان,عمان,خلدا,خلدا,,Milky Teeth KG Nursery
حضانة ستارفيش,عمان,عمان,الرابية,شارع أنوارين مسمار 4,,Starfish Nursery
حضانة ليتل هاندز,عمان,عمان,خلدا,خلدا,,Little Hands Nursery
حضانة وروضة ستيبينج ستون,عمان,عمان,أم السماق,شارع أرتيريا 50,,Stepping Stone Preschool & Nursery
حضانة آدم كيدز,عمان,عمان,عبدون,عبدون,,Adam Kids Nursery
حضانة رونق المودة,عمان,عمان,البيادر,شارع خضر قردن – مقابل النادي الأهلي,795964769,Ronaq Al-Mawaddah Nursery
حضانة أمبريلا,عمان,عمان,اليوبيل,اليوبيل,,Umbrella Nursery
حضانة وروضة المتفوقين أكاديمي,عمان,عمان,خلدا,شارع أيوب السختياني 14,,Al Mutafawqeen Academy KG & School
حضانة منزلي الكبير,عمان,عمان,الشميساني,شارع الشريف ناصر بن جميل 78,,My Big House Nursery
روضة أكاديمية الأطفال الرائعين,عمان,عمان,اليوبيل,شارع محمد العجلوني,,Wonderful Kids Academy KG
حضانة وروضة كراميل,عمان,عمان,خلدا,شارع الأميرة زينب 63,,Caramel Nursery & KG
حضانة بز بي,عمان,عمان,خلدا,خلدا,,BuzzBee Nursery
روضة وابه,عمان,عمان,طبربور,شارع صدقي أبو شقرة,,Wabe KG
حضانة سيفتي هاوس,عمان,عمان,خلدا,شارع المعارف – خلدا,,Safety House Nursery
حضانة ليتل بي,عمان,عمان,اليوبيل,اليوبيل,,Little Bee Nursery
روضة و حضانة هيل هاوس,عمان,عمان,الشميساني,شارع محمد علي بدير 37,,Hill House KG & Nursery
حضانة سويت آند نوتي,عمان,عمان,الشميساني,الشميساني,,Sweet and Naughty Nursery
حضانة كيدز فالي,عمان,عمان,الشميساني,شارع يوسف بن تاشفين 5,,Kids Valley Nursery
حضانة ليتل جاردن,عمان,عمان,خلدا,خلدا,,Little Garden Pre & Nursery
حضانة راقي الدولية,عمان,عمان,الرابية,شارع رفاعة بن أوس 46,,Raqi International Preschool
حضانة السلام,عمان,عمان,الكرسي,الكرسي,,Al-Salam Nursery
حضانة ستدي بلاي,عمان,عمان,خلدا,شارع الشيخ حسين الجسر 44,,Study Play KG
حضانة فيرست ستيب,عمان,عمان,اليوبيل,اليوبيل,,First Step Nursery
حضانة كينزي,عمان,عمان,طبربور,شارع فاضل أحمد خليفة 20,,Kenzi KG
حضانة ليتل بروفيسورز أكاديمي,عمان,عمان,خلدا,شارع أبهى 11,,Little Professors Academy
حضانة زين,عمان,عمان,اليوبيل,شارع الإخلاص 31,,Zain Nursery
حضانة وروضة ليونز كينجدوم,عمان,عمان,دابوق,شارع يثرب 9,,Lions Kingdom Nursery & Pre-school
روضة و حضانة المجد الوطنية,عمان,عمان,خلدا,شارع الفقهاء – مجمع 4,,Al Majd National Academy KG
حضانة وايت لاينز,عمان,عمان,خلدا,شارع أم الدنانير – خلدا,,White Lines Nursery
حضانة لارا,عمان,عمان,تلاع العلي,خلف سوبر ماركت الأهالي,65670424,Lara Nursery
حضانة المشاكس الصغير,عمان,عمان,أم أذينة,أم أذينة الشرقي,795581762,Al-Mushakis Al-Saghir Nursery
حضانة عطر الجوري,عمان,عمان,الياسمين,شارع محمد سالم الثوايب,,Atr Al-Jouri Nursery
حضانة وروضة هابي فايسيز,عمان,عمان,اليوبيل,شارع ثويبة بن حرملة,,Happy Faces Nursery & Preschool
حضانة آرت كير,عمان,عمان,خلدا,شارع عروة بن أذينة,,Art Care Nursery
حضانة وروضة ستيب باي ستيب,عمان,عمان,الرابية,شارع وديع قسطندي 3,,Step By Step Preschool
حضانة وروضة ليتل لاند,عمان,عمان,الشميساني,شارع الأشعري 15,,Little Land Nursery & Preschool
حضانة دانا,عمان,عمان,خلدا,كنيسة كرم إمسيح – خلدا,,Dana Nursery
حضانة بانان دي كير,عمان,عمان,اليوبيل,شارع موسى الساكت 76,,Banan Daycare
حضانة كولورز تري,عمان,عمان,خلدا,شارع عيسى أبو قدوم 6,,Colors Tree Nursery
حضانة كرادل تو كرايون,عمان,عمان,اليوبيل,شارع أحمد عرابي,,Cradle to Crayon Nursery
روضة أيوب,عمان,عمان,الشميساني,شارع أحمد أوكلة النصور,,Ayoub KG
روضة و حضانة نحن الأطفال,عمان,عمان,جبل الحسين,شارع عز الدين القسام,,Nahnu Al-Atfal Nursery & KG
حضانة وروضة صنلايت,عمان,عمان,الرابية,شارع نهاوند – الرابية,,Sunlight Nursery & Pre-School
روضة و حضانة عالم الصغار,عمان,عمان,الشميساني,شارع أسيد بن ثعلبة,,Aalam Al-Sighar Nursery & KG
حضانة كُن طفلًا,عمان,عمان,اليوبيل,شارع تعز,,Kun Tiflan Nursery
حضانة هابي داي,عمان,عمان,اليوبيل,شارع النزهة 15,,Happy Day Nursery
حضانة لحن الحياة,عمان,عمان,جنوب عمان,إسحاق بن حنين – الياسمين – بناية 7,795664426,Lahn Al-Hayat Nursery
حضانة طلال ونورة,عمان,عمان,الرابية,شارع عرار 205,,Talal wa Noura Nursery
حضانة كيه سيتي,عمان,عمان,تلاع العلي,شارع سامر رمّانة,,K-City Nursery
حضانة نجوم المرج النموذجية,عمان,عمان,المرج,المرج,,Nujoom Al-Murj Model Nursery
حضانة تري توبس,عمان,عمان,الشميساني,شارع عبد الحميد كرامي,795057999,Tree Tops Nursery
روضة هابي هارت,عمان,عمان,اليوبيل,مجمع النور – شارع محمد بن غطوس,,Happy Heart Kindergarten
حضانة بامبل بي,عمان,عمان,الرابية,شارع تبريز,,Bumble Bee Preschool
حضانة الما وايلا,عمان,عمان,ضاحية الرشيد,قبل سكن أميمة,798683815,Alma and Ayla Nursery
حضانة ليديبرد,عمان,عمان,الشميساني,شارع يوسف بن تاشفين,,Ladybird Nursery
حضانة داندون,عمان,عمان,خلدا,شارع عبد الله الأعزب,,Dandoon Nursery
حضانة إيرلي بيرد (تلاع العلي),عمان,عمان,تلاع العلي,مجمع 44 – شارع عبد الحليم عباس,,Early Bird Nursery (Tala Al-Ali)
روضة الطفل السعيد,عمان,عمان,شرق عمان,ماركا الشمالية – حمزة,4895823,Al-Tifl Al-Saeed KG
حضانة هيا سبراوتس,عمان,عمان,خلدا,شاكر بن زيد,,Haya Sprouts Preschool
حضانة بيتي الصغير,عمان,عمان,شمال عمان,يوسف بن تاشفين 20 – الشميساني,65676210,My Little Home Nursery
روضة كيدز واي,عمان,عمان,خلدا,شارع الأوزاعي – مجمع 11,,Kids Way Kindergarten
حضانة جريت بيجينينجز,عمان,عمان,جبل الحسين,شارع إسماعيل بابوق,775367440,Great Beginnings Child Care
حضانة ليتل ستيبس,عمان,عمان,خلدا,شارع الشيخ حسين الجسر,,Little Steps Nursery
حضانة رايت ستارت,عمان,عمان,اليوبيل,اليوبيل,,Right Start Nursery
روضة الأصدقاء المبدعين,عمان,عمان,خلدا,شارع عبد الله بن مسعود 20,,Creative Friends KG
حضانة الجيل القادم,عمان,عمان,شمال عمان,المدينة الرياضية – شمس الدين الذهبي,65163070,Next Generation Nursery
حضانة ليتل فلاورز,عمان,عمان,خلدا,خلدا,,Little Flowers Day Nursery
حضانة كيدز ستيبس,عمان,عمان,الرابية,شارع تلمسان – مجمع 5,,Kids Steps Nursery
حضانة شيري تري,عمان,عمان,جبل الحسين,شارع محمد جمجوم – مجمع 2,,Cherry Tree Nursery
حضانة ثراء كيدز,عمان,عمان,شرق عمان,شرق عمان,,Thraa Kids Nursery
حضانة الفقاعة المضحكة,عمان,عمان,أم السماق,شارع عطيوي المجالي – بناية 26,798379019,Funny Bubble Nursery
حضانة طيور المحبة,عمان,عمان,جبل عمان,دوار ثاني – شارع المعتصم 55 – بجانب عمارة قناة الجزيرة,4623095,Birds of Love Nursery
حضانة ريتان,إربد,إربد,الحي الشرقي,خلف حلويات الكت والكات,789416515,Ritan Nursery
حضانة الطفل الأمثل,الزرقاء,الزرقاء,البتراوي,حي البتراوي,790063659,Best Child Nursery
حضانة أطفال الرونق,عمان,عمان,الرونق,شارع محمد علي حسين الكردي – عمارة 30,775933580,Ronaq Kids Nursery
حضانة البالون,عمان,عمان,الدوار السابع,بجانب فندق جنيفا,5815852,Balloon Nursery
حضانة براعم الرمثا التعليمية والنموذجية,الرمثا,الرمثا,الرئيسي,الرئيسي,799593982,Baraem Al-Ramtha Educational & Model
حضانة النبات السليم,عمان,عمان,طبربور,حي الشهيد الجنوبي,790479314,Healthy Plant Nursery
حضانة أرض النجوم,عمان,عمان,ضاحية الرشيد,مقابل مدرسة تقارب,5555,Land of Stars Nursery
حضانة صقور العزة,عمان,عمان,أبو نصير,شارع السعادة,796655818,Falcons of Pride Nursery
حضانة أطفال التوت البري,عمان,عمان,اليوبيل,شارع عبدالله غوشة – بجانب مسجد أحد,797266304,Wild Berry Kids Nursery
حضانة أنس وأمير,عمان,عمان,الجبيهة,حي الريان – شارع المريري,770065605,Anas & Amir Nursery
حضانة ألوان الفرح للأطفال,عمان,عمان,شرق عمان,حي العبداللات – بجانب مدرسة الكندي,785652504,Colors of Joy Nursery
حضانة أحمد وضحى,إربد,إربد,الصريح,الصريح,772258725,Ahmed & Dahaa Nursery
حضانة البداية السعيدة النموذجية,عمان,عمان,اليوبيل,شارع المدينة المنورة,795395747,Happy Beginning Model Nursery
حضانة أنا وأخي نمرح,مادبا,مادبا,اليرموك,شارع اليرموك,772211947,Me & My Brother Play Nursery
حضانة جود وميرا,الزرقاء,الزرقاء,جبل المغير,قرب صيدلية شمع العسل,782209062,Jood & Mira Nursery
حضانة ضوء القمر,عمان,عمان,الصويفية,قرب قرية الصويفية – شارع زكي الصويتي,78988868,Moonlight Nursery
حضانة بيت الحلوة للأطفال,عمان,عمان,الجاردنز,خلف مدارس الرأي – عمارة 20,799853333,Sweet Home Kids Nursery
حضانة الطفل العربي,إربد,إربد,الحي الشرقي,قرب أسواق المؤسسة العسكرية,793050777,Arab Child Nursery
حضانة حبايبنا,إربد,إربد,النعيمة,النعيمة,790959613,Our Darlings Nursery
حضانة الخطوات التعليمية,عجلون,عجلون,عبين,خلف مطعم داريا – شارع إربد–عجلون,775570101,Educational Steps Nursery
حضانة فوفو ودودو,عمان,عمان,مرج الحمام,حي الأمير حمزة,777726263,Fufu & Dodo Model Nursery
حضانة ورود المستقبل,عمان,عمان,الرونق,شارع الأصبه – بناية 6,782668833,Future Roses Nursery
حضانة الانطباعات الأولى,إربد,إربد,الراهبات الوردية,غرب مسجد أبو دلو,780466032,First Impressions Nursery
حضانة بابا سنفور,إربد,إربد,إربد,إربد,787054530,Papa Smurf Nursery
حضانة جمعية الشابات المسيحية الخيرية-الفحيص,البلقاء,السلط,الفحيص,خلف بيت الفحيص – شارع صبيان الحصان,799946050,YWCA Al-Fuheis Nursery
حضانة رياحين الجنة,عمان,عمان,شرق عمان,الهاشمي الشمالي – شارع الحارث العبدي,797401206,Breezes of Paradise Nursery
حضانة خمسة وستون 65,البلقاء,السلط,المدينة الرياضية,قرب مدارس السلط الأهلية,777774819,65 Nursery
حضانة جنة الورد,عجلون,عجلون,عين جنا,مبنى البلدية – وسط البلد,777006207,Rose Paradise Nursery
حضانة الكلمات الأولى,عمان,عمان,الصويفية,شارع سعيد المفتي – عمارة 16,796246213,First Words Nursery
حضانة زين ونانا,البلقاء,السلط,أم عليه,الشارع الرئيسي,785226638,Zain & Nana Nursery
حضانة أفضل مكان لطفلك,إربد,إربد,إربد,,790303443,Best Place for Your Child Nursery
حضانة زهور الليلك,عمان,عمان,اليوبيل,مقابل مركز صحي أم السوس,795049140,Lilac Flowers Nursery
المستوى الرفيع المتميز للتعليم,عمان,عمان,الشميساني,شارع ابن الفارض 11,799714198,High Level Distinguished Education
حضانة المملكة الصغيرة,عمان,عمان,ضاحية الياسمين,شارع حفصة بنت عمرو 35,792024263,Small Kingdom Nursery
حضانة أحلام المستقبل النموذجية,مادبا,مادبا,الخطابية,الخطابية,779681212,Dreams of the Future Model Nursery
حضانة عبق الربيع,عمان,عمان,شرق عمان,طبربور – شارع قمر اليافي مقابل حلويات نفيسة,797808114,Spring Fragrance Nursery
حضانة الانامل الذهبية,عمان,عمان,شرق عمان,ماركا الشمالية – شارع فاطمة الزهراء – مسجد فاطمة الزهراء,799381207,Golden Fingers Nursery
حضانة حكايتي الصغيرة,عمان,عمان,الجبيهة,مقابل الجمعية العلمية الملكية – ط الأرضي,5340409,My Little Story Nursery
حضانة براعم السكر,العقبة,العقبة,السكنية الثالثة,شارع العباسيين – بجانب مسجد سعد بن أبي وقاص,792030177,Sugar Buds Nursery
حضانة درجات صغيرة,عمان,عمان,اليوبيل,دوار البرديني – قرب مدارس الإشراق,785905701,Small Steps Nursery
حضانة أشكال النموذجية,إربد,إربد,خلف مستشفى إربد التخصصي,0772155227,,Shapes Model Nursery
حضانة لطفولة أرقى,الزرقاء,الزرقاء,مدينة الشرق,قرب دوار الطيارة,772000294,Finer Childhood Nursery
حضانة سلمى وزين,البلقاء,السلط,البقيع,البقيع,790910177,Salma & Zain Nursery
حضانة هلا وغلا,عمان,عمان,شرق عمان,طبربور – قرب إسكان الجيش – حديقة العهد والوفا – يوسف بني ياسين 9,5056076,Hala & Ghala Nursery
حضانة من الألف إلى الياء,عمان,عمان,جنوب عمان,مرج الحمام – إسكان عالية – فيلا 30,,From A to Z Nursery
حضانة الطفل السعيد,عمان,عمان,شرق عمان,ماركا الشمالية – حمزة – قرب مدرسة الشريف حسين,4895823,Happy Child Nursery
حضانة بدايات عظيمة,عمان,عمان,جبل الحسين,شارع إسماعيل بابوق 5,775367440,Great Beginnings Nursery
حضانة ديمة النموذجية,البلقاء,السلط,شفا العامرية,شفا العامرية,772118163,Dima Model Nursery
حضانة ضحكات الطفولة,عمان,عمان,الشميساني,بناية 39 – شارع معروف الرصافي,791520563,Childhood Laughter Nursery
حضانة الأطفال السعداء,عمان,عمان,اليوبيل,مرج الحمام – شارع نالتشك – قرب مطعم دنيا المشاوي,797083374,Happy Children Nursery
حضانة جوان النموذجية,الزرقاء,الزرقاء,الهاشمية,الحي الشرقي,788067807,Jawan Model Nursery
حضانة نور الجبيهة,عمان,عمان,الجبيهة,شارع مفلح اللوزي – بناية 32 – مقابل مفروشات شهوان,797670971,Nour Al-Jubeiha Nursery
حضانة وروضة رونق المودة,عمان,عمان,البيادر,شارع خضر قردن – مقابل النادي الأهلي,795964769,Ronaq Al-Mawaddah Nursery & KG
حضانة بريق النمارق,البلقاء,السلط,البقعان,بجانب مدرسة فاطمة الزهراء,797094191,Briq Al-Namarq Nursery
حضانة الأرض السعيدة,عمان,عمان,جنوب عمان,المقابلين – حي الصحابة – شارع عبد الكريم الخطاب,790921251,Happy Land Nursery
حضانة الحمامي,عمان,عمان,الجبيهة,شارع الريان – أم زويتينة,5555,Al-Hammami Nursery
أكاديمية مدرسة وروضة جنى دان,الزرقاء,الزرقاء,بيرين,خلف النبعة,788616293,Jana Dan Academy & KG
حضانة شذى الورد,عمان,عمان,شرق عمان,طبربور – شارع عجاج الهبارنة – قرب مسجد عباد الرحمن,791077254,Shatha Al-Ward Nursery
حضانة بذور الغد,عمان,عمان,شرق عمان,إسكان الجيش – شارع عبدالقادر الزغول – باتجاه أبو عليا,789995605,Seeds of Tomorrow Nursery
حضانة ناريمان النموذجية,الرمثا,الرمثا,الرمثا,مقابل مدرسة جمانة,786306644,Nariman Model Nursery
حضانة كوكب المرح الطفولي,العقبة,العقبة,الثامنة,قرب مسجد الكالوتي,9872021168,Fun Planet Childhood Nursery
حضانة ورود الربيع,البلقاء,السلط,ماحص,شارع المدارس,772663512,Spring Roses Nursery
حضانة حسام وسبأ الحديثة,إربد,إربد,الحصن,الحي الشرقي – شارع الكلية,791854881,Husam & Saba Modern Nursery
حضانة تكوين,عمان,عمان,شمال عمان,طلوع الجاذبية – قرب سوبرماركت ياهلا,792127898,Takween Nursery
حضانة الفطاحلة النموذجية,إربد,إربد,الحي الجنوبي,جنوب غرب دوار صحارى – 300 متر,777148052,Al-Fatahilah Model Nursery
حضانة بيت السكاكر,إربد,إربد,الراهبات الوردية,خلف مستشفى الراهبات الوردية – بجانب السور,777747716,Candy House Nursery
حضانة القلب السعيد,عمان,عمان,شرق عمان,ضاحية الأمير حسن – قرب مطعم الهنيني,777772615,Happy Heart Nursery
حضانة كوخ الدب,الزرقاء,الزرقاء,الجبل الشمالي,شارع الملك عبد الله الثاني,782929569,Bear Cabin Nursery
حضانة الفقاعة المضحكة,عمان,عمان,أم السماق,شارع عطيوي المجالي – بناية 26,798379019,Funny Bubble Nursery
حضانة طيور المحبة,عمان,عمان,جبل عمان,دوار ثاني – شارع المعتصم 55 – بجانب عمارة قناة الجزيرة,4623095,Birds of Love Nursery
حضانة ريتان,إربد,إربد,الحي الشرقي,خلف حلويات الكت والكات,789416515,Ritan Nursery
حضانة الطفل الأمثل,الزرقاء,الزرقاء,البتراوي,حي البتراوي,790063659,Best Child Nursery
حضانة اليوم السعيد,عمان,عمان,بسمان/جبل النزهة,شارع الكويتية – بناية 15,790225163,Al-Yawm Al-Saeed Nursery,,,,KG-AM-2601,
حضانة فرح النموذجية,عمان,عمان,جبل الحسين,دوار الداخلية – نزول سرفيس العبدلي,5695093,Farah Model Nursery,,,,KG-AM-2602,
روضة وحضانة نداء الطفولة,عمان,عمان,شمال عمان,شارع البلدية بعد البنك الإسلامي مقابل ملحمة الخليل,,Nadaa Al-Tufulah Nursery & KG,,,,KG-AM-2603,
حضانة سيسو النموذجية,عمان,عمان,خلدا,قرب دوار السكر – مقابل سامح مول,5522949,Siso Model Nursery,,,,KG-AM-2604,
روضة ومدارس أكاديمية ريتال الدولية,عمان,عمان,ياجوز,تقاطع جسر ياجوز – شارع الأردن,5336363,Rital International Academy,,,,KG-AM-2605,
حضانة قوس قزح النموذجية,عمان,عمان,الشميساني,الشميساني,5605300,Rainbow Model Nursery,,,,KG-AM-2606,
شركة إبداع الطفولة,عمان,عمان,شمال عمان,شارع شريفة زين – خلف روان كيك,790932622,Ebdaa Al-Tufulah,,,,KG-AM-2607,
حضانة الصياد الصغير,عمان,عمان,جنوب عمان,مرج الحمام – شارع محمد بن طلال,797710897,Little Hunter Nursery,,,,KG-AM-2608,
الشجرة المباركة للتعليم والاستثمار,عمان,عمان,شمال عمان,إشارة جبري – خلف بهجت سنتر,55555,Blessed Tree Education,,,,KG-AM-2609,
حضانة نطاق الألوان المرحة,عمان,عمان,شرق عمان,شفا بدران – بجانب أكاديمية ريماس,5231617,Color Range Fun Nursery,,,,KG-AM-2610,
حضانة زهور صغيرة,عمان,عمان,الشميساني,شارع الفيحاء,792872827,Little Flowers Nursery,,,,KG-AM-2611,
حضانة المشاكس الصغير,عمان,عمان,أم أذينة,شارع الكوفة – بناية 71,790395471,Little Mischief Nursery,,,,KG-AM-2612,
حضانة عبق عجلون النموذجية,عجلون,عجلون,عبين,شارع إربد – مقابل صالة النورس,778952295,Abq Ajloun Model Nursery,,,,KG-AJ-0027,
مؤسسة المنهل التربوية,عمان,عمان,الجامعة الأردنية,إسكان الجامعة الأردنية,65153751,Al-Manhal Educational Institution,,,,KG-AM-2613,
حضانة النحلة الصغيرة,عمان,عمان,الجاردنز,دخلة مطعم السروات,,Little Bee Nursery,,,,KG-AM-2614,
حضانة مملكة السكر,عمان,عمان,شرق عمان,طبربور – شارع أسعد بن زرارة,797064545,Sugar Kingdom Nursery,,,,KG-AM-2615,
حضانة طوق الياسمين,عمان,عمان,شرق عمان,طبربور – مظهر علاونة – بجانب موسيقات القوات,4897208,Tawq Al-Yasmin Nursery,,,,KG-AM-2616,
حضانة قمم الأشجار,عمان,عمان,الشميساني,عبد الحميد كرامي – بناية 8,795057999,Tree Tops Nursery,,,,KG-AM-2617,
حضانة الخيوط اللامعة,عمان,عمان,أبو السوس,إسكان الأمانة – حي الصنوبر,795241103,Shining Threads Nursery,,,,KG-AM-2618,
حضانة الما وأيلا,عمان,عمان,شمال عمان,ضاحية الرشيد – قبل سكن أميمة,792107921,Alma & Ayla Nursery,,,,KG-AM-2619,
حضانة ماما رولا,عمان,عمان,شرق عمان,شفا بدران – حي ذهيبة – خلف الكلحة – بناية 3,798076488,Mama Rola Nursery,,,,KG-AM-2620,
حضانة حبات التوت,عمان,عمان,مرج الحمام,شارع مويى النهار,,Raspberry Seeds Nursery,,,,KG-AM-2621,
حضانة أطفال تمارا,عمان,عمان,شمال عمان,خلف مطعم طواحين,775136924,Tamara Kids Nursery,,,,KG-AM-2622,
حضانة أزهار بيسان,عمان,عمان,شرق عمان,الهاشمي الشمالي – حي نايفة – مقابل وزارة الصحة,65057240,Bisan Flowers Nursery,,,,KG-AM-2623,
حضانة دانة الدولية,عمان,عمان,شمال عمان,تلاع العلي – خلف الهوليدي إن,797097685,Dana International Nursery,,,,KG-AM-2624,
حضانة سالي وسلمى,عمان,عمان,شمال عمان,الجبيهة – مقابل الأحدث سابقاً,5238494,Sally & Salma Nursery,,,,KG-AM-2625,
حضانة وسيم النموذجية,عمان,عمان,جنوب عمان,الأشرفية – حي أم تينة,798457004,Waseem Model Nursery,,,,KG-AM-2626,
حضانة النحلة جولي,عمان,عمان,شرق عمان,طبربور – بجانب جامعة العلوم الإسلامية,796897303,Jolly Bee Nursery,,,,KG-AM-2627,
حضانة الأكواخ الملونة,عمان,عمان,الشميساني,شارع الجاحظ – مقابل مجمع السعيد,795659165,Colored Cabins Nursery,,,,KG-AM-2628,
حضانة النجوم المتلألئة,عمان,عمان,اليوبيل,مرج الحمام – شارع نايف بن عاصم,799629292,Twinkling Stars Nursery,,,,KG-AM-2629,
حضانة جنتي للأطفال,عمان,عمان,شمال عمان,خلدا – شارع المعارف – قرب مدرسة المعارف,797387766,My Paradise Nursery,,,,KG-AM-2630,
حضانة ميرا والمى,عمان,عمان,الياسمين,"WV9V+9XX, حي الياسمين, عمّان",0795489505,Meera & Alma Nursery,,,,KG-AM-2631,
حضانة عصافير الكرك,الكرك,الكرك,الكرك,الثنية – الشارع الرئيسي,1111111111,Karak Sparrows Nursery,,,,KG-KA-0017,
حضانة القطط الصغيرة,عمان,عمان,شمال عمان,تلاع العلي – بجانب البشيتي – بناية 3,795740854,Little Kittens Nursery,,,,KG-AM-2632,
حضانة الطفل الحسن,عمان,عمان,اليوبيل,بيادر وادي السير – الجندويل,799645430,Good Child Nursery,,,,KG-AM-2633,
روضة وحضانة أنا الصغير,عمان,عمان,شمال عمان,خرجا – دخلة مدارس الدر المنثور,5538008,Ana Al-Saghir Nursery & KG,,,,KG-AM-2634,
حضانة القلب الكبير,إربد,إربد,إربد,قرب مضافة أبو سالم,7247155,Big Heart Nursery,,,,KG-IR-0158,
حضانة قرية التوت العالمية,عمان,عمان,عمان المركز,دوار الكيلو – خلف البرجر كنج – عمارة 46,798288080,Global Berry Village Nursery,,,,KG-AM-2635,
حضانة الجيل القادم,عمان,عمان,شمال عمان,المدينة الرياضية – شمس الدين الذهبي,,Next Generation Nursery,,,,KG-AM-2636,
حضانة التباشير البيضاء,عمان,عمان,بين الدوار 6 وال7,شارع التباشير,791560630,White Chalk Nursery,,,,KG-AM-2637,
حضانة مونلايت,عمان,عمان,الشميساني,الشميساني,,Moonlight Nursery,,,,KG-AM-2638,
حضانة فيرست ووردز,عمان,عمان,الصويفية,شارع سعيد المفتي – عمارة 16,796246213,First Words Preschool,,,,KG-AM-2639,
روضة ومدرسة ليلى للتعليم الحديث,عمان,عمان,طبربور,شارع محمد العويدات – مجمع 2,,Leila Modern Education KG & School,,,,KG-AM-2640,
حضانة ليتل ليرنرز,عمان,عمان,الرابية,شارع أنور الخطيب,,Little Learners Nursery,,,,KG-AM-2641,
حضانة العلمي الممتع,عمان,عمان,اليوبيل,شارع عبد الله غوشة,,Fun Science Nursery,,,,KG-AM-2642,
حضانة ميني مي,عمان,عمان,خلدا,شارع الأمير زيد,,Mini Me Nursery,,,,KG-AM-2643,
حضانة الانطلاقة,عمان,عمان,الصويفية,شارع بخيت العيسى,65865080,Al Intilaqa Nursery,,,,KG-AM-2644,
حضانة كوكون,عمان,عمان,الرابية,شارع محمد الخماش,,Cocoon Nursery,,,,KG-AM-2645,
حضانة زهور المستقبل,عمان,عمان,الرونق,شارع الأسبح – فيلا 6,782668833,Future Flowers Nursery,,,,KG-AM-2646,
حضانة نهج المعرفة,عمان,عمان,الدوار الثامن,الدوار الثامن,,Nahj Al-Ma’rifa KG,,,,KG-AM-2647,
روضة بوك أند براش,عمان,عمان,الصويفية,شارع زهدي عصفور,,Book n Brush KG,,,,KG-AM-2648,
حضانة البدايات المشرقة,عمان,عمان,أم أذينة,شارع الدمام 48,795225253,Bright Beginnings Nursery,,,,KG-AM-2649,
حضانة وروضة وورلد كرياتيف,عمان,عمان,الرابية,شارع إبراهيم القطان 22,,Creative World Nursery & KG,,,,KG-AM-2650,
حضانة الأطفال السعداء (2),عمان,عمان,السهل,السهل,,Happy Kids Nursery (2),,,,KG-AM-2651,
حضانة السندريلا,عمان,عمان,جبل الحسين,شارع الملك عبد الله الثاني 2,64006176,Cinderella Nursery,,,,KG-AM-2652,
روضة ينابيع العلم,عمان,عمان,البيادر,مقسم العطار – شارع البيادر,,Yanabe’ Al-Ilm KG,,,,KG-AM-2653,
حضانة السوبر ناني,عمان,عمان,المرج,المرج,7995009794,Super Nanny Nursery,,,,KG-AM-2654,
حضانة ميلكي تيث,عمان,عمان,خلدا,خلدا,,Milky Teeth KG Nursery,,,,KG-AM-2655,
حضانة ستارفيش,عمان,عمان,الرابية,شارع أنوارين مسمار 4,,Starfish Nursery,,,,KG-AM-2656,
حضانة ليتل هاندز,عمان,عمان,خلدا,خلدا,,Little Hands Nursery,,,,KG-AM-2657,
حضانة وروضة ستيبينج ستون,عمان,عمان,أم السماق,شارع أرتيريا 50,,Stepping Stone Preschool & Nursery,,,,KG-AM-2658,
حضانة آدم كيدز,عمان,عمان,عبدون,عبدون,,Adam Kids Nursery,,,,KG-AM-2659,
حضانة رونق المودة,عمان,عمان,البيادر,شارع خضر قردن – مقابل النادي الأهلي,795964769,Ronaq Al-Mawaddah Nursery,,,,KG-AM-2660,
حضانة أمبريلا,عمان,عمان,اليوبيل,اليوبيل,,Umbrella Nursery,,,,KG-AM-2661,
حضانة وروضة المتفوقين أكاديمي,عمان,عمان,خلدا,شارع أيوب السختياني 14,,Al Mutafawqeen Academy KG & School,,,,KG-AM-2662,
حضانة منزلي الكبير,عمان,عمان,الشميساني,شارع الشريف ناصر بن جميل 78,,My Big House Nursery,,,,KG-AM-2663,
روضة أكاديمية الأطفال الرائعين,عمان,عمان,اليوبيل,شارع محمد العجلوني,,Wonderful Kids Academy KG,,,,KG-AM-2664,
حضانة وروضة كراميل,عمان,عمان,خلدا,شارع الأميرة زينب 63,,Caramel Nursery & KG,,,,KG-AM-2665,
حضانة بز بي,عمان,عمان,خلدا,خلدا,,BuzzBee Nursery,,,,KG-AM-2666,
روضة وابه,عمان,عمان,طبربور,شارع صدقي أبو شقرة,,Wabe KG,,,,KG-AM-2667,
حضانة سيفتي هاوس,عمان,عمان,خلدا,شارع المعارف – خلدا,,Safety House Nursery,,,,KG-AM-2668,
حضانة ليتل بي,عمان,عمان,اليوبيل,اليوبيل,,Little Bee Nursery,,,,KG-AM-2669,
روضة و حضانة هيل هاوس,عمان,عمان,الشميساني,شارع محمد علي بدير 37,,Hill House KG & Nursery,,,,KG-AM-2670,
حضانة الأكواخ الملونة,عمان,عمان,الشميساني,شارع الجاحظ – مقابل مجمع السعيد التجاري,795659165,Al-Akwakh Al-Mulawwanah Nursery,,,,KG-AM-2671,
حضانة سويت آند نوتي,عمان,عمان,الشميساني,الشميساني,,Sweet and Naughty Nursery,,,,KG-AM-2672,
حضانة كيدز فالي,عمان,عمان,الشميساني,شارع يوسف بن تاشفين 5,,Kids Valley Nursery,,,,KG-AM-2673,
حضانة ليتل جاردن,عمان,عمان,خلدا,خلدا,,Little Garden Pre & Nursery,,,,KG-AM-2674,
حضانة راقي الدولية,عمان,عمان,الرابية,شارع رفاعة بن أوس 46,,Raqi International Preschool,,,,KG-AM-2675,
حضانة السلام,عمان,عمان,الكرسي,الكرسي,,Al-Salam Nursery,,,,KG-AM-2676,
حضانة ستدي بلاي,عمان,عمان,خلدا,شارع الشيخ حسين الجسر 44,,Study Play KG,,,,KG-AM-2677,
حضانة فيرست ستيب,عمان,عمان,اليوبيل,اليوبيل,,First Step Nursery,,,,KG-AM-2678,
حضانة كينزي,عمان,عمان,طبربور,شارع فاضل أحمد خليفة 20,,Kenzi KG,,,,KG-AM-2679,
حضانة ليتل بروفيسورز أكاديمي,عمان,عمان,خلدا,شارع أبهى 11,,Little Professors Academy,,,,KG-AM-2680,
حضانة زين,عمان,عمان,اليوبيل,شارع الإخلاص 31,,Zain Nursery,,,,KG-AM-2681,
حضانة وروضة ليونز كينجدوم,عمان,عمان,دابوق,شارع يثرب 9,,Lions Kingdom Nursery & Pre-school,,,,KG-AM-2682,
روضة و حضانة المجد الوطنية,عمان,عمان,خلدا,شارع الفقهاء – مجمع 4,,Al Majd National Academy KG,,,,KG-AM-2683,
حضانة وايت لاينز,عمان,عمان,خلدا,شارع أم الدنانير – خلدا,,White Lines Nursery,,,,KG-AM-2684,
حضانة لارا,عمان,عمان,تلاع العلي,خلف سوبر ماركت الأهالي,65670424,Lara Nursery,,,,KG-AM-2685,
حضانة المشاكس الصغير,عمان,عمان,أم أذينة,أم أذينة الشرقي,795581762,Al-Mushakis Al-Saghir Nursery,,,,KG-AM-2686,
حضانة عطر الجوري,عمان,عمان,الياسمين,شارع محمد سالم الثوايب,,Atr Al-Jouri Nursery,,,,KG-AM-2687,
حضانة وروضة هابي فايسيز,عمان,عمان,اليوبيل,شارع ثويبة بن حرملة,,Happy Faces Nursery & Preschool,,,,KG-AM-2688,
حضانة آرت كير,عمان,عمان,خلدا,شارع عروة بن أذينة,,Art Care Nursery,,,,KG-AM-2689,
حضانة وروضة ستيب باي ستيب,عمان,عمان,الرابية,شارع وديع قسطندي 3,,Step By Step Preschool,,,,KG-AM-2690,
حضانة وروضة ليتل لاند,عمان,عمان,الشميساني,شارع الأشعري 15,,Little Land Nursery & Preschool,,,,KG-AM-2691,
حضانة دانا,عمان,عمان,خلدا,كنيسة كرم إمسيح – خلدا,,Dana Nursery,,,,KG-AM-2692,
حضانة بانان دي كير,عمان,عمان,اليوبيل,شارع موسى الساكت 76,,Banan Daycare,,,,KG-AM-2693,
حضانة طوق الياسمين,عمان,عمان,طبربور,مظهر علاونة – بجانب موسيقات القوات المسلحة,4897208,Tawq Al-Yasmin Nursery,,,,KG-AM-2694,
حضانة كولورز تري,عمان,عمان,خلدا,شارع عيسى أبو قدوم 6,,Colors Tree Nursery,,,,KG-AM-2695,
حضانة كرادل تو كرايون,عمان,عمان,اليوبيل,شارع أحمد عرابي,,Cradle to Crayon Nursery,,,,KG-AM-2696,
روضة أيوب,عمان,عمان,الشميساني,شارع أحمد أوكلة النصور,,Ayoub KG,,,,KG-AM-2697,
روضة و حضانة نحن الأطفال,عمان,عمان,جبل الحسين,شارع عز الدين القسام,,Nahnu Al-Atfal Nursery & KG,,,,KG-AM-2698,
حضانة وروضة صنلايت,عمان,عمان,الرابية,شارع نهاوند – الرابية,,Sunlight Nursery & Pre-School,,,,KG-AM-2699,
روضة و حضانة عالم الصغار,عمان,عمان,الشميساني,شارع أسيد بن ثعلبة,,Aalam Al-Sighar Nursery & KG,,,,KG-AM-2700,
حضانة كُن طفلًا,عمان,عمان,اليوبيل,شارع تعز,,Kun Tiflan Nursery,,,,KG-AM-2701,
حضانة تري توبس,عمان,عمان,الشميساني,شارع عبد الحميد كرامي,795057999,Tree Tops Nursery,,,,KG-AM-2702,
روضة هابي هارت,عمان,عمان,اليوبيل,مجمع النور – شارع محمد بن غطوس,,Happy Heart Kindergarten,,,,KG-AM-2703,
حضانة بامبل بي,عمان,عمان,الرابية,شارع تبريز,,Bumble Bee Preschool,,,,KG-AM-2704,
حضانة الما وايلا,عمان,عمان,ضاحية الرشيد,قبل سكن أميمة,798683815,Alma and Ayla Nursery,,,,KG-AM-2705,
حضانة ليديبرد,عمان,عمان,الشميساني,شارع يوسف بن تاشفين,,Ladybird Nursery,,,,KG-AM-2706,
حضانة داندون,عمان,عمان,خلدا,شارع عبد الله الأعزب,,Dandoon Nursery,,,,KG-AM-2707,
حضانة إيرلي بيرد (تلاع العلي),عمان,عمان,تلاع العلي,مجمع 44 – شارع عبد الحليم عباس,,Early Bird Nursery (Tala Al-Ali),,,,KG-AM-2708,
روضة الطفل السعيد,عمان,عمان,شرق عمان,ماركا الشمالية – حمزة,4895823,Al-Tifl Al-Saeed KG,,,,KG-AM-2709,
حضانة هيا سبراوتس,عمان,عمان,خلدا,شاكر بن زيد,,Haya Sprouts Preschool,,,,KG-AM-2710,
حضانة بيتي الصغير,عمان,عمان,شمال عمان,يوسف بن تاشفين 20 – الشميساني,65676210,My Little Home Nursery,,,,KG-AM-2711,
روضة كيدز واي,عمان,عمان,خلدا,شارع الأوزاعي – مجمع 11,,Kids Way Kindergarten,,,,KG-AM-2712,
حضانة جريت بيجينينجز,عمان,عمان,جبل الحسين,شارع إسماعيل بابوق,775367440,Great Beginnings Child Care,,,,KG-AM-2713,
حضانة ليتل ستيبس,عمان,عمان,خلدا,شارع الشيخ حسين الجسر,,Little Steps Nursery,,,,KG-AM-2714,
حضانة رايت ستارت,عمان,عمان,اليوبيل,اليوبيل,,Right Start Nursery,,,,KG-AM-2715,
روضة الأصدقاء المبدعين,عمان,عمان,خلدا,شارع عبد الله بن مسعود 20,,Creative Friends KG,,,,KG-AM-2716,
حضانة الجيل القادم,عمان,عمان,شمال عمان,المدينة الرياضية – شمس الدين الذهبي,65163070,Next Generation Nursery,,,,KG-AM-2717,
حضانة ليتل فلاورز,عمان,عمان,خلدا,خلدا,,Little Flowers Day Nursery,,,,KG-AM-2718,
حضانة كيدز ستيبس,عمان,عمان,الرابية,شارع تلمسان – مجمع 5,,Kids Steps Nursery,,,,KG-AM-2719,
حضانة شيري تري,عمان,عمان,جبل الحسين,شارع محمد جمجوم – مجمع 2,,Cherry Tree Nursery,,,,KG-AM-2720,
حضانة ثراء كيدز,عمان,عمان,شرق عمان,شرق عمان,,Thraa Kids Nursery,,,,KG-AM-2721,
حضانة الفقاعة المضحكة,عمان,عمان,أم السماق,شارع عطيوي المجالي – بناية 26,798379019,Funny Bubble Nursery,,,,KG-AM-2722,
حضانة طيور المحبة,عمان,عمان,جبل عمان,دوار ثاني – شارع المعتصم 55,4623095,Birds of Love Nursery,,,,KG-AM-2723,
حضانة ريتان,إربد,إربد,الحي الشرقي,خلف حلويات الكت والكات,789416515,Ritan Nursery,,,,KG-IR-0159,
حضانة الطفل الأمثل,الزرقاء,الزرقاء,البتراوي,حي البتراوي,790063659,Best Child Care Nursery,,,,KG-ZA-0068,
حضانة أطفال الرونق,عمان,عمان,الرونق,شارع محمد علي حسين الكردي – عمارة 30,775933580,Ronaq Kids Nursery,,,,KG-AM-2724,
حضانة البالون,عمان,عمان,الدوار السابع,بجانب فندق جنيفا,5815852,Balloon Nursery,,,,KG-AM-2725,
حضانة براعم الرمثا التعليمية والنموذجية,الرمثا,الرمثا,الرئيسي,الرئيسي,799593982,Baraem Al-Ramtha Educational & Model Nursery,,,,KG-HASH-E7F2DA07-22,
حضانة النبات السليم,عمان,عمان,طبربور,حي الشهيد الجنوبي,790479314,Healthy Plant Nursery,,,,KG-AM-2726,
حضانة أرض النجوم,عمان,عمان,ضاحية الرشيد,مقابل مدرسة تقارب,5555,Land of Stars Nursery,,,,KG-AM-2727,
حضانة صقور العزة,عمان,عمان,أبو نصير,شارع السعادة,796655818,Falcons of Pride Nursery,,,,KG-AM-2728,
حضانة أطفال التوت البري,عمان,عمان,اليوبيل,شارع عبدالله غوشة – بجانب مسجد أحد,797266304,Wild Berry Kids Nursery,,,,KG-AM-2729,
حضانة أنس وأمير,عمان,عمان,الجبيهة,حي الريان – شارع المريري,770065605,Anas & Amir Nursery,,,,KG-AM-2730,
حضانة ألوان الفرح للأطفال,عمان,عمان,شرق عمان,حي العبداللات – بجانب مدرسة الكندي,785652504,Colors of Joy Nursery,,,,KG-AM-2731,
حضانة أحمد وضحى,إربد,إربد,الصريح,الصريح,772258725,Ahmed & Dahaa Nursery,,,,KG-IR-0160,
حضانة البداية السعيدة النموذجية,عمان,عمان,اليوبيل,شارع المدينة المنورة,795395747,Happy Beginning Model Nursery,,,,KG-AM-2732,
حضانة أنا وأخي نمرح,مادبا,مادبا,اليرموك,شارع اليرموك,772211947,Me & My Brother Play Nursery,,,,KG-MD-0022,
حضانة جود وميرا,الزرقاء,الزرقاء,جبل المغير,قرب صيدلية شمع العسل,782209062,Jood & Mira Nursery,,,,KG-ZA-0069,
حضانة ضوء القمر,عمان,عمان,الصويفية,قرب قرية الصويفية – شارع زكي الصويتي,78988868,Moonlight Nursery,,,,KG-AM-2733,
حضانة بيت الحلوة للأطفال,عمان,عمان,الجاردنز,خلف مدارس الرأي – عمارة 20,799853333,Sweet Home Kids Nursery,,,,KG-AM-2734,
حضانة الطفل العربي,إربد,إربد,الحي الشرقي,قرب أسواق المؤسسة العسكرية,793050777,Arab Child Nursery,,,,KG-IR-0161,
حضانة حبايبنا,إربد,إربد,النعيمة,النعيمة,790959613,Our Darlings Nursery,,,,KG-IR-0162,
حضانة الخطوات التعليمية,عجلون,عجلون,عبين,خلف مطعم داريا – شارع إربد–عجلون,775570101,Educational Steps Nursery,,,,KG-AJ-0028,
حضانة فوفو ودودو,عمان,عمان,مرج الحمام,حي الأمير حمزة,777726263,Fufu & Dodo Model Nursery,,,,KG-AM-2735,
حضانة ورود المستقبل,عمان,عمان,الرونق,شارع الأصبه – بناية 6,782668833,Future Roses Nursery,,,,KG-AM-2736,
حضانة الانطباعات الأولى,إربد,إربد,الراهبات الوردية,غرب مسجد أبو دلو,780466032,First Impressions Nursery,,,,KG-IR-0163,
حضانة بابا سنفور,إربد,إربد,إربد,إربد,787054530,Papa Smurf Nursery,,,,KG-IR-0164,
حضانة جمعية الشابات المسيحية الخيرية-الفحيص,البلقاء,السلط,الفحيص,خلف بيت الفحيص – شارع صبيان الحصان,799946050,YWCA Al-Fuheis Nursery,,,,KG-BA-0091,
حضانة رياحين الجنة,عمان,عمان,شرق عمان,الهاشمي الشمالي – شارع الحارث العبدي,797401206,Breezes of Paradise Nursery,,,,KG-AM-2737,
حضانة خمسة وستون 65,البلقاء,السلط,المدينة الرياضية,قرب مدارس السلط الأهلية,777774819,65 Nursery,,,,KG-BA-0092,
حضانة جنة الورد,عجلون,عجلون,عين جنا,مبنى البلدية – وسط البلد,777006207,Rose Paradise Nursery,,,,KG-AJ-0029,
حضانة الكلمات الأولى,عمان,عمان,الصويفية,شارع سعيد المفتي – عمارة 16,796246213,First Words Nursery,,,,KG-AM-2738,
حضانة زين ونانا,البلقاء,السلط,أم عليه,الشارع الرئيسي,785226638,Zain & Nana Nursery,,,,KG-BA-0093,
حضانة أفضل مكان لطفلك,إربد,إربد,إربد,,790303443,Best Place for Your Child Nursery,,,,KG-IR-0165,
حضانة زهور الليلك,عمان,عمان,اليوبيل,مقابل مركز صحي أم السوس,795049140,Lilac Flowers Nursery,,,,KG-AM-2739,
المستوى الرفيع المتميز للتعليم,عمان,عمان,الشميساني,شارع ابن الفارض 11,799714198,High Level Distinguished Education,,,,KG-AM-2740,
حضانة المملكة الصغيرة,عمان,عمان,ضاحية الياسمين,شارع حفصة بنت عمرو 35,792024263,Small Kingdom Nursery,,,,KG-AM-2741,
حضانة أحلام المستقبل النموذجية,مادبا,مادبا,الخطابية,الخطابية,779681212,Dreams of the Future Model Nursery,,,,KG-MD-0023,
حضانة عبق الربيع,عمان,عمان,شرق عمان,طبربور – شارع قمر اليافي مقابل حلويات نفيسة,797808114,Spring Fragrance Nursery,,,,KG-AM-2742,
حضانة الانامل الذهبية,عمان,عمان,شرق عمان,ماركا الشمالية – شارع فاطمة الزهراء – مسجد فاطمة الزهراء,799381207,Golden Fingers Nursery,,,,KG-AM-2743,
حضانة حكايتي الصغيرة,عمان,عمان,الجبيهة,مقابل الجمعية العلمية الملكية – ط الأرضي,5340409,My Little Story Nursery,,,,KG-AM-2744,
حضانة براعم السكر,العقبة,العقبة,السكنية الثالثة,شارع العباسيين – بجانب مسجد سعد بن أبي وقاص,792030177,Sugar Buds Nursery,,,,KG-AQ-0023,
حضانة درجات صغيرة,عمان,عمان,اليوبيل,دوار البرديني – قرب مدارس الإشراق,785905701,Small Steps Nursery,,,,KG-AM-2745,
حضانة أشكال النموذجية,إربد,إربد,خلف مستشفى إربد التخصصي,0772155227,,Shapes Model Nursery,,,,KG-IR-0166,
حضانة لطفولة أرقى,الزرقاء,الزرقاء,مدينة الشرق,قرب دوار الطيارة,772000294,Finer Childhood Nursery,,,,KG-ZA-0070,
حضانة سلمى وزين,البلقاء,السلط,البقيع,البقيع,790910177,Salma & Zain Nursery,,,,KG-BA-0094,
حضانة هلا وغلا,عمان,عمان,شرق عمان,طبربور – قرب إسكان الجيش – حديقة العهد والوفا – يوسف بني ياسين 9,5056076,Hala & Ghala Nursery,,,,KG-AM-2746,
حضانة من الألف إلى الياء,عمان,عمان,جنوب عمان,مرج الحمام – إسكان عالية – فيلا 30,,From A to Z Nursery,,,,KG-AM-2747,
حضانة الطفل السعيد,عمان,عمان,شرق عمان,ماركا الشمالية – حمزة – قرب مدرسة الشريف حسين,4895823,Happy Child Nursery,,,,KG-AM-2748,
حضانة بدايات عظيمة,عمان,عمان,جبل الحسين,شارع إسماعيل بابوق 5,775367440,Great Beginnings Nursery,,,,KG-AM-2749,
حضانة ديمة النموذجية,البلقاء,السلط,شفا العامرية,شفا العامرية,772118163,Dima Model Nursery,,,,KG-BA-0095,
حضانة ضحكات الطفولة,عمان,عمان,الشميساني,بناية 39 – شارع معروف الرصافي,791520563,Childhood Laughter Nursery,,,,KG-AM-2750,
حضانة الأطفال السعداء,عمان,عمان,اليوبيل,مرج الحمام – شارع نالتشك – قرب مطعم دنيا المشاوي,797083374,Happy Children Nursery,,,,KG-AM-2751,
حضانة جوان النموذجية,الزرقاء,الزرقاء,الهاشمية,الحي الشرقي,788067807,Jawan Model Nursery,,,,KG-ZA-0071,
حضانة نور الجبيهة,عمان,عمان,الجبيهة,شارع مفلح اللوزي – بناية 32 – مقابل مفروشات شهوان,797670971,Nour Al-Jubeiha Nursery,,,,KG-AM-2752,
حضانة وروضة رونق المودة,عمان,عمان,البيادر,شارع خضر قردن – مقابل النادي الأهلي,795964769,Ronaq Al-Mawaddah Nursery & KG,,,,KG-AM-2753,
حضانة بريق النمارق,البلقاء,السلط,البقعان,بجانب مدرسة فاطمة الزهراء,797094191,Briq Al-Namarq Nursery,,,,KG-BA-0096,
حضانة الأرض السعيدة,عمان,عمان,جنوب عمان,المقابلين – حي الصحابة – شارع عبد الكريم الخطاب,790921251,Happy Land Nursery,,,,KG-AM-2754,
حضانة الحمامي,عمان,عمان,الجبيهة,شارع الريان – أم زويتينة,5555,Al-Hammami Nursery,,,,KG-AM-2755,
أكاديمية مدرسة وروضة جنى دان,الزرقاء,الزرقاء,بيرين,خلف النبعة,788616293,Jana Dan Academy & KG,,,,KG-ZA-0072,
حضانة شذى الورد,عمان,عمان,شرق عمان,طبربور – شارع عجاج الهبارنة – قرب مسجد عباد الرحمن,791077254,Shatha Al-Ward Nursery,,,,KG-AM-2756,
حضانة بذور الغد,عمان,عمان,شرق عمان,إسكان الجيش – شارع عبدالقادر الزغول – باتجاه أبو عليا,789995605,Seeds of Tomorrow Nursery,,,,KG-AM-2757,
حضانة ناريمان النموذجية,الرمثا,الرمثا,الرمثا,مقابل مدرسة جمانة,786306644,Nariman Model Nursery,,,,KG-HASH-A5004523-30,
حضانة كوكب المرح الطفولي,العقبة,العقبة,الثامنة,قرب مسجد الكالوتي,9872021168,Fun Planet Childhood Nursery,,,,KG-AQ-0024,
حضانة ورود الربيع,البلقاء,السلط,ماحص,شارع المدارس,772663512,Spring Roses Nursery,,,,KG-BA-0097,
حضانة حسام وسبأ الحديثة,إربد,إربد,الحصن,الحي الشرقي – شارع الكلية,791854881,Husam & Saba Modern Nursery,,,,KG-IR-0167,
حضانة تكوين,عمان,عمان,شمال عمان,طلوع الجاذبية – قرب سوبرماركت ياهلا,792127898,Takween Nursery,,,,KG-AM-2758,
حضانة الفطاحلة النموذجية,إربد,إربد,الحي الجنوبي,جنوب غرب دوار صحارى – 300 متر,777148052,Al-Fatahilah Model Nursery,,,,KG-IR-0168,
حضانة بيت السكاكر,إربد,إربد,الراهبات الوردية,خلف مستشفى الراهبات الوردية – بجانب السور,777747716,Candy House Nursery,,,,KG-IR-0169,
حضانة القلب السعيد,عمان,عمان,شرق عمان,ضاحية الأمير حسن – قرب مطعم الهنيني,777772615,Happy Heart Nursery,,,,KG-AM-2759,
حضانة كوخ الدب,الزرقاء,الزرقاء,الجبل الشمالي,شارع الملك عبد الله الثاني,782929569,Bear Cabin Nursery,,,,KG-ZA-0073,
حضانة الفقاعة المضحكة,عمان,عمان,أم السماق,شارع عطيوي المجالي – بناية 26,798379019,Funny Bubble Nursery,,,,KG-AM-2760,
حضانة طيور المحبة,عمان,عمان,جبل عمان,دوار ثاني – شارع المعتصم 55 – بجانب عمارة قناة الجزيرة,4623095,Birds of Love Nursery,,,,KG-AM-2761,
حضانة ريتان,إربد,إربد,الحي الشرقي,خلف حلويات الكت والكات,789416515,Ritan Nursery,,,,KG-IR-0170,
حضانة الطفل الأمثل,الزرقاء,الزرقاء,البتراوي,حي البتراوي,790063659,Best Child Nursery,,,,KG-ZA-0074,
حضانة الانامل الذهبية,عمان,عمان,شرق عمان,ماركا الشمالية – شارع فاطمة الزهراء – مسجد فاطمة الزهراء,799381207,Golden Fingers Nursery,,,,KG-AM-2762,
حضانة حكايتي الصغيرة,عمان,عمان,الجبيهة,مقابل الجمعية العلمية الملكية – ط الأرضي,5340409,My Little Story Nursery,,,,KG-AM-2763,
حضانة براعم السكر,العقبة,العقبة,السكنية الثالثة,شارع العباسيين – بجانب مسجد سعد بن أبي وقاص,792030177,Sugar Buds Nursery,,,,KG-AQ-0025,
حضانة درجات صغيرة,عمان,عمان,اليوبيل,دوار البرديني – قرب مدارس الإشراق,785905701,Small Steps Nursery,,,,KG-AM-2764,
حضانة أشكال النموذجية,إربد,إربد,خلف مستشفى إربد التخصصي,0772155227,,Shapes Model Nursery,,,,KG-IR-0171,
حضانة لطفولة أرقى,الزرقاء,الزرقاء,مدينة الشرق,قرب دوار الطيارة,772000294,Finer Childhood Nursery,,,,KG-ZA-0075,
حضانة سلمى وزين,البلقاء,السلط,البقيع,البقيع,790910177,Salma & Zain Nursery,,,,KG-BA-0098,
حضانة هلا وغلا,عمان,عمان,شرق عمان,طبربور – قرب إسكان الجيش – حديقة العهد والوفا – يوسف بني ياسين 9,5056076,Hala & Ghala Nursery,,,,KG-AM-2765,
حضانة من الألف إلى الياء,عمان,عمان,جنوب عمان,مرج الحمام – إسكان عالية – فيلا 30,,From A to Z Nursery,,,,KG-AM-2766,
حضانة الطفل السعيد,عمان,عمان,شرق عمان,ماركا الشمالية – حمزة – قرب مدرسة الشريف حسين,4895823,Happy Child Nursery,,,,KG-AM-2767,
حضانة بدايات عظيمة,عمان,عمان,جبل الحسين,شارع إسماعيل بابوق 5,775367440,Great Beginnings Nursery,,,,KG-AM-2768,
حضانة ديمة النموذجية,البلقاء,السلط,شفا العامرية,شفا العامرية,772118163,Dima Model Nursery,,,,KG-BA-0099,
حضانة ضحكات الطفولة,عمان,عمان,الشميساني,بناية 39 – شارع معروف الرصافي,791520563,Childhood Laughter Nursery,,,,KG-AM-2769,
حضانة الأطفال السعداء,عمان,عمان,اليوبيل,مرج الحمام – شارع نالتشك – قرب مطعم دنيا المشاوي,797083374,Happy Children Nursery,,,,KG-AM-2770,
حضانة جوان النموذجية,الزرقاء,الزرقاء,الهاشمية,الحي الشرقي,788067807,Jawan Model Nursery,,,,KG-ZA-0076,
حضانة نور الجبيهة,عمان,عمان,الجبيهة,شارع مفلح اللوزي – بناية 32 – مقابل مفروشات شهوان,797670971,Nour Al-Jubeiha Nursery,,,,KG-AM-2771,
حضانة وروضة رونق المودة,عمان,عمان,البيادر,شارع خضر قردن – مقابل النادي الأهلي,795964769,Ronaq Al-Mawaddah Nursery & KG,,,,KG-AM-2772,
حضانة بريق النمارق,البلقاء,السلط,البقعان,بجانب مدرسة فاطمة الزهراء,797094191,Briq Al-Namarq Nursery,,,,KG-BA-0100,
حضانة الأرض السعيدة,عمان,عمان,جنوب عمان,المقابلين – حي الصحابة – شارع عبد الكريم الخطاب,790921251,Happy Land Nursery,,,,KG-AM-2773,
حضانة الحمامي,عمان,عمان,الجبيهة,شارع الريان – أم زويتينة,5555,Al-Hammami Nursery,,,,KG-AM-2774,
أكاديمية مدرسة وروضة جنى دان,الزرقاء,الزرقاء,بيرين,خلف النبعة,788616293,Jana Dan Academy & KG,,,,KG-ZA-0077,
حضانة شذى الورد,عمان,عمان,شرق عمان,طبربور – شارع عجاج الهبارنة – قرب مسجد عباد الرحمن,791077254,Shatha Al-Ward Nursery,,,,KG-AM-2775,
حضانة بذور الغد,عمان,عمان,شرق عمان,إسكان الجيش – شارع عبدالقادر الزغول – باتجاه أبو عليا,789995605,Seeds of Tomorrow Nursery,,,,KG-AM-2776,
حضانة ناريمان النموذجية,الرمثا,الرمثا,الرمثا,مقابل مدرسة جمانة,786306644,Nariman Model Nursery,,,,KG-HASH-A5004523-31,
حضانة كوكب المرح الطفولي,العقبة,العقبة,الثامنة,قرب مسجد الكالوتي,9872021168,Fun Planet Childhood Nursery,,,,KG-AQ-0026,
حضانة ورود الربيع,البلقاء,السلط,ماحص,شارع المدارس,772663512,Spring Roses Nursery,,,,KG-BA-0101,
حضانة حسام وسبأ الحديثة,إربد,إربد,الحصن,الحي الشرقي – شارع الكلية,791854881,Husam & Saba Modern Nursery,,,,KG-IR-0172,
حضانة تكوين,عمان,عمان,شمال عمان,طلوع الجاذبية – قرب سوبرماركت ياهلا,792127898,Takween Nursery,,,,KG-AM-2777,
حضانة الفطاحلة النموذجية,إربد,إربد,الحي الجنوبي,جنوب غرب دوار صحارى – 300 متر,777148052,Al-Fatahilah Model Nursery,,,,KG-IR-0173,
حضانة بيت السكاكر,إربد,إربد,الراهبات الوردية,خلف مستشفى الراهبات الوردية – بجانب السور,777747716,Candy House Nursery,,,,KG-IR-0174,
حضانة القلب السعيد,عمان,عمان,شرق عمان,ضاحية الأمير حسن – قرب مطعم الهنيني,777772615,Happy Heart Nursery,,,,KG-AM-2778,
حضانة كوخ الدب,الزرقاء,الزرقاء,الجبل الشمالي,شارع الملك عبد الله الثاني,782929569,Bear Cabin Nursery,,,,KG-ZA-0078,
حضانة الفقاعة المضحكة,عمان,عمان,أم السماق,شارع عطيوي المجالي – بناية 26,798379019,Funny Bubble Nursery,,,,KG-AM-2779,
حضانة طيور المحبة,عمان,عمان,جبل عمان,دوار ثاني – شارع المعتصم 55 – بجانب عمارة قناة الجزيرة,4623095,Birds of Love Nursery,,,,KG-AM-2780,
حضانة ريتان,إربد,إربد,الحي الشرقي,خلف حلويات الكت والكات,789416515,Ritan Nursery,,,,KG-IR-0175,
حضانة الطفل الأمثل,الزرقاء,الزرقاء,البتراوي,حي البتراوي,790063659,Best Child Nursery,,,,KG-ZA-0079,
حضانة اليوم السعيد,عمان,عمان,بسمان/جبل النزهة,شارع الكويتية – بناية 15,790225163,Al-Yawm Al-Saeed Nursery,,,,KG-AM-2781,
حضانة فرح النموذجية,عمان,عمان,جبل الحسين,دوار الداخلية – نزول سرفيس العبدلي,5695093,Farah Model Nursery,,,,KG-AM-2782,
روضة وحضانة نداء الطفولة,عمان,عمان,شمال عمان,شارع البلدية بعد البنك الإسلامي مقابل ملحمة الخليل,,Nadaa Al-Tufulah Nursery & KG,,,,KG-AM-2783,
حضانة سيسو النموذجية,عمان,عمان,خلدا,قرب دوار السكر – مقابل سامح مول,5522949,Siso Model Nursery,,,,KG-AM-2784,
روضة ومدارس أكاديمية ريتال الدولية,عمان,عمان,ياجوز,تقاطع جسر ياجوز – شارع الأردن,5336363,Rital International Academy,,,,KG-AM-2785,
حضانة قوس قزح النموذجية,عمان,عمان,الشميساني,الشميساني,5605300,Rainbow Model Nursery,,,,KG-AM-2786,
شركة إبداع الطفولة,عمان,عمان,شمال عمان,شارع شريفة زين – خلف روان كيك,790932622,Ebdaa Al-Tufulah,,,,KG-AM-2787,
حضانة الصياد الصغير,عمان,عمان,جنوب عمان,مرج الحمام – شارع محمد بن طلال,797710897,Little Hunter Nursery,,,,KG-AM-2788,
الشجرة المباركة للتعليم والاستثمار,عمان,عمان,شمال عمان,إشارة جبري – خلف بهجت سنتر,55555,Blessed Tree Education,,,,KG-AM-2789,
حضانة نطاق الألوان المرحة,عمان,عمان,شرق عمان,شفا بدران – بجانب أكاديمية ريماس,5231617,Color Range Fun Nursery,,,,KG-AM-2790,
حضانة زهور صغيرة,عمان,عمان,الشميساني,شارع الفيحاء,792872827,Little Flowers Nursery,,,,KG-AM-2791,
حضانة المشاكس الصغير,عمان,عمان,أم أذينة,شارع الكوفة – بناية 71,790395471,Little Mischief Nursery,,,,KG-AM-2792,
حضانة عبق عجلون النموذجية,عجلون,عجلون,عبين,شارع إربد – مقابل صالة النورس,778952295,Abq Ajloun Model Nursery,,,,KG-AJ-0030,
مؤسسة المنهل التربوية,عمان,عمان,الجامعة الأردنية,إسكان الجامعة الأردنية,65153751,Al-Manhal Educational Institution,,,,KG-AM-2793,
حضانة النحلة الصغيرة,عمان,عمان,الجاردنز,دخلة مطعم السروات,,Little Bee Nursery,,,,KG-AM-2794,
حضانة مملكة السكر,عمان,عمان,شرق عمان,طبربور – شارع أسعد بن زرارة,797064545,Sugar Kingdom Nursery,,,,KG-AM-2795,
حضانة طوق الياسمين,عمان,عمان,شرق عمان,طبربور – مظهر علاونة – بجانب موسيقات القوات,4897208,Tawq Al-Yasmin Nursery,,,,KG-AM-2796,
حضانة قمم الأشجار,عمان,عمان,الشميساني,عبد الحميد كرامي – بناية 8,795057999,Tree Tops Nursery,,,,KG-AM-2797,
حضانة الخيوط اللامعة,عمان,عمان,أبو السوس,إسكان الأمانة – حي الصنوبر,795241103,Shining Threads Nursery,,,,KG-AM-2798,
حضانة الما وأيلا,عمان,عمان,شمال عمان,ضاحية الرشيد – قبل سكن أميمة,792107921,Alma & Ayla Nursery,,,,KG-AM-2799,
حضانة ماما رولا,عمان,عمان,شرق عمان,شفا بدران – حي ذهيبة – خلف الكلحة – بناية 3,798076488,Mama Rola Nursery,,,,KG-AM-2800,
حضانة حبات التوت,عمان,عمان,مرج الحمام,شارع مويى النهار,,Raspberry Seeds Nursery,,,,KG-AM-2801,
حضانة أطفال تمارا,عمان,عمان,شمال عمان,خلف مطعم طواحين,775136924,Tamara Kids Nursery,,,,KG-AM-2802,
حضانة أزهار بيسان,عمان,عمان,شرق عمان,الهاشمي الشمالي – حي نايفة – مقابل وزارة الصحة,65057240,Bisan Flowers Nursery,,,,KG-AM-2803,
حضانة دانة الدولية,عمان,عمان,شمال عمان,تلاع العلي – خلف الهوليدي إن,797097685,Dana International Nursery,,,,KG-AM-2804,
حضانة سالي وسلمى,عمان,عمان,شمال عمان,الجبيهة – مقابل الأحدث سابقاً,5238494,Sally & Salma Nursery,,,,KG-AM-2805,
حضانة وسيم النموذجية,عمان,عمان,جنوب عمان,الأشرفية – حي أم تينة,798457004,Waseem Model Nursery,,,,KG-AM-2806,
حضانة النحلة جولي,عمان,عمان,شرق عمان,طبربور – بجانب جامعة العلوم الإسلامية,796897303,Jolly Bee Nursery,,,,KG-AM-2807,
حضانة الأكواخ الملونة,عمان,عمان,الشميساني,شارع الجاحظ – مقابل مجمع السعيد,795659165,Colored Cabins Nursery,,,,KG-AM-2808,
حضانة النجوم المتلألئة,عمان,عمان,اليوبيل,مرج الحمام – شارع نايف بن عاصم,799629292,Twinkling Stars Nursery,,,,KG-AM-2809,
حضانة جنتي للأطفال,عمان,عمان,شمال عمان,خلدا – شارع المعارف – قرب مدرسة المعارف,797387766,My Paradise Nursery,,,,KG-AM-2810,
حضانة ميرا والمى,عمان,عمان,الياسمين,"WV9V+9XX, حي الياسمين, عمّان",0795489505,Meera & Alma Nursery,,,,KG-AM-2811,
حضانة عصافير الكرك,الكرك,الكرك,الكرك,الثنية – الشارع الرئيسي,1111111111,Karak Sparrows Nursery,,,,KG-KA-0018,
حضانة القطط الصغيرة,عمان,عمان,شمال عمان,تلاع العلي – بجانب البشيتي – بناية 3,795740854,Little Kittens Nursery,,,,KG-AM-2812,
حضانة الطفل الحسن,عمان,عمان,اليوبيل,بيادر وادي السير – الجندويل,799645430,Good Child Nursery,,,,KG-AM-2813,
روضة وحضانة أنا الصغير,عمان,عمان,شمال عمان,خرجا – دخلة مدارس الدر المنثور,5538008,Ana Al-Saghir Nursery & KG,,,,KG-AM-2814,
حضانة القلب الكبير,إربد,إربد,إربد,قرب مضافة أبو سالم,7247155,Big Heart Nursery,,,,KG-IR-0176,
حضانة قرية التوت العالمية,عمان,عمان,عمان المركز,دوار الكيلو – خلف البرجر كنج – عمارة 46,798288080,Global Berry Village Nursery,,,,KG-AM-2815,
حضانة الجيل القادم,عمان,عمان,شمال عمان,المدينة الرياضية – شمس الدين الذهبي,,Next Generation Nursery,,,,KG-AM-2816,
حضانة الانامل الذهبية,عمان,عمان,شرق عمان,ماركا الشمالية – شارع فاطمة الزهراء – مسجد فاطمة الزهراء,799381207,Golden Fingers Nursery,,,,KG-AM-2817,
حضانة حكايتي الصغيرة,عمان,عمان,الجبيهة,مقابل الجمعية العلمية الملكية – ط الأرضي,5340409,My Little Story Nursery,,,,KG-AM-2818,
حضانة براعم السكر,العقبة,العقبة,السكنية الثالثة,شارع العباسيين – بجانب مسجد سعد بن أبي وقاص,792030177,Sugar Buds Nursery,,,,KG-AQ-0027,
حضانة درجات صغيرة,عمان,عمان,اليوبيل,دوار البرديني – قرب مدارس الإشراق,785905701,Small Steps Nursery,,,,KG-AM-2819,
حضانة أشكال النموذجية,إربد,إربد,خلف مستشفى إربد التخصصي,0772155227,,Shapes Model Nursery,,,,KG-IR-0177,
حضانة لطفولة أرقى,الزرقاء,الزرقاء,مدينة الشرق,قرب دوار الطيارة,772000294,Finer Childhood Nursery,,,,KG-ZA-0080,
حضانة سلمى وزين,البلقاء,السلط,البقيع,البقيع,790910177,Salma & Zain Nursery,,,,KG-BA-0102,
حضانة هلا وغلا,عمان,عمان,شرق عمان,طبربور – قرب إسكان الجيش – حديقة العهد والوفا – يوسف بني ياسين 9,5056076,Hala & Ghala Nursery,,,,KG-AM-2820,
حضانة من الألف إلى الياء,عمان,عمان,جنوب عمان,مرج الحمام – إسكان عالية – فيلا 30,,From A to Z Nursery,,,,KG-AM-2821,
حضانة الطفل السعيد,عمان,عمان,شرق عمان,ماركا الشمالية – حمزة – قرب مدرسة الشريف حسين,4895823,Happy Child Nursery,,,,KG-AM-2822,
حضانة بدايات عظيمة,عمان,عمان,جبل الحسين,شارع إسماعيل بابوق 5,775367440,Great Beginnings Nursery,,,,KG-AM-2823,
حضانة ديمة النموذجية,البلقاء,السلط,شفا العامرية,شفا العامرية,772118163,Dima Model Nursery,,,,KG-BA-0103,
حضانة ضحكات الطفولة,عمان,عمان,الشميساني,بناية 39 – شارع معروف الرصافي,791520563,Childhood Laughter Nursery,,,,KG-AM-2824,
حضانة الأطفال السعداء,عمان,عمان,اليوبيل,مرج الحمام – شارع نالتشك – قرب مطعم دنيا المشاوي,797083374,Happy Children Nursery,,,,KG-AM-2825,
حضانة جوان النموذجية,الزرقاء,الزرقاء,الهاشمية,الحي الشرقي,788067807,Jawan Model Nursery,,,,KG-ZA-0081,
حضانة نور الجبيهة,عمان,عمان,الجبيهة,شارع مفلح اللوزي – بناية 32 – مقابل مفروشات شهوان,797670971,Nour Al-Jubeiha Nursery,,,,KG-AM-2826,
حضانة وروضة رونق المودة,عمان,عمان,البيادر,شارع خضر قردن – مقابل النادي الأهلي,795964769,Ronaq Al-Mawaddah Nursery & KG,,,,KG-AM-2827,
حضانة بريق النمارق,البلقاء,السلط,البقعان,بجانب مدرسة فاطمة الزهراء,797094191,Briq Al-Namarq Nursery,,,,KG-BA-0104,
حضانة الأرض السعيدة,عمان,عمان,جنوب عمان,المقابلين – حي الصحابة – شارع عبد الكريم الخطاب,790921251,Happy Land Nursery,,,,KG-AM-2828,
حضانة الحمامي,عمان,عمان,الجبيهة,شارع الريان – أم زويتينة,5555,Al-Hammami Nursery,,,,KG-AM-2829,
أكاديمية مدرسة وروضة جنى دان,الزرقاء,الزرقاء,بيرين,خلف النبعة,788616293,Jana Dan Academy & KG,,,,KG-ZA-0082,
حضانة شذى الورد,عمان,عمان,شرق عمان,طبربور – شارع عجاج الهبارنة – قرب مسجد عباد الرحمن,791077254,Shatha Al-Ward Nursery,,,,KG-AM-2830,
حضانة بذور الغد,عمان,عمان,شرق عمان,إسكان الجيش – شارع عبدالقادر الزغول – باتجاه أبو عليا,789995605,Seeds of Tomorrow Nursery,,,,KG-AM-2831,
حضانة ناريمان النموذجية,الرمثا,الرمثا,الرمثا,مقابل مدرسة جمانة,786306644,Nariman Model Nursery,,,,KG-HASH-A5004523-32,
حضانة كوكب المرح الطفولي,العقبة,العقبة,الثامنة,قرب مسجد الكالوتي,9872021168,Fun Planet Childhood Nursery,,,,KG-AQ-0028,
حضانة ورود الربيع,البلقاء,السلط,ماحص,شارع المدارس,772663512,Spring Roses Nursery,,,,KG-BA-0105,
حضانة حسام وسبأ الحديثة,إربد,إربد,الحصن,الحي الشرقي – شارع الكلية,791854881,Husam & Saba Modern Nursery,,,,KG-IR-0178,
حضانة تكوين,عمان,عمان,شمال عمان,طلوع الجاذبية – قرب سوبرماركت ياهلا,792127898,Takween Nursery,,,,KG-AM-2832,
حضانة الفطاحلة النموذجية,إربد,إربد,الحي الجنوبي,جنوب غرب دوار صحارى – 300 متر,777148052,Al-Fatahilah Model Nursery,,,,KG-IR-0179,
حضانة بيت السكاكر,إربد,إربد,الراهبات الوردية,خلف مستشفى الراهبات الوردية – بجانب السور,777747716,Candy House Nursery,,,,KG-IR-0180,
حضانة القلب السعيد,عمان,عمان,شرق عمان,ضاحية الأمير حسن – قرب مطعم الهنيني,777772615,Happy Heart Nursery,,,,KG-AM-2833,
حضانة كوخ الدب,الزرقاء,الزرقاء,الجبل الشمالي,شارع الملك عبد الله الثاني,782929569,Bear Cabin Nursery,,,,KG-ZA-0083,
حضانة الفقاعة المضحكة,عمان,عمان,أم السماق,شارع عطيوي المجالي – بناية 26,798379019,Funny Bubble Nursery,,,,KG-AM-2834,
حضانة طيور المحبة,عمان,عمان,جبل عمان,دوار ثاني – شارع المعتصم 55 – بجانب عمارة قناة الجزيرة,4623095,Birds of Love Nursery,,,,KG-AM-2835,
حضانة ريتان,إربد,إربد,الحي الشرقي,خلف حلويات الكت والكات,789416515,Ritan Nursery,,,,KG-IR-0181,
حضانة الطفل الأمثل,الزرقاء,الزرقاء,البتراوي,حي البتراوي,790063659,Best Child Nursery,,,,KG-ZA-0084,
حضانة اليوم السعيد,عمان,عمان,بسمان/جبل النزهة,شارع الكويتية – بناية 15,790225163,Al-Yawm Al-Saeed Nursery,,,,KG-AM-2836,
حضانة فرح النموذجية,عمان,عمان,جبل الحسين,دوار الداخلية – نزول سرفيس العبدلي,5695093,Farah Model Nursery,,,,KG-AM-2837,
روضة وحضانة نداء الطفولة,عمان,عمان,شمال عمان,شارع البلدية بعد البنك الإسلامي مقابل ملحمة الخليل,,Nadaa Al-Tufulah Nursery & KG,,,,KG-AM-2838,
حضانة سيسو النموذجية,عمان,عمان,خلدا,قرب دوار السكر – مقابل سامح مول,5522949,Siso Model Nursery,,,,KG-AM-2839,
روضة ومدارس أكاديمية ريتال الدولية,عمان,عمان,ياجوز,تقاطع جسر ياجوز – شارع الأردن,5336363,Rital International Academy,,,,KG-AM-2840,
حضانة قوس قزح النموذجية,عمان,عمان,الشميساني,الشميساني,5605300,Rainbow Model Nursery,,,,KG-AM-2841,
شركة إبداع الطفولة,عمان,عمان,شمال عمان,شارع شريفة زين – خلف روان كيك,790932622,Ebdaa Al-Tufulah,,,,KG-AM-2842,
حضانة الصياد الصغير,عمان,عمان,جنوب عمان,مرج الحمام – شارع محمد بن طلال,797710897,Little Hunter Nursery,,,,KG-AM-2843,
الشجرة المباركة للتعليم والاستثمار,عمان,عمان,شمال عمان,إشارة جبري – خلف بهجت سنتر,55555,Blessed Tree Education,,,,KG-AM-2844,
حضانة نطاق الألوان المرحة,عمان,عمان,شرق عمان,شفا بدران – بجانب أكاديمية ريماس,5231617,Color Range Fun Nursery,,,,KG-AM-2845,
حضانة زهور صغيرة,عمان,عمان,الشميساني,شارع الفيحاء,792872827,Little Flowers Nursery,,,,KG-AM-2846,
حضانة المشاكس الصغير,عمان,عمان,أم أذينة,شارع الكوفة – بناية 71,790395471,Little Mischief Nursery,,,,KG-AM-2847,
حضانة عبق عجلون النموذجية,عجلون,عجلون,عبين,شارع إربد – مقابل صالة النورس,778952295,Abq Ajloun Model Nursery,,,,KG-AJ-0031,
مؤسسة المنهل التربوية,عمان,عمان,الجامعة الأردنية,إسكان الجامعة الأردنية,65153751,Al-Manhal Educational Institution,,,,KG-AM-2848,
حضانة النحلة الصغيرة,عمان,عمان,الجاردنز,دخلة مطعم السروات,,Little Bee Nursery,,,,KG-AM-2849,
حضانة مملكة السكر,عمان,عمان,شرق عمان,طبربور – شارع أسعد بن زرارة,797064545,Sugar Kingdom Nursery,,,,KG-AM-2850,
حضانة طوق الياسمين,عمان,عمان,شرق عمان,طبربور – مظهر علاونة – بجانب موسيقات القوات,4897208,Tawq Al-Yasmin Nursery,,,,KG-AM-2851,
حضانة قمم الأشجار,عمان,عمان,الشميساني,عبد الحميد كرامي – بناية 8,795057999,Tree Tops Nursery,,,,KG-AM-2852,
حضانة الخيوط اللامعة,عمان,عمان,أبو السوس,إسكان الأمانة – حي الصنوبر,795241103,Shining Threads Nursery,,,,KG-AM-2853,
حضانة الما وأيلا,عمان,عمان,شمال عمان,ضاحية الرشيد – قبل سكن أميمة,792107921,Alma & Ayla Nursery,,,,KG-AM-2854,
حضانة ماما رولا,عمان,عمان,شرق عمان,شفا بدران – حي ذهيبة – خلف الكلحة – بناية 3,798076488,Mama Rola Nursery,,,,KG-AM-2855,
حضانة حبات التوت,عمان,عمان,مرج الحمام,شارع مويى النهار,,Raspberry Seeds Nursery,,,,KG-AM-2856,
حضانة أطفال تمارا,عمان,عمان,شمال عمان,خلف مطعم طواحين,775136924,Tamara Kids Nursery,,,,KG-AM-2857,
حضانة أزهار بيسان,عمان,عمان,شرق عمان,الهاشمي الشمالي – حي نايفة – مقابل وزارة الصحة,65057240,Bisan Flowers Nursery,,,,KG-AM-2858,
حضانة دانة الدولية,عمان,عمان,شمال عمان,تلاع العلي – خلف الهوليدي إن,797097685,Dana International Nursery,,,,KG-AM-2859,
حضانة سالي وسلمى,عمان,عمان,شمال عمان,الجبيهة – مقابل الأحدث سابقاً,5238494,Sally & Salma Nursery,,,,KG-AM-2860,
حضانة وسيم النموذجية,عمان,عمان,جنوب عمان,الأشرفية – حي أم تينة,798457004,Waseem Model Nursery,,,,KG-AM-2861,
حضانة النحلة جولي,عمان,عمان,شرق عمان,طبربور – بجانب جامعة العلوم الإسلامية,796897303,Jolly Bee Nursery,,,,KG-AM-2862,
حضانة الأكواخ الملونة,عمان,عمان,الشميساني,شارع الجاحظ – مقابل مجمع السعيد,795659165,Colored Cabins Nursery,,,,KG-AM-2863,
حضانة النجوم المتلألئة,عمان,عمان,اليوبيل,مرج الحمام – شارع نايف بن عاصم,799629292,Twinkling Stars Nursery,,,,KG-AM-2864,
حضانة جنتي للأطفال,عمان,عمان,شمال عمان,خلدا – شارع المعارف – قرب مدرسة المعارف,797387766,My Paradise Nursery,,,,KG-AM-2865,
حضانة ميرا والمى,عمان,عمان,الياسمين,"WV9V+9XX, حي الياسمين, عمّان",0795489505,Meera & Alma Nursery,,,,KG-AM-2866,
حضانة عصافير الكرك,الكرك,الكرك,الكرك,الثنية – الشارع الرئيسي,1111111111,Karak Sparrows Nursery,,,,KG-KA-0019,
حضانة القطط الصغيرة,عمان,عمان,شمال عمان,تلاع العلي – بجانب البشيتي – بناية 3,795740854,Little Kittens Nursery,,,,KG-AM-2867,
حضانة الطفل الحسن,عمان,عمان,اليوبيل,بيادر وادي السير – الجندويل,799645430,Good Child Nursery,,,,KG-AM-2868,
روضة وحضانة أنا الصغير,عمان,عمان,شمال عمان,خرجا – دخلة مدارس الدر المنثور,5538008,Ana Al-Saghir Nursery & KG,,,,KG-AM-2869,
حضانة القلب الكبير,إربد,إربد,إربد,قرب مضافة أبو سالم,7247155,Big Heart Nursery,,,,KG-IR-0182,
حضانة قرية التوت العالمية,عمان,عمان,عمان المركز,دوار الكيلو – خلف البرجر كنج – عمارة 46,798288080,Global Berry Village Nursery,,,,KG-AM-2870,
حضانة الجيل القادم,عمان,عمان,شمال عمان,المدينة الرياضية – شمس الدين الذهبي,,Next Generation Nursery,,,,KG-AM-2871,
حضانة التباشير البيضاء,عمان,عمان,بين الدوار 6 وال7,شارع التباشير,791560630,White Chalk Nursery,,,,KG-AM-2872,
حضانة مونلايت,عمان,عمان,الشميساني,الشميساني,,Moonlight Nursery,,,,KG-AM-2873,
حضانة فيرست ووردز,عمان,عمان,الصويفية,شارع سعيد المفتي – عمارة 16,796246213,First Words Preschool,,,,KG-AM-2874,
روضة ومدرسة ليلى للتعليم الحديث,عمان,عمان,طبربور,شارع محمد العويدات – مجمع 2,,Leila Modern Education KG & School,,,,KG-AM-2875,
حضانة ليتل ليرنرز,عمان,عمان,الرابية,شارع أنور الخطيب,,Little Learners Nursery,,,,KG-AM-2876,
حضانة العلمي الممتع,عمان,عمان,اليوبيل,شارع عبد الله غوشة,,Fun Science Nursery,,,,KG-AM-2877,
حضانة ميني مي,عمان,عمان,خلدا,شارع الأمير زيد,,Mini Me Nursery,,,,KG-AM-2878,
حضانة الانطلاقة,عمان,عمان,الصويفية,شارع بخيت العيسى,65865080,Al Intilaqa Nursery,,,,KG-AM-2879,
حضانة كوكون,عمان,عمان,الرابية,شارع محمد الخماش,,Cocoon Nursery,,,,KG-AM-2880,
حضانة زهور المستقبل,عمان,عمان,الرونق,شارع الأسبح – فيلا 6,782668833,Future Flowers Nursery,,,,KG-AM-2881,
حضانة نهج المعرفة,عمان,عمان,الدوار الثامن,الدوار الثامن,,Nahj Al-Ma’rifa KG,,,,KG-AM-2882,
روضة بوك أند براش,عمان,عمان,الصويفية,شارع زهدي عصفور,,Book n Brush KG,,,,KG-AM-2883,
حضانة البدايات المشرقة,عمان,عمان,أم أذينة,شارع الدمام 48,795225253,Bright Beginnings Nursery,,,,KG-AM-2884,
حضانة وروضة وورلد كرياتيف,عمان,عمان,الرابية,شارع إبراهيم القطان 22,,Creative World Nursery & KG,,,,KG-AM-2885,
حضانة الأطفال السعداء (2),عمان,عمان,السهل,السهل,,Happy Kids Nursery (2),,,,KG-AM-2886,
حضانة السندريلا,عمان,عمان,جبل الحسين,شارع الملك عبد الله الثاني 2,64006176,Cinderella Nursery,,,,KG-AM-2887,
روضة ينابيع العلم,عمان,عمان,البيادر,مقسم العطار – شارع البيادر,,Yanabe’ Al-Ilm KG,,,,KG-AM-2888,
حضانة السوبر ناني,عمان,عمان,المرج,المرج,7995009794,Super Nanny Nursery,,,,KG-AM-2889,
حضانة ميلكي تيث,عمان,عمان,خلدا,خلدا,,Milky Teeth KG Nursery,,,,KG-AM-2890,
حضانة ستارفيش,عمان,عمان,الرابية,شارع أنوارين مسمار 4,,Starfish Nursery,,,,KG-AM-2891,
حضانة ليتل هاندز,عمان,عمان,خلدا,خلدا,,Little Hands Nursery,,,,KG-AM-2892,
حضانة وروضة ستيبينج ستون,عمان,عمان,أم السماق,شارع أرتيريا 50,,Stepping Stone Preschool & Nursery,,,,KG-AM-2893,
حضانة آدم كيدز,عمان,عمان,عبدون,عبدون,,Adam Kids Nursery,,,,KG-AM-2894,
حضانة رونق المودة,عمان,عمان,البيادر,شارع خضر قردن – مقابل النادي الأهلي,795964769,Ronaq Al-Mawaddah Nursery,,,,KG-AM-2895,
حضانة أمبريلا,عمان,عمان,اليوبيل,اليوبيل,,Umbrella Nursery,,,,KG-AM-2896,
حضانة وروضة المتفوقين أكاديمي,عمان,عمان,خلدا,شارع أيوب السختياني 14,,Al Mutafawqeen Academy KG & School,,,,KG-AM-2897,
حضانة منزلي الكبير,عمان,عمان,الشميساني,شارع الشريف ناصر بن جميل 78,,My Big House Nursery,,,,KG-AM-2898,
روضة أكاديمية الأطفال الرائعين,عمان,عمان,اليوبيل,شارع محمد العجلوني,,Wonderful Kids Academy KG,,,,KG-AM-2899,
حضانة وروضة كراميل,عمان,عمان,خلدا,شارع الأميرة زينب 63,,Caramel Nursery & KG,,,,KG-AM-2900,
حضانة بز بي,عمان,عمان,خلدا,خلدا,,BuzzBee Nursery,,,,KG-AM-2901,
روضة وابه,عمان,عمان,طبربور,شارع صدقي أبو شقرة,,Wabe KG,,,,KG-AM-2902,
حضانة سيفتي هاوس,عمان,عمان,خلدا,شارع المعارف – خلدا,,Safety House Nursery,,,,KG-AM-2903,
حضانة ليتل بي,عمان,عمان,اليوبيل,اليوبيل,,Little Bee Nursery,,,,KG-AM-2904,
روضة و حضانة هيل هاوس,عمان,عمان,الشميساني,شارع محمد علي بدير 37,,Hill House KG & Nursery,,,,KG-AM-2905,
حضانة الأكواخ الملونة,عمان,عمان,الشميساني,شارع الجاحظ – مقابل مجمع السعيد التجاري,795659165,Al-Akwakh Al-Mulawwanah Nursery,,,,KG-AM-2906,
حضانة سويت آند نوتي,عمان,عمان,الشميساني,الشميساني,,Sweet and Naughty Nursery,,,,KG-AM-2907,
حضانة كيدز فالي,عمان,عمان,الشميساني,شارع يوسف بن تاشفين 5,,Kids Valley Nursery,,,,KG-AM-2908,
حضانة ليتل جاردن,عمان,عمان,خلدا,خلدا,,Little Garden Pre & Nursery,,,,KG-AM-2909,
حضانة راقي الدولية,عمان,عمان,الرابية,شارع رفاعة بن أوس 46,,Raqi International Preschool,,,,KG-AM-2910,
حضانة السلام,عمان,عمان,الكرسي,الكرسي,,Al-Salam Nursery,,,,KG-AM-2911,
حضانة ستدي بلاي,عمان,عمان,خلدا,شارع الشيخ حسين الجسر 44,,Study Play KG,,,,KG-AM-2912,
حضانة فيرست ستيب,عمان,عمان,اليوبيل,اليوبيل,,First Step Nursery,,,,KG-AM-2913,
حضانة كينزي,عمان,عمان,طبربور,شارع فاضل أحمد خليفة 20,,Kenzi KG,,,,KG-AM-2914,
حضانة ليتل بروفيسورز أكاديمي,عمان,عمان,خلدا,شارع أبهى 11,,Little Professors Academy,,,,KG-AM-2915,
حضانة زين,عمان,عمان,اليوبيل,شارع الإخلاص 31,,Zain Nursery,,,,KG-AM-2916,
حضانة وروضة ليونز كينجدوم,عمان,عمان,دابوق,شارع يثرب 9,,Lions Kingdom Nursery & Pre-school,,,,KG-AM-2917,
روضة و حضانة المجد الوطنية,عمان,عمان,خلدا,شارع الفقهاء – مجمع 4,,Al Majd National Academy KG,,,,KG-AM-2918,
حضانة وايت لاينز,عمان,عمان,خلدا,شارع أم الدنانير – خلدا,,White Lines Nursery,,,,KG-AM-2919,
حضانة لارا,عمان,عمان,تلاع العلي,خلف سوبر ماركت الأهالي,65670424,Lara Nursery,,,,KG-AM-2920,
حضانة المشاكس الصغير,عمان,عمان,أم أذينة,أم أذينة الشرقي,795581762,Al-Mushakis Al-Saghir Nursery,,,,KG-AM-2921,
حضانة عطر الجوري,عمان,عمان,الياسمين,شارع محمد سالم الثوايب,,Atr Al-Jouri Nursery,,,,KG-AM-2922,
حضانة وروضة هابي فايسيز,عمان,عمان,اليوبيل,شارع ثويبة بن حرملة,,Happy Faces Nursery & Preschool,,,,KG-AM-2923,
حضانة آرت كير,عمان,عمان,خلدا,شارع عروة بن أذينة,,Art Care Nursery,,,,KG-AM-2924,
حضانة وروضة ستيب باي ستيب,عمان,عمان,الرابية,شارع وديع قسطندي 3,,Step By Step Preschool,,,,KG-AM-2925,
حضانة وروضة ليتل لاند,عمان,عمان,الشميساني,شارع الأشعري 15,,Little Land Nursery & Preschool,,,,KG-AM-2926,
حضانة دانا,عمان,عمان,خلدا,كنيسة كرم إمسيح – خلدا,,Dana Nursery,,,,KG-AM-2927,
حضانة بانان دي كير,عمان,عمان,اليوبيل,شارع موسى الساكت 76,,Banan Daycare,,,,KG-AM-2928,
حضانة طوق الياسمين,عمان,عمان,طبربور,مظهر علاونة – بجانب موسيقات القوات المسلحة,4897208,Tawq Al-Yasmin Nursery,,,,KG-AM-2929,
حضانة كولورز تري,عمان,عمان,خلدا,شارع عيسى أبو قدوم 6,,Colors Tree Nursery,,,,KG-AM-2930,
حضانة كرادل تو كرايون,عمان,عمان,اليوبيل,شارع أحمد عرابي,,Cradle to Crayon Nursery,,,,KG-AM-2931,
روضة أيوب,عمان,عمان,الشميساني,شارع أحمد أوكلة النصور,,Ayoub KG,,,,KG-AM-2932,
روضة و حضانة نحن الأطفال,عمان,عمان,جبل الحسين,شارع عز الدين القسام,,Nahnu Al-Atfal Nursery & KG,,,,KG-AM-2933,
حضانة وروضة صنلايت,عمان,عمان,الرابية,شارع نهاوند – الرابية,,Sunlight Nursery & Pre-School,,,,KG-AM-2934,
روضة و حضانة عالم الصغار,عمان,عمان,الشميساني,شارع أسيد بن ثعلبة,,Aalam Al-Sighar Nursery & KG,,,,KG-AM-2935,
حضانة كُن طفلًا,عمان,عمان,اليوبيل,شارع تعز,,Kun Tiflan Nursery,,,,KG-AM-2936,
حضانة تري توبس,عمان,عمان,الشميساني,شارع عبد الحميد كرامي,795057999,Tree Tops Nursery,,,,KG-AM-2937,
روضة هابي هارت,عمان,عمان,اليوبيل,مجمع النور – شارع محمد بن غطوس,,Happy Heart Kindergarten,,,,KG-AM-2938,
حضانة بامبل بي,عمان,عمان,الرابية,شارع تبريز,,Bumble Bee Preschool,,,,KG-AM-2939,
حضانة الما وايلا,عمان,عمان,ضاحية الرشيد,قبل سكن أميمة,798683815,Alma and Ayla Nursery,,,,KG-AM-2940,
حضانة ليديبرد,عمان,عمان,الشميساني,شارع يوسف بن تاشفين,,Ladybird Nursery,,,,KG-AM-2941,
حضانة داندون,عمان,عمان,خلدا,شارع عبد الله الأعزب,,Dandoon Nursery,,,,KG-AM-2942,
حضانة إيرلي بيرد (تلاع العلي),عمان,عمان,تلاع العلي,مجمع 44 – شارع عبد الحليم عباس,,Early Bird Nursery (Tala Al-Ali),,,,KG-AM-2943,
روضة الطفل السعيد,عمان,عمان,شرق عمان,ماركا الشمالية – حمزة,4895823,Al-Tifl Al-Saeed KG,,,,KG-AM-2944,
حضانة هيا سبراوتس,عمان,عمان,خلدا,شاكر بن زيد,,Haya Sprouts Preschool,,,,KG-AM-2945,
حضانة بيتي الصغير,عمان,عمان,شمال عمان,يوسف بن تاشفين 20 – الشميساني,65676210,My Little Home Nursery,,,,KG-AM-2946,
روضة كيدز واي,عمان,عمان,خلدا,شارع الأوزاعي – مجمع 11,,Kids Way Kindergarten,,,,KG-AM-2947,
حضانة جريت بيجينينجز,عمان,عمان,جبل الحسين,شارع إسماعيل بابوق,775367440,Great Beginnings Child Care,,,,KG-AM-2948,
حضانة ليتل ستيبس,عمان,عمان,خلدا,شارع الشيخ حسين الجسر,,Little Steps Nursery,,,,KG-AM-2949,
حضانة رايت ستارت,عمان,عمان,اليوبيل,اليوبيل,,Right Start Nursery,,,,KG-AM-2950,
روضة الأصدقاء المبدعين,عمان,عمان,خلدا,شارع عبد الله بن مسعود 20,,Creative Friends KG,,,,KG-AM-2951,
حضانة الجيل القادم,عمان,عمان,شمال عمان,المدينة الرياضية – شمس الدين الذهبي,65163070,Next Generation Nursery,,,,KG-AM-2952,
حضانة ليتل فلاورز,عمان,عمان,خلدا,خلدا,,Little Flowers Day Nursery,,,,KG-AM-2953,
حضانة كيدز ستيبس,عمان,عمان,الرابية,شارع تلمسان – مجمع 5,,Kids Steps Nursery,,,,KG-AM-2954,
حضانة شيري تري,عمان,عمان,جبل الحسين,شارع محمد جمجوم – مجمع 2,,Cherry Tree Nursery,,,,KG-AM-2955,
حضانة ثراء كيدز,عمان,عمان,شرق عمان,شرق عمان,,Thraa Kids Nursery,,,,KG-AM-2956,
حضانة الفقاعة المضحكة,عمان,عمان,أم السماق,شارع عطيوي المجالي – بناية 26,798379019,Funny Bubble Nursery,,,,KG-AM-2957,
حضانة طيور المحبة,عمان,عمان,جبل عمان,دوار ثاني – شارع المعتصم 55,4623095,Birds of Love Nursery,,,,KG-AM-2958,
حضانة ريتان,إربد,إربد,الحي الشرقي,خلف حلويات الكت والكات,789416515,Ritan Nursery,,,,KG-IR-0183,
حضانة الطفل الأمثل,الزرقاء,الزرقاء,البتراوي,حي البتراوي,790063659,Best Child Care Nursery,,,,KG-ZA-0085,
حضانة أطفال الرونق,عمان,عمان,الرونق,شارع محمد علي حسين الكردي – عمارة 30,775933580,Ronaq Kids Nursery,,,,KG-AM-2959,
حضانة البالون,عمان,عمان,الدوار السابع,بجانب فندق جنيفا,5815852,Balloon Nursery,,,,KG-AM-2960,
حضانة براعم الرمثا التعليمية والنموذجية,الرمثا,الرمثا,الرئيسي,الرئيسي,799593982,Baraem Al-Ramtha Educational & Model Nursery,,,,KG-HASH-E7F2DA07-23,
حضانة النبات السليم,عمان,عمان,طبربور,حي الشهيد الجنوبي,790479314,Healthy Plant Nursery,,,,KG-AM-2961,
حضانة أرض النجوم,عمان,عمان,ضاحية الرشيد,مقابل مدرسة تقارب,5555,Land of Stars Nursery,,,,KG-AM-2962,
حضانة صقور العزة,عمان,عمان,أبو نصير,شارع السعادة,796655818,Falcons of Pride Nursery,,,,KG-AM-2963,
حضانة أطفال التوت البري,عمان,عمان,اليوبيل,شارع عبدالله غوشة – بجانب مسجد أحد,797266304,Wild Berry Kids Nursery,,,,KG-AM-2964,
حضانة أنس وأمير,عمان,عمان,الجبيهة,حي الريان – شارع المريري,770065605,Anas & Amir Nursery,,,,KG-AM-2965,
حضانة ألوان الفرح للأطفال,عمان,عمان,شرق عمان,حي العبداللات – بجانب مدرسة الكندي,785652504,Colors of Joy Nursery,,,,KG-AM-2966,
حضانة أحمد وضحى,إربد,إربد,الصريح,الصريح,772258725,Ahmed & Dahaa Nursery,,,,KG-IR-0184,
حضانة البداية السعيدة النموذجية,عمان,عمان,اليوبيل,شارع المدينة المنورة,795395747,Happy Beginning Model Nursery,,,,KG-AM-2967,
حضانة أنا وأخي نمرح,مادبا,مادبا,اليرموك,شارع اليرموك,772211947,Me & My Brother Play Nursery,,,,KG-MD-0024,
حضانة جود وميرا,الزرقاء,الزرقاء,جبل المغير,قرب صيدلية شمع العسل,782209062,Jood & Mira Nursery,,,,KG-ZA-0086,
حضانة ضوء القمر,عمان,عمان,الصويفية,قرب قرية الصويفية – شارع زكي الصويتي,78988868,Moonlight Nursery,,,,KG-AM-2968,
حضانة بيت الحلوة للأطفال,عمان,عمان,الجاردنز,خلف مدارس الرأي – عمارة 20,799853333,Sweet Home Kids Nursery,,,,KG-AM-2969,
حضانة الطفل العربي,إربد,إربد,الحي الشرقي,قرب أسواق المؤسسة العسكرية,793050777,Arab Child Nursery,,,,KG-IR-0185,
حضانة حبايبنا,إربد,إربد,النعيمة,النعيمة,790959613,Our Darlings Nursery,,,,KG-IR-0186,
حضانة الخطوات التعليمية,عجلون,عجلون,عبين,خلف مطعم داريا – شارع إربد–عجلون,775570101,Educational Steps Nursery,,,,KG-AJ-0032,
حضانة فوفو ودودو,عمان,عمان,مرج الحمام,حي الأمير حمزة,777726263,Fufu & Dodo Model Nursery,,,,KG-AM-2970,
حضانة ورود المستقبل,عمان,عمان,الرونق,شارع الأصبه – بناية 6,782668833,Future Roses Nursery,,,,KG-AM-2971,
حضانة الانطباعات الأولى,إربد,إربد,الراهبات الوردية,غرب مسجد أبو دلو,780466032,First Impressions Nursery,,,,KG-IR-0187,
حضانة بابا سنفور,إربد,إربد,إربد,إربد,787054530,Papa Smurf Nursery,,,,KG-IR-0188,
حضانة جمعية الشابات المسيحية الخيرية-الفحيص,البلقاء,السلط,الفحيص,خلف بيت الفحيص – شارع صبيان الحصان,799946050,YWCA Al-Fuheis Nursery,,,,KG-BA-0106,
حضانة رياحين الجنة,عمان,عمان,شرق عمان,الهاشمي الشمالي – شارع الحارث العبدي,797401206,Breezes of Paradise Nursery,,,,KG-AM-2972,
حضانة خمسة وستون 65,البلقاء,السلط,المدينة الرياضية,قرب مدارس السلط الأهلية,777774819,65 Nursery,,,,KG-BA-0107,
حضانة جنة الورد,عجلون,عجلون,عين جنا,مبنى البلدية – وسط البلد,777006207,Rose Paradise Nursery,,,,KG-AJ-0033,
حضانة الكلمات الأولى,عمان,عمان,الصويفية,شارع سعيد المفتي – عمارة 16,796246213,First Words Nursery,,,,KG-AM-2973,
حضانة زين ونانا,البلقاء,السلط,أم عليه,الشارع الرئيسي,785226638,Zain & Nana Nursery,,,,KG-BA-0108,
حضانة أفضل مكان لطفلك,إربد,إربد,إربد,,790303443,Best Place for Your Child Nursery,,,,KG-IR-0189,
حضانة زهور الليلك,عمان,عمان,اليوبيل,مقابل مركز صحي أم السوس,795049140,Lilac Flowers Nursery,,,,KG-AM-2974,
المستوى الرفيع المتميز للتعليم,عمان,عمان,الشميساني,شارع ابن الفارض 11,799714198,High Level Distinguished Education,,,,KG-AM-2975,
حضانة المملكة الصغيرة,عمان,عمان,ضاحية الياسمين,شارع حفصة بنت عمرو 35,792024263,Small Kingdom Nursery,,,,KG-AM-2976,
حضانة أحلام المستقبل النموذجية,مادبا,مادبا,الخطابية,الخطابية,779681212,Dreams of the Future Model Nursery,,,,KG-MD-0025,
حضانة عبق الربيع,عمان,عمان,شرق عمان,طبربور – شارع قمر اليافي مقابل حلويات نفيسة,797808114,Spring Fragrance Nursery,,,,KG-AM-2977,
حضانة الانامل الذهبية,عمان,عمان,شرق عمان,ماركا الشمالية – شارع فاطمة الزهراء – مسجد فاطمة الزهراء,799381207,Golden Fingers Nursery,,,,KG-AM-2978,
حضانة حكايتي الصغيرة,عمان,عمان,الجبيهة,مقابل الجمعية العلمية الملكية – ط الأرضي,5340409,My Little Story Nursery,,,,KG-AM-2979,
حضانة براعم السكر,العقبة,العقبة,السكنية الثالثة,شارع العباسيين – بجانب مسجد سعد بن أبي وقاص,792030177,Sugar Buds Nursery,,,,KG-AQ-0029,
حضانة درجات صغيرة,عمان,عمان,اليوبيل,دوار البرديني – قرب مدارس الإشراق,785905701,Small Steps Nursery,,,,KG-AM-2980,
حضانة أشكال النموذجية,إربد,إربد,خلف مستشفى إربد التخصصي,0772155227,,Shapes Model Nursery,,,,KG-IR-0190,
حضانة لطفولة أرقى,الزرقاء,الزرقاء,مدينة الشرق,قرب دوار الطيارة,772000294,Finer Childhood Nursery,,,,KG-ZA-0087,
حضانة سلمى وزين,البلقاء,السلط,البقيع,البقيع,790910177,Salma & Zain Nursery,,,,KG-BA-0109,
حضانة هلا وغلا,عمان,عمان,شرق عمان,طبربور – قرب إسكان الجيش – حديقة العهد والوفا – يوسف بني ياسين 9,5056076,Hala & Ghala Nursery,,,,KG-AM-2981,
حضانة من الألف إلى الياء,عمان,عمان,جنوب عمان,مرج الحمام – إسكان عالية – فيلا 30,,From A to Z Nursery,,,,KG-AM-2982,
حضانة الطفل السعيد,عمان,عمان,شرق عمان,ماركا الشمالية – حمزة – قرب مدرسة الشريف حسين,4895823,Happy Child Nursery,,,,KG-AM-2983,
حضانة بدايات عظيمة,عمان,عمان,جبل الحسين,شارع إسماعيل بابوق 5,775367440,Great Beginnings Nursery,,,,KG-AM-2984,
حضانة ديمة النموذجية,البلقاء,السلط,شفا العامرية,شفا العامرية,772118163,Dima Model Nursery,,,,KG-BA-0110,
حضانة ضحكات الطفولة,عمان,عمان,الشميساني,بناية 39 – شارع معروف الرصافي,791520563,Childhood Laughter Nursery,,,,KG-AM-2985,
حضانة الأطفال السعداء,عمان,عمان,اليوبيل,مرج الحمام – شارع نالتشك – قرب مطعم دنيا المشاوي,797083374,Happy Children Nursery,,,,KG-AM-2986,
حضانة جوان النموذجية,الزرقاء,الزرقاء,الهاشمية,الحي الشرقي,788067807,Jawan Model Nursery,,,,KG-ZA-0088,
حضانة نور الجبيهة,عمان,عمان,الجبيهة,شارع مفلح اللوزي – بناية 32 – مقابل مفروشات شهوان,797670971,Nour Al-Jubeiha Nursery,,,,KG-AM-2987,
حضانة وروضة رونق المودة,عمان,عمان,البيادر,شارع خضر قردن – مقابل النادي الأهلي,795964769,Ronaq Al-Mawaddah Nursery & KG,,,,KG-AM-2988,
حضانة بريق النمارق,البلقاء,السلط,البقعان,بجانب مدرسة فاطمة الزهراء,797094191,Briq Al-Namarq Nursery,,,,KG-BA-0111,
حضانة الأرض السعيدة,عمان,عمان,جنوب عمان,المقابلين – حي الصحابة – شارع عبد الكريم الخطاب,790921251,Happy Land Nursery,,,,KG-AM-2989,
حضانة الحمامي,عمان,عمان,الجبيهة,شارع الريان – أم زويتينة,5555,Al-Hammami Nursery,,,,KG-AM-2990,
أكاديمية مدرسة وروضة جنى دان,الزرقاء,الزرقاء,بيرين,خلف النبعة,788616293,Jana Dan Academy & KG,,,,KG-ZA-0089,
حضانة شذى الورد,عمان,عمان,شرق عمان,طبربور – شارع عجاج الهبارنة – قرب مسجد عباد الرحمن,791077254,Shatha Al-Ward Nursery,,,,KG-AM-2991,
حضانة بذور الغد,عمان,عمان,شرق عمان,إسكان الجيش – شارع عبدالقادر الزغول – باتجاه أبو عليا,789995605,Seeds of Tomorrow Nursery,,,,KG-AM-2992,
حضانة ناريمان النموذجية,الرمثا,الرمثا,الرمثا,مقابل مدرسة جمانة,786306644,Nariman Model Nursery,,,,KG-HASH-A5004523-33,
حضانة كوكب المرح الطفولي,العقبة,العقبة,الثامنة,قرب مسجد الكالوتي,9872021168,Fun Planet Childhood Nursery,,,,KG-AQ-0030,
حضانة ورود الربيع,البلقاء,السلط,ماحص,شارع المدارس,772663512,Spring Roses Nursery,,,,KG-BA-0112,
حضانة حسام وسبأ الحديثة,إربد,إربد,الحصن,الحي الشرقي – شارع الكلية,791854881,Husam & Saba Modern Nursery,,,,KG-IR-0191,
حضانة تكوين,عمان,عمان,شمال عمان,طلوع الجاذبية – قرب سوبرماركت ياهلا,792127898,Takween Nursery,,,,KG-AM-2993,
حضانة الفطاحلة النموذجية,إربد,إربد,الحي الجنوبي,جنوب غرب دوار صحارى – 300 متر,777148052,Al-Fatahilah Model Nursery,,,,KG-IR-0192,
حضانة بيت السكاكر,إربد,إربد,الراهبات الوردية,خلف مستشفى الراهبات الوردية – بجانب السور,777747716,Candy House Nursery,,,,KG-IR-0193,
حضانة القلب السعيد,عمان,عمان,شرق عمان,ضاحية الأمير حسن – قرب مطعم الهنيني,777772615,Happy Heart Nursery,,,,KG-AM-2994,
حضانة كوخ الدب,الزرقاء,الزرقاء,الجبل الشمالي,شارع الملك عبد الله الثاني,782929569,Bear Cabin Nursery,,,,KG-ZA-0090,
حضانة طيور المحبة,عمان,عمان,جبل عمان,دوار ثاني – شارع المعتصم 55 – بجانب عمارة قناة الجزيرة,4623095,Birds of Love Nursery,,,,KG-AM-2995,
حضانة الطفل الأمثل,الزرقاء,الزرقاء,البتراوي,حي البتراوي,790063659,Best Child Nursery,,,,KG-ZA-0091,
حضانة اليوم السعيد,عمان,عمان,بسمان/جبل النزهة,شارع الكويتية – بناية 15,790225163,Al-Yawm Al-Saeed Nursery,,,,KG-AM-2996,
حضانة فرح النموذجية,عمان,عمان,جبل الحسين,دوار الداخلية – نزول سرفيس العبدلي,5695093,Farah Model Nursery,,,,KG-AM-2997,
روضة وحضانة نداء الطفولة,عمان,عمان,شمال عمان,شارع البلدية بعد البنك الإسلامي مقابل ملحمة الخليل,,Nadaa Al-Tufulah Nursery & KG,,,,KG-AM-2998,
حضانة سيسو النموذجية,عمان,عمان,خلدا,قرب دوار السكر – مقابل سامح مول,5522949,Siso Model Nursery,,,,KG-AM-2999,
روضة ومدارس أكاديمية ريتال الدولية,عمان,عمان,ياجوز,تقاطع جسر ياجوز – شارع الأردن,5336363,Rital International Academy,,,,KG-AM-3000,
حضانة قوس قزح النموذجية,عمان,عمان,الشميساني,الشميساني,5605300,Rainbow Model Nursery,,,,KG-AM-3001,
شركة إبداع الطفولة,عمان,عمان,شمال عمان,شارع شريفة زين – خلف روان كيك,790932622,Ebdaa Al-Tufulah,,,,KG-AM-3002,
حضانة الصياد الصغير,عمان,عمان,جنوب عمان,مرج الحمام – شارع محمد بن طلال,797710897,Little Hunter Nursery,,,,KG-AM-3003,
الشجرة المباركة للتعليم والاستثمار,عمان,عمان,شمال عمان,إشارة جبري – خلف بهجت سنتر,55555,Blessed Tree Education,,,,KG-AM-3004,
حضانة نطاق الألوان المرحة,عمان,عمان,شرق عمان,شفا بدران – بجانب أكاديمية ريماس,5231617,Color Range Fun Nursery,,,,KG-AM-3005,
حضانة زهور صغيرة,عمان,عمان,الشميساني,شارع الفيحاء,792872827,Little Flowers Nursery,,,,KG-AM-3006,
حضانة المشاكس الصغير,عمان,عمان,أم أذينة,شارع الكوفة – بناية 71,790395471,Little Mischief Nursery,,,,KG-AM-3007,
حضانة عبق عجلون النموذجية,عجلون,عجلون,عبين,شارع إربد – مقابل صالة النورس,778952295,Abq Ajloun Model Nursery,,,,KG-AJ-0034,
مؤسسة المنهل التربوية,عمان,عمان,الجامعة الأردنية,إسكان الجامعة الأردنية,65153751,Al-Manhal Educational Institution,,,,KG-AM-3008,
حضانة النحلة الصغيرة,عمان,عمان,الجاردنز,دخلة مطعم السروات,,Little Bee Nursery,,,,KG-AM-3009,
حضانة مملكة السكر,عمان,عمان,شرق عمان,طبربور – شارع أسعد بن زرارة,797064545,Sugar Kingdom Nursery,,,,KG-AM-3010,
حضانة طوق الياسمين,عمان,عمان,شرق عمان,طبربور – مظهر علاونة – بجانب موسيقات القوات,4897208,Tawq Al-Yasmin Nursery,,,,KG-AM-3011,
حضانة قمم الأشجار,عمان,عمان,الشميساني,عبد الحميد كرامي – بناية 8,795057999,Tree Tops Nursery,,,,KG-AM-3012,
حضانة الخيوط اللامعة,عمان,عمان,أبو السوس,إسكان الأمانة – حي الصنوبر,795241103,Shining Threads Nursery,,,,KG-AM-3013,
حضانة الما وأيلا,عمان,عمان,شمال عمان,ضاحية الرشيد – قبل سكن أميمة,792107921,Alma & Ayla Nursery,,,,KG-AM-3014,
حضانة ماما رولا,عمان,عمان,شرق عمان,شفا بدران – حي ذهيبة – خلف الكلحة – بناية 3,798076488,Mama Rola Nursery,,,,KG-AM-3015,
حضانة حبات التوت,عمان,عمان,مرج الحمام,شارع مويى النهار,,Raspberry Seeds Nursery,,,,KG-AM-3016,
حضانة أطفال تمارا,عمان,عمان,شمال عمان,خلف مطعم طواحين,775136924,Tamara Kids Nursery,,,,KG-AM-3017,
حضانة أزهار بيسان,عمان,عمان,شرق عمان,الهاشمي الشمالي – حي نايفة – مقابل وزارة الصحة,65057240,Bisan Flowers Nursery,,,,KG-AM-3018,
حضانة دانة الدولية,عمان,عمان,شمال عمان,تلاع العلي – خلف الهوليدي إن,797097685,Dana International Nursery,,,,KG-AM-3019,
حضانة سالي وسلمى,عمان,عمان,شمال عمان,الجبيهة – مقابل الأحدث سابقاً,5238494,Sally & Salma Nursery,,,,KG-AM-3020,
حضانة وسيم النموذجية,عمان,عمان,جنوب عمان,الأشرفية – حي أم تينة,798457004,Waseem Model Nursery,,,,KG-AM-3021,
حضانة النحلة جولي,عمان,عمان,شرق عمان,طبربور – بجانب جامعة العلوم الإسلامية,796897303,Jolly Bee Nursery,,,,KG-AM-3022,
حضانة الأكواخ الملونة,عمان,عمان,الشميساني,شارع الجاحظ – مقابل مجمع السعيد,795659165,Colored Cabins Nursery,,,,KG-AM-3023,
حضانة النجوم المتلألئة,عمان,عمان,اليوبيل,مرج الحمام – شارع نايف بن عاصم,799629292,Twinkling Stars Nursery,,,,KG-AM-3024,
حضانة جنتي للأطفال,عمان,عمان,شمال عمان,خلدا – شارع المعارف – قرب مدرسة المعارف,797387766,My Paradise Nursery,,,,KG-AM-3025,
حضانة ميرا والمى,عمان,عمان,الياسمين,"WV9V+9XX, حي الياسمين, عمّان",0795489505,Meera & Alma Nursery,,,,KG-AM-3026,
حضانة عصافير الكرك,الكرك,الكرك,الكرك,الثنية – الشارع الرئيسي,1111111111,Karak Sparrows Nursery,,,,KG-KA-0020,
حضانة القطط الصغيرة,عمان,عمان,شمال عمان,تلاع العلي – بجانب البشيتي – بناية 3,795740854,Little Kittens Nursery,,,,KG-AM-3027,
حضانة الطفل الحسن,عمان,عمان,اليوبيل,بيادر وادي السير – الجندويل,799645430,Good Child Nursery,,,,KG-AM-3028,
روضة وحضانة أنا الصغير,عمان,عمان,شمال عمان,خرجا – دخلة مدارس الدر المنثور,5538008,Ana Al-Saghir Nursery & KG,,,,KG-AM-3029,
حضانة القلب الكبير,إربد,إربد,إربد,قرب مضافة أبو سالم,7247155,Big Heart Nursery,,,,KG-IR-0194,
حضانة قرية التوت العالمية,عمان,عمان,عمان المركز,دوار الكيلو – خلف البرجر كنج – عمارة 46,798288080,Global Berry Village Nursery,,,,KG-AM-3030,
حضانة الجيل القادم,عمان,عمان,شمال عمان,المدينة الرياضية – شمس الدين الذهبي,65163070,Next Generation Nursery,,,,KG-AM-3031,
حضانة التباشير البيضاء,عمان,عمان,بين الدوار 6 وال7,شارع التباشير,791560630,White Chalk Nursery,,,,KG-AM-3032,
حضانة مونلايت,عمان,عمان,الشميساني,الشميساني,,Moonlight Nursery,,,,KG-AM-3033,
حضانة فيرست ووردز,عمان,عمان,الصويفية,شارع سعيد المفتي – عمارة 16,796246213,First Words Preschool,,,,KG-AM-3034,
روضة ومدرسة ليلى للتعليم الحديث,عمان,عمان,طبربور,شارع محمد العويدات – مجمع 2,,Leila Modern Education KG & School,,,,KG-AM-3035,
حضانة ليتل ليرنرز,عمان,عمان,الرابية,شارع أنور الخطيب,,Little Learners Nursery,,,,KG-AM-3036,
حضانة العلمي الممتع,عمان,عمان,اليوبيل,شارع عبد الله غوشة,,Fun Science Nursery,,,,KG-AM-3037,
حضانة ميني مي,عمان,عمان,خلدا,شارع الأمير زيد,,Mini Me Nursery,,,,KG-AM-3038,
حضانة الانطلاقة,عمان,عمان,الصويفية,شارع بخيت العيسى,65865080,Al Intilaqa Nursery,,,,KG-AM-3039,
حضانة كوكون,عمان,عمان,الرابية,شارع محمد الخماش,,Cocoon Nursery,,,,KG-AM-3040,
حضانة زهور المستقبل,عمان,عمان,الرونق,شارع الأسبح – فيلا 6,782668833,Future Flowers Nursery,,,,KG-AM-3041,
حضانة نهج المعرفة,عمان,عمان,الدوار الثامن,الدوار الثامن,,Nahj Al-Ma’rifa KG,,,,KG-AM-3042,
روضة بوك أند براش,عمان,عمان,الصويفية,شارع زهدي عصفور,,Book n Brush KG,,,,KG-AM-3043,
حضانة البدايات المشرقة,عمان,عمان,أم أذينة,شارع الدمام 48,795225253,Bright Beginnings Nursery,,,,KG-AM-3044,
حضانة وروضة وورلد كرياتيف,عمان,عمان,الرابية,شارع إبراهيم القطان 22,,Creative World Nursery & KG,,,,KG-AM-3045,
حضانة الأطفال السعداء (2),عمان,عمان,السهل,السهل,,Happy Kids Nursery (2),,,,KG-AM-3046,
حضانة السندريلا,عمان,عمان,جبل الحسين,شارع الملك عبد الله الثاني 2,64006176,Cinderella Nursery,,,,KG-AM-3047,
روضة ينابيع العلم,عمان,عمان,البيادر,مقسم العطار – شارع البيادر,,Yanabe’ Al-Ilm KG,,,,KG-AM-3048,
حضانة السوبر ناني,عمان,عمان,المرج,المرج,7995009794,Super Nanny Nursery,,,,KG-AM-3049,
حضانة ميلكي تيث,عمان,عمان,خلدا,خلدا,,Milky Teeth KG Nursery,,,,KG-AM-3050,
حضانة ستارفيش,عمان,عمان,الرابية,شارع أنوارين مسمار 4,,Starfish Nursery,,,,KG-AM-3051,
حضانة ليتل هاندز,عمان,عمان,خلدا,خلدا,,Little Hands Nursery,,,,KG-AM-3052,
حضانة وروضة ستيبينج ستون,عمان,عمان,أم السماق,شارع أرتيريا 50,,Stepping Stone Preschool & Nursery,,,,KG-AM-3053,
حضانة آدم كيدز,عمان,عمان,عبدون,عبدون,,Adam Kids Nursery,,,,KG-AM-3054,
حضانة رونق المودة,عمان,عمان,البيادر,شارع خضر قردن – مقابل النادي الأهلي,795964769,Ronaq Al-Mawaddah Nursery,,,,KG-AM-3055,
حضانة أمبريلا,عمان,عمان,اليوبيل,اليوبيل,,Umbrella Nursery,,,,KG-AM-3056,
حضانة وروضة المتفوقين أكاديمي,عمان,عمان,خلدا,شارع أيوب السختياني 14,,Al Mutafawqeen Academy KG & School,,,,KG-AM-3057,
حضانة منزلي الكبير,عمان,عمان,الشميساني,شارع الشريف ناصر بن جميل 78,,My Big House Nursery,,,,KG-AM-3058,
روضة أكاديمية الأطفال الرائعين,عمان,عمان,اليوبيل,شارع محمد العجلوني,,Wonderful Kids Academy KG,,,,KG-AM-3059,
حضانة وروضة كراميل,عمان,عمان,خلدا,شارع الأميرة زينب 63,,Caramel Nursery & KG,,,,KG-AM-3060,
حضانة بز بي,عمان,عمان,خلدا,خلدا,,BuzzBee Nursery,,,,KG-AM-3061,
روضة وابه,عمان,عمان,طبربور,شارع صدقي أبو شقرة,,Wabe KG,,,,KG-AM-3062,
حضانة سيفتي هاوس,عمان,عمان,خلدا,شارع المعارف – خلدا,,Safety House Nursery,,,,KG-AM-3063,
حضانة ليتل بي,عمان,عمان,اليوبيل,اليوبيل,,Little Bee Nursery,,,,KG-AM-3064,
روضة و حضانة هيل هاوس,عمان,عمان,الشميساني,شارع محمد علي بدير 37,,Hill House KG & Nursery,,,,KG-AM-3065,
حضانة سويت آند نوتي,عمان,عمان,الشميساني,الشميساني,,Sweet and Naughty Nursery,,,,KG-AM-3066,
حضانة كيدز فالي,عمان,عمان,الشميساني,شارع يوسف بن تاشفين 5,,Kids Valley Nursery,,,,KG-AM-3067,
حضانة ليتل جاردن,عمان,عمان,خلدا,خلدا,,Little Garden Pre & Nursery,,,,KG-AM-3068,
حضانة راقي الدولية,عمان,عمان,الرابية,شارع رفاعة بن أوس 46,,Raqi International Preschool,,,,KG-AM-3069,
حضانة السلام,عمان,عمان,الكرسي,الكرسي,,Al-Salam Nursery,,,,KG-AM-3070,
حضانة ستدي بلاي,عمان,عمان,خلدا,شارع الشيخ حسين الجسر 44,,Study Play KG,,,,KG-AM-3071,
حضانة فيرست ستيب,عمان,عمان,اليوبيل,اليوبيل,,First Step Nursery,,,,KG-AM-3072,
حضانة كينزي,عمان,عمان,طبربور,شارع فاضل أحمد خليفة 20,,Kenzi KG,,,,KG-AM-3073,
حضانة ليتل بروفيسورز أكاديمي,عمان,عمان,خلدا,شارع أبهى 11,,Little Professors Academy,,,,KG-AM-3074,
حضانة زين,عمان,عمان,اليوبيل,شارع الإخلاص 31,,Zain Nursery,,,,KG-AM-3075,
حضانة وروضة ليونز كينجدوم,عمان,عمان,دابوق,شارع يثرب 9,,Lions Kingdom Nursery & Pre-school,,,,KG-AM-3076,
روضة و حضانة المجد الوطنية,عمان,عمان,خلدا,شارع الفقهاء – مجمع 4,,Al Majd National Academy KG,,,,KG-AM-3077,
حضانة وايت لاينز,عمان,عمان,خلدا,شارع أم الدنانير – خلدا,,White Lines Nursery,,,,KG-AM-3078,
حضانة لارا,عمان,عمان,تلاع العلي,خلف سوبر ماركت الأهالي,65670424,Lara Nursery,,,,KG-AM-3079,
حضانة عطر الجوري,عمان,عمان,الياسمين,شارع محمد سالم الثوايب,,Atr Al-Jouri Nursery,,,,KG-AM-3080,
حضانة وروضة هابي فايسيز,عمان,عمان,اليوبيل,شارع ثويبة بن حرملة,,Happy Faces Nursery & Preschool,,,,KG-AM-3081,
حضانة آرت كير,عمان,عمان,خلدا,شارع عروة بن أذينة,,Art Care Nursery,,,,KG-AM-3082,
حضانة وروضة ستيب باي ستيب,عمان,عمان,الرابية,شارع وديع قسطندي 3,,Step By Step Preschool,,,,KG-AM-3083,
حضانة وروضة ليتل لاند,عمان,عمان,الشميساني,شارع الأشعري 15,,Little Land Nursery & Preschool,,,,KG-AM-3084,
حضانة دانا,عمان,عمان,خلدا,كنيسة كرم إمسيح – خلدا,,Dana Nursery,,,,KG-AM-3085,
حضانة بانان دي كير,عمان,عمان,اليوبيل,شارع موسى الساكت 76,,Banan Daycare,,,,KG-AM-3086,
حضانة كولورز تري,عمان,عمان,خلدا,شارع عيسى أبو قدوم 6,,Colors Tree Nursery,,,,KG-AM-3087,
حضانة كرادل تو كرايون,عمان,عمان,اليوبيل,شارع أحمد عرابي,,Cradle to Crayon Nursery,,,,KG-AM-3088,
روضة أيوب,عمان,عمان,الشميساني,شارع أحمد أوكلة النصور,,Ayoub KG,,,,KG-AM-3089,
روضة و حضانة نحن الأطفال,عمان,عمان,جبل الحسين,شارع عز الدين القسام,,Nahnu Al-Atfal Nursery & KG,,,,KG-AM-3090,
حضانة وروضة صنلايت,عمان,عمان,الرابية,شارع نهاوند – الرابية,,Sunlight Nursery & Pre-School,,,,KG-AM-3091,
روضة و حضانة عالم الصغار,عمان,عمان,الشميساني,شارع أسيد بن ثعلبة,,Aalam Al-Sighar Nursery & KG,,,,KG-AM-3092,
حضانة كُن طفلًا,عمان,عمان,اليوبيل,شارع تعز,,Kun Tiflan Nursery,,,,KG-AM-3093,
حضانة تري توبس,عمان,عمان,الشميساني,شارع عبد الحميد كرامي,795057999,Tree Tops Nursery,,,,KG-AM-3094,
روضة هابي هارت,عمان,عمان,اليوبيل,مجمع النور – شارع محمد بن غطوس,,Happy Heart Kindergarten,,,,KG-AM-3095,
حضانة بامبل بي,عمان,عمان,الرابية,شارع تبريز,,Bumble Bee Preschool,,,,KG-AM-3096,
حضانة الما وايلا,عمان,عمان,ضاحية الرشيد,قبل سكن أميمة,798683815,Alma and Ayla Nursery,,,,KG-AM-3097,
حضانة ليديبرد,عمان,عمان,الشميساني,شارع يوسف بن تاشفين,,Ladybird Nursery,,,,KG-AM-3098,
حضانة داندون,عمان,عمان,خلدا,شارع عبد الله الأعزب,,Dandoon Nursery,,,,KG-AM-3099,
حضانة إيرلي بيرد (تلاع العلي),عمان,عمان,تلاع العلي,مجمع 44 – شارع عبد الحليم عباس,,Early Bird Nursery (Tala Al-Ali),,,,KG-AM-3100,
روضة الطفل السعيد,عمان,عمان,شرق عمان,ماركا الشمالية – حمزة,4895823,Al-Tifl Al-Saeed KG,,,,KG-AM-3101,
حضانة هيا سبراوتس,عمان,عمان,خلدا,شاكر بن زيد,,Haya Sprouts Preschool,,,,KG-AM-3102,
حضانة بيتي الصغير,عمان,عمان,شمال عمان,يوسف بن تاشفين 20 – الشميساني,65676210,My Little Home Nursery,,,,KG-AM-3103,
روضة كيدز واي,عمان,عمان,خلدا,شارع الأوزاعي – مجمع 11,,Kids Way Kindergarten,,,,KG-AM-3104,
حضانة جريت بيجينينجز,عمان,عمان,جبل الحسين,شارع إسماعيل بابوق,775367440,Great Beginnings Child Care,,,,KG-AM-3105,
حضانة ليتل ستيبس,عمان,عمان,خلدا,شارع الشيخ حسين الجسر,,Little Steps Nursery,,,,KG-AM-3106,
حضانة رايت ستارت,عمان,عمان,اليوبيل,اليوبيل,,Right Start Nursery,,,,KG-AM-3107,
روضة الأصدقاء المبدعين,عمان,عمان,خلدا,شارع عبد الله بن مسعود 20,,Creative Friends KG,,,,KG-AM-3108,
حضانة ليتل فلاورز,عمان,عمان,خلدا,خلدا,,Little Flowers Day Nursery,,,,KG-AM-3109,
حضانة كيدز ستيبس,عمان,عمان,الرابية,شارع تلمسان – مجمع 5,,Kids Steps Nursery,,,,KG-AM-3110,
حضانة شيري تري,عمان,عمان,جبل الحسين,شارع محمد جمجوم – مجمع 2,,Cherry Tree Nursery,,,,KG-AM-3111,
حضانة ثراء كيدز,عمان,عمان,شرق عمان,شرق عمان,,Thraa Kids Nursery,,,,KG-AM-3112,
حضانة الفقاعة المضحكة,عمان,عمان,أم السماق,شارع عطيوي المجالي – بناية 26,798379019,Funny Bubble Nursery,,,,KG-AM-3113,
حضانة طيور المحبة,عمان,عمان,جبل عمان,دوار ثاني – شارع المعتصم 55 – بجانب عمارة قناة الجزيرة,4623095,Birds of Love Nursery,,,,KG-AM-3114,
حضانة ريتان,إربد,إربد,الحي الشرقي,خلف حلويات الكت والكات,789416515,Ritan Nursery,,,,KG-IR-0195,
حضانة الطفل الأمثل,الزرقاء,الزرقاء,البتراوي,حي البتراوي,790063659,Best Child Nursery,,,,KG-ZA-0092,
حضانة أطفال الرونق,عمان,عمان,الرونق,شارع محمد علي حسين الكردي – عمارة 30,775933580,Ronaq Kids Nursery,,,,KG-AM-3115,
حضانة البالون,عمان,عمان,الدوار السابع,بجانب فندق جنيفا,5815852,Balloon Nursery,,,,KG-AM-3116,
حضانة براعم الرمثا التعليمية والنموذجية,الرمثا,الرمثا,الرئيسي,الرئيسي,799593982,Baraem Al-Ramtha Educational & Model,,,,KG-HASH-E7F2DA07-24,
حضانة النبات السليم,عمان,عمان,طبربور,حي الشهيد الجنوبي,790479314,Healthy Plant Nursery,,,,KG-AM-3117,
حضانة أرض النجوم,عمان,عمان,ضاحية الرشيد,مقابل مدرسة تقارب,5555,Land of Stars Nursery,,,,KG-AM-3118,
حضانة صقور العزة,عمان,عمان,أبو نصير,شارع السعادة,796655818,Falcons of Pride Nursery,,,,KG-AM-3119,
حضانة أطفال التوت البري,عمان,عمان,اليوبيل,شارع عبدالله غوشة – بجانب مسجد أحد,797266304,Wild Berry Kids Nursery,,,,KG-AM-3120,
حضانة أنس وأمير,عمان,عمان,الجبيهة,حي الريان – شارع المريري,770065605,Anas & Amir Nursery,,,,KG-AM-3121,
حضانة ألوان الفرح للأطفال,عمان,عمان,شرق عمان,حي العبداللات – بجانب مدرسة الكندي,785652504,Colors of Joy Nursery,,,,KG-AM-3122,
حضانة أحمد وضحى,إربد,إربد,الصريح,الصريح,772258725,Ahmed & Dahaa Nursery,,,,KG-IR-0196,
حضانة البداية السعيدة النموذجية,عمان,عمان,اليوبيل,شارع المدينة المنورة,795395747,Happy Beginning Model Nursery,,,,KG-AM-3123,
حضانة أنا وأخي نمرح,مادبا,مادبا,اليرموك,شارع اليرموك,772211947,Me & My Brother Play Nursery,,,,KG-MD-0026,
حضانة جود وميرا,الزرقاء,الزرقاء,جبل المغير,قرب صيدلية شمع العسل,782209062,Jood & Mira Nursery,,,,KG-ZA-0093,
حضانة ضوء القمر,عمان,عمان,الصويفية,قرب قرية الصويفية – شارع زكي الصويتي,78988868,Moonlight Nursery,,,,KG-AM-3124,
حضانة بيت الحلوة للأطفال,عمان,عمان,الجاردنز,خلف مدارس الرأي – عمارة 20,799853333,Sweet Home Kids Nursery,,,,KG-AM-3125,
حضانة الطفل العربي,إربد,إربد,الحي الشرقي,قرب أسواق المؤسسة العسكرية,793050777,Arab Child Nursery,,,,KG-IR-0197,
حضانة حبايبنا,إربد,إربد,النعيمة,النعيمة,790959613,Our Darlings Nursery,,,,KG-IR-0198,
حضانة الخطوات التعليمية,عجلون,عجلون,عبين,خلف مطعم داريا – شارع إربد–عجلون,775570101,Educational Steps Nursery,,,,KG-AJ-0035,
حضانة فوفو ودودو,عمان,عمان,مرج الحمام,حي الأمير حمزة,777726263,Fufu & Dodo Model Nursery,,,,KG-AM-3126,
حضانة ورود المستقبل,عمان,عمان,الرونق,شارع الأصبه – بناية 6,782668833,Future Roses Nursery,,,,KG-AM-3127,
حضانة الانطباعات الأولى,إربد,إربد,الراهبات الوردية,غرب مسجد أبو دلو,780466032,First Impressions Nursery,,,,KG-IR-0199,
حضانة بابا سنفور,إربد,إربد,إربد,إربد,787054530,Papa Smurf Nursery,,,,KG-IR-0200,
حضانة جمعية الشابات المسيحية الخيرية-الفحيص,البلقاء,السلط,الفحيص,خلف بيت الفحيص – شارع صبيان الحصان,799946050,YWCA Al-Fuheis Nursery,,,,KG-BA-0113,
حضانة رياحين الجنة,عمان,عمان,شرق عمان,الهاشمي الشمالي – شارع الحارث العبدي,797401206,Breezes of Paradise Nursery,,,,KG-AM-3128,
حضانة خمسة وستون 65,البلقاء,السلط,المدينة الرياضية,قرب مدارس السلط الأهلية,777774819,65 Nursery,,,,KG-BA-0114,
حضانة جنة الورد,عجلون,عجلون,عين جنا,مبنى البلدية – وسط البلد,777006207,Rose Paradise Nursery,,,,KG-AJ-0036,
حضانة الكلمات الأولى,عمان,عمان,الصويفية,شارع سعيد المفتي – عمارة 16,796246213,First Words Nursery,,,,KG-AM-3129,
حضانة زين ونانا,البلقاء,السلط,أم عليه,الشارع الرئيسي,785226638,Zain & Nana Nursery,,,,KG-BA-0115,
حضانة أفضل مكان لطفلك,إربد,إربد,إربد,,790303443,Best Place for Your Child Nursery,,,,KG-IR-0201,
حضانة زهور الليلك,عمان,عمان,اليوبيل,مقابل مركز صحي أم السوس,795049140,Lilac Flowers Nursery,,,,KG-AM-3130,
المستوى الرفيع المتميز للتعليم,عمان,عمان,الشميساني,شارع ابن الفارض 11,799714198,High Level Distinguished Education,,,,KG-AM-3131,
حضانة المملكة الصغيرة,عمان,عمان,ضاحية الياسمين,شارع حفصة بنت عمرو 35,792024263,Small Kingdom Nursery,,,,KG-AM-3132,
حضانة أحلام المستقبل النموذجية,مادبا,مادبا,الخطابية,الخطابية,779681212,Dreams of the Future Model Nursery,,,,KG-MD-0027,
حضانة عبق الربيع,عمان,عمان,شرق عمان,طبربور – شارع قمر اليافي مقابل حلويات نفيسة,797808114,Spring Fragrance Nursery,,,,KG-AM-3133,
حضانة الانامل الذهبية,عمان,عمان,شرق عمان,ماركا الشمالية – شارع فاطمة الزهراء – مسجد فاطمة الزهراء,799381207,Golden Fingers Nursery,,,,KG-AM-3134,
حضانة حكايتي الصغيرة,عمان,عمان,الجبيهة,مقابل الجمعية العلمية الملكية – ط الأرضي,5340409,My Little Story Nursery,,,,KG-AM-3135,
حضانة براعم السكر,العقبة,العقبة,السكنية الثالثة,شارع العباسيين – بجانب مسجد سعد بن أبي وقاص,792030177,Sugar Buds Nursery,,,,KG-AQ-0031,
حضانة درجات صغيرة,عمان,عمان,اليوبيل,دوار البرديني – قرب مدارس الإشراق,785905701,Small Steps Nursery,,,,KG-AM-3136,
حضانة أشكال النموذجية,إربد,إربد,خلف مستشفى إربد التخصصي,0772155227,,Shapes Model Nursery,,,,KG-IR-0202,
حضانة لطفولة أرقى,الزرقاء,الزرقاء,مدينة الشرق,قرب دوار الطيارة,772000294,Finer Childhood Nursery,,,,KG-ZA-0094,
حضانة سلمى وزين,البلقاء,السلط,البقيع,البقيع,790910177,Salma & Zain Nursery,,,,KG-BA-0116,
حضانة هلا وغلا,عمان,عمان,شرق عمان,طبربور – قرب إسكان الجيش – حديقة العهد والوفا – يوسف بني ياسين 9,5056076,Hala & Ghala Nursery,,,,KG-AM-3137,
حضانة من الألف إلى الياء,عمان,عمان,جنوب عمان,مرج الحمام – إسكان عالية – فيلا 30,,From A to Z Nursery,,,,KG-AM-3138,
حضانة الطفل السعيد,عمان,عمان,شرق عمان,ماركا الشمالية – حمزة – قرب مدرسة الشريف حسين,4895823,Happy Child Nursery,,,,KG-AM-3139,
حضانة بدايات عظيمة,عمان,عمان,جبل الحسين,شارع إسماعيل بابوق 5,775367440,Great Beginnings Nursery,,,,KG-AM-3140,
حضانة ديمة النموذجية,البلقاء,السلط,شفا العامرية,شفا العامرية,772118163,Dima Model Nursery,,,,KG-BA-0117,
حضانة ضحكات الطفولة,عمان,عمان,الشميساني,بناية 39 – شارع معروف الرصافي,791520563,Childhood Laughter Nursery,,,,KG-AM-3141,
حضانة الأطفال السعداء,عمان,عمان,اليوبيل,مرج الحمام – شارع نالتشك – قرب مطعم دنيا المشاوي,797083374,Happy Children Nursery,,,,KG-AM-3142,
حضانة جوان النموذجية,الزرقاء,الزرقاء,الهاشمية,الحي الشرقي,788067807,Jawan Model Nursery,,,,KG-ZA-0095,
حضانة نور الجبيهة,عمان,عمان,الجبيهة,شارع مفلح اللوزي – بناية 32 – مقابل مفروشات شهوان,797670971,Nour Al-Jubeiha Nursery,,,,KG-AM-3143,
حضانة وروضة رونق المودة,عمان,عمان,البيادر,شارع خضر قردن – مقابل النادي الأهلي,795964769,Ronaq Al-Mawaddah Nursery & KG,,,,KG-AM-3144,
حضانة بريق النمارق,البلقاء,السلط,البقعان,بجانب مدرسة فاطمة الزهراء,797094191,Briq Al-Namarq Nursery,,,,KG-BA-0118,
حضانة الأرض السعيدة,عمان,عمان,جنوب عمان,المقابلين – حي الصحابة – شارع عبد الكريم الخطاب,790921251,Happy Land Nursery,,,,KG-AM-3145,
حضانة الحمامي,عمان,عمان,الجبيهة,شارع الريان – أم زويتينة,5555,Al-Hammami Nursery,,,,KG-AM-3146,
أكاديمية مدرسة وروضة جنى دان,الزرقاء,الزرقاء,بيرين,خلف النبعة,788616293,Jana Dan Academy & KG,,,,KG-ZA-0096,
حضانة شذى الورد,عمان,عمان,شرق عمان,طبربور – شارع عجاج الهبارنة – قرب مسجد عباد الرحمن,791077254,Shatha Al-Ward Nursery,,,,KG-AM-3147,
حضانة بذور الغد,عمان,عمان,شرق عمان,إسكان الجيش – شارع عبدالقادر الزغول – باتجاه أبو عليا,789995605,Seeds of Tomorrow Nursery,,,,KG-AM-3148,
حضانة ناريمان النموذجية,الرمثا,الرمثا,الرمثا,مقابل مدرسة جمانة,786306644,Nariman Model Nursery,,,,KG-HASH-A5004523-34,
حضانة كوكب المرح الطفولي,العقبة,العقبة,الثامنة,قرب مسجد الكالوتي,9872021168,Fun Planet Childhood Nursery,,,,KG-AQ-0032,
حضانة ورود الربيع,البلقاء,السلط,ماحص,شارع المدارس,772663512,Spring Roses Nursery,,,,KG-BA-0119,
حضانة حسام وسبأ الحديثة,إربد,إربد,الحصن,الحي الشرقي – شارع الكلية,791854881,Husam & Saba Modern Nursery,,,,KG-IR-0203,
حضانة تكوين,عمان,عمان,شمال عمان,طلوع الجاذبية – قرب سوبرماركت ياهلا,792127898,Takween Nursery,,,,KG-AM-3149,
حضانة الفطاحلة النموذجية,إربد,إربد,الحي الجنوبي,جنوب غرب دوار صحارى – 300 متر,777148052,Al-Fatahilah Model Nursery,,,,KG-IR-0204,
حضانة بيت السكاكر,إربد,إربد,الراهبات الوردية,خلف مستشفى الراهبات الوردية – بجانب السور,777747716,Candy House Nursery,,,,KG-IR-0205,
حضانة القلب السعيد,عمان,عمان,شرق عمان,ضاحية الأمير حسن – قرب مطعم الهنيني,777772615,Happy Heart Nursery,,,,KG-AM-3150,
حضانة كوخ الدب,الزرقاء,الزرقاء,الجبل الشمالي,شارع الملك عبد الله الثاني,782929569,Bear Cabin Nursery,,,,KG-ZA-0097,
حضانة هابي داي,عمان,عمان,اليوبيل,شارع النزهة 15,,Happy Day Nursery,,,,KG-AM-3151,
حضانة لحن الحياة,عمان,عمان,جنوب عمان,إسحاق بن حنين – الياسمين – بناية 7,795664426,Lahn Al-Hayat Nursery,,,,KG-AM-3152,
حضانة طلال ونورة,عمان,عمان,الرابية,شارع عرار 205,,Talal wa Noura Nursery,,,,KG-AM-3153,
حضانة كيه سيتي,عمان,عمان,تلاع العلي,شارع سامر رمّانة,,K-City Nursery,,,,KG-AM-3154,
حضانة نجوم المرج النموذجية,عمان,عمان,المرج,المرج,,Nujoom Al-Murj Model Nursery,,,,KG-AM-3155,
حضانة اليوم السعيد,عمان,عمان,بسمان/جبل النزهة,شارع الكويتية – بناية 15,790225163,Al-Yawm Al-Saeed Nursery,,,,KG-AM-3156,
حضانة فرح النموذجية,عمان,عمان,جبل الحسين,دوار الداخلية – نزول سرفيس العبدلي,5695093,Farah Model Nursery,,,,KG-AM-3157,
روضة وحضانة نداء الطفولة,عمان,عمان,شمال عمان,شارع البلدية بعد البنك الإسلامي مقابل ملحمة الخليل,,Nadaa Al-Tufulah Nursery & KG,,,,KG-AM-3158,
حضانة سيسو النموذجية,عمان,عمان,خلدا,قرب دوار السكر – مقابل سامح مول,5522949,Siso Model Nursery,,,,KG-AM-3159,
روضة ومدارس أكاديمية ريتال الدولية,عمان,عمان,ياجوز,تقاطع جسر ياجوز – شارع الأردن,5336363,Rital International Academy,,,,KG-AM-3160,
حضانة قوس قزح النموذجية,عمان,عمان,الشميساني,الشميساني,5605300,Rainbow Model Nursery,,,,KG-AM-3161,
شركة إبداع الطفولة,عمان,عمان,شمال عمان,شارع شريفة زين – خلف روان كيك,790932622,Ebdaa Al-Tufulah,,,,KG-AM-3162,
حضانة الصياد الصغير,عمان,عمان,جنوب عمان,مرج الحمام – شارع محمد بن طلال,797710897,Little Hunter Nursery,,,,KG-AM-3163,
الشجرة المباركة للتعليم والاستثمار,عمان,عمان,شمال عمان,إشارة جبري – خلف بهجت سنتر,55555,Blessed Tree Education,,,,KG-AM-3164,
حضانة نطاق الألوان المرحة,عمان,عمان,شرق عمان,شفا بدران – بجانب أكاديمية ريماس,5231617,Color Range Fun Nursery,,,,KG-AM-3165,
حضانة زهور صغيرة,عمان,عمان,الشميساني,شارع الفيحاء,792872827,Little Flowers Nursery,,,,KG-AM-3166,
حضانة المشاكس الصغير,عمان,عمان,أم أذينة,شارع الكوفة – بناية 71,790395471,Little Mischief Nursery,,,,KG-AM-3167,
حضانة عبق عجلون النموذجية,عجلون,عجلون,عبين,شارع إربد – مقابل صالة النورس,778952295,Abq Ajloun Model Nursery,,,,KG-AJ-0037,
مؤسسة المنهل التربوية,عمان,عمان,الجامعة الأردنية,إسكان الجامعة الأردنية,65153751,Al-Manhal Educational Institution,,,,KG-AM-3168,
حضانة النحلة الصغيرة,عمان,عمان,الجاردنز,دخلة مطعم السروات,,Little Bee Nursery,,,,KG-AM-3169,
حضانة مملكة السكر,عمان,عمان,شرق عمان,طبربور – شارع أسعد بن زرارة,797064545,Sugar Kingdom Nursery,,,,KG-AM-3170,
حضانة طوق الياسمين,عمان,عمان,شرق عمان,طبربور – مظهر علاونة – بجانب موسيقات القوات,4897208,Tawq Al-Yasmin Nursery,,,,KG-AM-3171,
حضانة قمم الأشجار,عمان,عمان,الشميساني,عبد الحميد كرامي – بناية 8,795057999,Tree Tops Nursery,,,,KG-AM-3172,
حضانة الخيوط اللامعة,عمان,عمان,أبو السوس,إسكان الأمانة – حي الصنوبر,795241103,Shining Threads Nursery,,,,KG-AM-3173,
حضانة الما وأيلا,عمان,عمان,شمال عمان,ضاحية الرشيد – قبل سكن أميمة,792107921,Alma & Ayla Nursery,,,,KG-AM-3174,
حضانة ماما رولا,عمان,عمان,شرق عمان,شفا بدران – حي ذهيبة – خلف الكلحة – بناية 3,798076488,Mama Rola Nursery,,,,KG-AM-3175,
حضانة حبات التوت,عمان,عمان,مرج الحمام,شارع مويى النهار,,Raspberry Seeds Nursery,,,,KG-AM-3176,
حضانة أطفال تمارا,عمان,عمان,شمال عمان,خلف مطعم طواحين,775136924,Tamara Kids Nursery,,,,KG-AM-3177,
حضانة أزهار بيسان,عمان,عمان,شرق عمان,الهاشمي الشمالي – حي نايفة – مقابل وزارة الصحة,65057240,Bisan Flowers Nursery,,,,KG-AM-3178,
حضانة دانة الدولية,عمان,عمان,شمال عمان,تلاع العلي – خلف الهوليدي إن,797097685,Dana International Nursery,,,,KG-AM-3179,
حضانة سالي وسلمى,عمان,عمان,شمال عمان,الجبيهة – مقابل الأحدث سابقاً,5238494,Sally & Salma Nursery,,,,KG-AM-3180,
حضانة وسيم النموذجية,عمان,عمان,جنوب عمان,الأشرفية – حي أم تينة,798457004,Waseem Model Nursery,,,,KG-AM-3181,
حضانة النحلة جولي,عمان,عمان,شرق عمان,طبربور – بجانب جامعة العلوم الإسلامية,796897303,Jolly Bee Nursery,,,,KG-AM-3182,
حضانة الأكواخ الملونة,عمان,عمان,الشميساني,شارع الجاحظ – مقابل مجمع السعيد,795659165,Colored Cabins Nursery,,,,KG-AM-3183,
حضانة النجوم المتلألئة,عمان,عمان,اليوبيل,مرج الحمام – شارع نايف بن عاصم,799629292,Twinkling Stars Nursery,,,,KG-AM-3184,
حضانة جنتي للأطفال,عمان,عمان,شمال عمان,خلدا – شارع المعارف – قرب مدرسة المعارف,797387766,My Paradise Nursery,,,,KG-AM-3185,
حضانة ميرا والمى,عمان,عمان,الياسمين,"WV9V+9XX, حي الياسمين, عمّان",0795489505,Meera & Alma Nursery,,,,KG-AM-3186,
حضانة عصافير الكرك,الكرك,الكرك,الكرك,الثنية – الشارع الرئيسي,1111111111,Karak Sparrows Nursery,,,,KG-KA-0021,
حضانة القطط الصغيرة,عمان,عمان,شمال عمان,تلاع العلي – بجانب البشيتي – بناية 3,795740854,Little Kittens Nursery,,,,KG-AM-3187,
حضانة الطفل الحسن,عمان,عمان,اليوبيل,بيادر وادي السير – الجندويل,799645430,Good Child Nursery,,,,KG-AM-3188,
روضة وحضانة أنا الصغير,عمان,عمان,شمال عمان,خرجا – دخلة مدارس الدر المنثور,5538008,Ana Al-Saghir Nursery & KG,,,,KG-AM-3189,
حضانة القلب الكبير,إربد,إربد,إربد,قرب مضافة أبو سالم,7247155,Big Heart Nursery,,,,KG-IR-0206,
حضانة قرية التوت العالمية,عمان,عمان,عمان المركز,دوار الكيلو – خلف البرجر كنج – عمارة 46,798288080,Global Berry Village Nursery,,,,KG-AM-3190,
حضانة الجيل القادم,عمان,عمان,شمال عمان,المدينة الرياضية – شمس الدين الذهبي,65163070,Next Generation Nursery,,,,KG-AM-3191,
حضانة التباشير البيضاء,عمان,عمان,بين الدوار 6 وال7,شارع التباشير,791560630,White Chalk Nursery,,,,KG-AM-3192,
حضانة مونلايت,عمان,عمان,الشميساني,الشميساني,,Moonlight Nursery,,,,KG-AM-3193,
حضانة فيرست ووردز,عمان,عمان,الصويفية,شارع سعيد المفتي – عمارة 16,796246213,First Words Preschool,,,,KG-AM-3194,
روضة ومدرسة ليلى للتعليم الحديث,عمان,عمان,طبربور,شارع محمد العويدات – مجمع 2,,Leila Modern Education KG & School,,,,KG-AM-3195,
حضانة ليتل ليرنرز,عمان,عمان,الرابية,شارع أنور الخطيب,,Little Learners Nursery,,,,KG-AM-3196,
حضانة العلمي الممتع,عمان,عمان,اليوبيل,شارع عبد الله غوشة,,Fun Science Nursery,,,,KG-AM-3197,
حضانة ميني مي,عمان,عمان,خلدا,شارع الأمير زيد,,Mini Me Nursery,,,,KG-AM-3198,
حضانة الانطلاقة,عمان,عمان,الصويفية,شارع بخيت العيسى,65865080,Al Intilaqa Nursery,,,,KG-AM-3199,
حضانة كوكون,عمان,عمان,الرابية,شارع محمد الخماش,,Cocoon Nursery,,,,KG-AM-3200,
حضانة زهور المستقبل,عمان,عمان,الرونق,شارع الأسبح – فيلا 6,782668833,Future Flowers Nursery,,,,KG-AM-3201,
حضانة نهج المعرفة,عمان,عمان,الدوار الثامن,الدوار الثامن,,Nahj Al-Ma’rifa KG,,,,KG-AM-3202,
روضة بوك أند براش,عمان,عمان,الصويفية,شارع زهدي عصفور,,Book n Brush KG,,,,KG-AM-3203,
حضانة البدايات المشرقة,عمان,عمان,أم أذينة,شارع الدمام 48,795225253,Bright Beginnings Nursery,,,,KG-AM-3204,
حضانة وروضة وورلد كرياتيف,عمان,عمان,الرابية,شارع إبراهيم القطان 22,,Creative World Nursery & KG,,,,KG-AM-3205,
حضانة الأطفال السعداء (2),عمان,عمان,السهل,السهل,,Happy Kids Nursery (2),,,,KG-AM-3206,
حضانة السندريلا,عمان,عمان,جبل الحسين,شارع الملك عبد الله الثاني 2,64006176,Cinderella Nursery,,,,KG-AM-3207,
روضة ينابيع العلم,عمان,عمان,البيادر,مقسم العطار – شارع البيادر,,Yanabe’ Al-Ilm KG,,,,KG-AM-3208,
حضانة السوبر ناني,عمان,عمان,المرج,المرج,7995009794,Super Nanny Nursery,,,,KG-AM-3209,
حضانة ميلكي تيث,عمان,عمان,خلدا,خلدا,,Milky Teeth KG Nursery,,,,KG-AM-3210,
حضانة ستارفيش,عمان,عمان,الرابية,شارع أنوارين مسمار 4,,Starfish Nursery,,,,KG-AM-3211,
حضانة ليتل هاندز,عمان,عمان,خلدا,خلدا,,Little Hands Nursery,,,,KG-AM-3212,
حضانة وروضة ستيبينج ستون,عمان,عمان,أم السماق,شارع أرتيريا 50,,Stepping Stone Preschool & Nursery,,,,KG-AM-3213,
حضانة آدم كيدز,عمان,عمان,عبدون,عبدون,,Adam Kids Nursery,,,,KG-AM-3214,
حضانة رونق المودة,عمان,عمان,البيادر,شارع خضر قردن – مقابل النادي الأهلي,795964769,Ronaq Al-Mawaddah Nursery,,,,KG-AM-3215,
حضانة أمبريلا,عمان,عمان,اليوبيل,اليوبيل,,Umbrella Nursery,,,,KG-AM-3216,
حضانة وروضة المتفوقين أكاديمي,عمان,عمان,خلدا,شارع أيوب السختياني 14,,Al Mutafawqeen Academy KG & School,,,,KG-AM-3217,
حضانة منزلي الكبير,عمان,عمان,الشميساني,شارع الشريف ناصر بن جميل 78,,My Big House Nursery,,,,KG-AM-3218,
روضة أكاديمية الأطفال الرائعين,عمان,عمان,اليوبيل,شارع محمد العجلوني,,Wonderful Kids Academy KG,,,,KG-AM-3219,
حضانة وروضة كراميل,عمان,عمان,خلدا,شارع الأميرة زينب 63,,Caramel Nursery & KG,,,,KG-AM-3220,
حضانة بز بي,عمان,عمان,خلدا,خلدا,,BuzzBee Nursery,,,,KG-AM-3221,
روضة وابه,عمان,عمان,طبربور,شارع صدقي أبو شقرة,,Wabe KG,,,,KG-AM-3222,
حضانة سيفتي هاوس,عمان,عمان,خلدا,شارع المعارف – خلدا,,Safety House Nursery,,,,KG-AM-3223,
حضانة ليتل بي,عمان,عمان,اليوبيل,اليوبيل,,Little Bee Nursery,,,,KG-AM-3224,
روضة و حضانة هيل هاوس,عمان,عمان,الشميساني,شارع محمد علي بدير 37,,Hill House KG & Nursery,,,,KG-AM-3225,
حضانة الأكواخ الملونة,عمان,عمان,الشميساني,شارع الجاحظ – مقابل مجمع السعيد التجاري,795659165,Al-Akwakh Al-Mulawwanah Nursery,,,,KG-AM-3226,
حضانة سويت آند نوتي,عمان,عمان,الشميساني,الشميساني,,Sweet and Naughty Nursery,,,,KG-AM-3227,
حضانة كيدز فالي,عمان,عمان,الشميساني,شارع يوسف بن تاشفين 5,,Kids Valley Nursery,,,,KG-AM-3228,
حضانة ليتل جاردن,عمان,عمان,خلدا,خلدا,,Little Garden Pre & Nursery,,,,KG-AM-3229,
حضانة راقي الدولية,عمان,عمان,الرابية,شارع رفاعة بن أوس 46,,Raqi International Preschool,,,,KG-AM-3230,
حضانة السلام,عمان,عمان,الكرسي,الكرسي,,Al-Salam Nursery,,,,KG-AM-3231,
حضانة ستدي بلاي,عمان,عمان,خلدا,شارع الشيخ حسين الجسر 44,,Study Play KG,,,,KG-AM-3232,
حضانة فيرست ستيب,عمان,عمان,اليوبيل,اليوبيل,,First Step Nursery,,,,KG-AM-3233,
حضانة كينزي,عمان,عمان,طبربور,شارع فاضل أحمد خليفة 20,,Kenzi KG,,,,KG-AM-3234,
حضانة ليتل بروفيسورز أكاديمي,عمان,عمان,خلدا,شارع أبهى 11,,Little Professors Academy,,,,KG-AM-3235,
حضانة زين,عمان,عمان,اليوبيل,شارع الإخلاص 31,,Zain Nursery,,,,KG-AM-3236,
حضانة وروضة ليونز كينجدوم,عمان,عمان,دابوق,شارع يثرب 9,,Lions Kingdom Nursery & Pre-school,,,,KG-AM-3237,
روضة و حضانة المجد الوطنية,عمان,عمان,خلدا,شارع الفقهاء – مجمع 4,,Al Majd National Academy KG,,,,KG-AM-3238,
حضانة وايت لاينز,عمان,عمان,خلدا,شارع أم الدنانير – خلدا,,White Lines Nursery,,,,KG-AM-3239,
حضانة لارا,عمان,عمان,تلاع العلي,خلف سوبر ماركت الأهالي,65670424,Lara Nursery,,,,KG-AM-3240,
حضانة المشاكس الصغير,عمان,عمان,أم أذينة,أم أذينة الشرقي,795581762,Al-Mushakis Al-Saghir Nursery,,,,KG-AM-3241,
حضانة عطر الجوري,عمان,عمان,الياسمين,شارع محمد سالم الثوايب,,Atr Al-Jouri Nursery,,,,KG-AM-3242,
حضانة وروضة هابي فايسيز,عمان,عمان,اليوبيل,شارع ثويبة بن حرملة,,Happy Faces Nursery & Preschool,,,,KG-AM-3243,
حضانة آرت كير,عمان,عمان,خلدا,شارع عروة بن أذينة,,Art Care Nursery,,,,KG-AM-3244,
حضانة وروضة ستيب باي ستيب,عمان,عمان,الرابية,شارع وديع قسطندي 3,,Step By Step Preschool,,,,KG-AM-3245,
حضانة وروضة ليتل لاند,عمان,عمان,الشميساني,شارع الأشعري 15,,Little Land Nursery & Preschool,,,,KG-AM-3246,
حضانة دانا,عمان,عمان,خلدا,كنيسة كرم إمسيح – خلدا,,Dana Nursery,,,,KG-AM-3247,
حضانة بانان دي كير,عمان,عمان,اليوبيل,شارع موسى الساكت 76,,Banan Daycare,,,,KG-AM-3248,
حضانة طوق الياسمين,عمان,عمان,طبربور,مظهر علاونة – بجانب موسيقات القوات المسلحة,4897208,Tawq Al-Yasmin Nursery,,,,KG-AM-3249,
حضانة كولورز تري,عمان,عمان,خلدا,شارع عيسى أبو قدوم 6,,Colors Tree Nursery,,,,KG-AM-3250,
حضانة كرادل تو كرايون,عمان,عمان,اليوبيل,شارع أحمد عرابي,,Cradle to Crayon Nursery,,,,KG-AM-3251,
روضة أيوب,عمان,عمان,الشميساني,شارع أحمد أوكلة النصور,,Ayoub KG,,,,KG-AM-3252,
روضة و حضانة نحن الأطفال,عمان,عمان,جبل الحسين,شارع عز الدين القسام,,Nahnu Al-Atfal Nursery & KG,,,,KG-AM-3253,
حضانة وروضة صنلايت,عمان,عمان,الرابية,شارع نهاوند – الرابية,,Sunlight Nursery & Pre-School,,,,KG-AM-3254,
روضة و حضانة عالم الصغار,عمان,عمان,الشميساني,شارع أسيد بن ثعلبة,,Aalam Al-Sighar Nursery & KG,,,,KG-AM-3255,
حضانة كُن طفلًا,عمان,عمان,اليوبيل,شارع تعز,,Kun Tiflan Nursery,,,,KG-AM-3256,
حضانة تري توبس,عمان,عمان,الشميساني,شارع عبد الحميد كرامي,795057999,Tree Tops Nursery,,,,KG-AM-3257,
روضة هابي هارت,عمان,عمان,اليوبيل,مجمع النور – شارع محمد بن غطوس,,Happy Heart Kindergarten,,,,KG-AM-3258,
حضانة بامبل بي,عمان,عمان,الرابية,شارع تبريز,,Bumble Bee Preschool,,,,KG-AM-3259,
حضانة الما وايلا,عمان,عمان,ضاحية الرشيد,قبل سكن أميمة,798683815,Alma and Ayla Nursery,,,,KG-AM-3260,
حضانة ليديبرد,عمان,عمان,الشميساني,شارع يوسف بن تاشفين,,Ladybird Nursery,,,,KG-AM-3261,
حضانة داندون,عمان,عمان,خلدا,شارع عبد الله الأعزب,,Dandoon Nursery,,,,KG-AM-3262,
حضانة إيرلي بيرد (تلاع العلي),عمان,عمان,تلاع العلي,مجمع 44 – شارع عبد الحليم عباس,,Early Bird Nursery (Tala Al-Ali),,,,KG-AM-3263,
روضة الطفل السعيد,عمان,عمان,شرق عمان,ماركا الشمالية – حمزة,4895823,Al-Tifl Al-Saeed KG,,,,KG-AM-3264,
حضانة هيا سبراوتس,عمان,عمان,خلدا,شاكر بن زيد,,Haya Sprouts Preschool,,,,KG-AM-3265,
حضانة بيتي الصغير,عمان,عمان,شمال عمان,يوسف بن تاشفين 20 – الشميساني,65676210,My Little Home Nursery,,,,KG-AM-3266,
روضة كيدز واي,عمان,عمان,خلدا,شارع الأوزاعي – مجمع 11,,Kids Way Kindergarten,,,,KG-AM-3267,
حضانة جريت بيجينينجز,عمان,عمان,جبل الحسين,شارع إسماعيل بابوق,775367440,Great Beginnings Child Care,,,,KG-AM-3268,
حضانة ليتل ستيبس,عمان,عمان,خلدا,شارع الشيخ حسين الجسر,,Little Steps Nursery,,,,KG-AM-3269,
حضانة رايت ستارت,عمان,عمان,اليوبيل,اليوبيل,,Right Start Nursery,,,,KG-AM-3270,
روضة الأصدقاء المبدعين,عمان,عمان,خلدا,شارع عبد الله بن مسعود 20,,Creative Friends KG,,,,KG-AM-3271,
حضانة ليتل فلاورز,عمان,عمان,خلدا,خلدا,,Little Flowers Day Nursery,,,,KG-AM-3272,
حضانة كيدز ستيبس,عمان,عمان,الرابية,شارع تلمسان – مجمع 5,,Kids Steps Nursery,,,,KG-AM-3273,
حضانة شيري تري,عمان,عمان,جبل الحسين,شارع محمد جمجوم – مجمع 2,,Cherry Tree Nursery,,,,KG-AM-3274,
حضانة ثراء كيدز,عمان,عمان,شرق عمان,شرق عمان,,Thraa Kids Nursery,,,,KG-AM-3275,
حضانة الفقاعة المضحكة,عمان,عمان,أم السماق,شارع عطيوي المجالي – بناية 26,798379019,Funny Bubble Nursery,,,,KG-AM-3276,
حضانة طيور المحبة,عمان,عمان,جبل عمان,دوار ثاني – شارع المعتصم 55 – بجانب عمارة قناة الجزيرة,4623095,Birds of Love Nursery,,,,KG-AM-3277,
حضانة ريتان,إربد,إربد,الحي الشرقي,خلف حلويات الكت والكات,789416515,Ritan Nursery,,,,KG-IR-0207,
حضانة الطفل الأمثل,الزرقاء,الزرقاء,البتراوي,حي البتراوي,790063659,Best Child Nursery,,,,KG-ZA-0098,
حضانة أطفال الرونق,عمان,عمان,الرونق,شارع محمد علي حسين الكردي – عمارة 30,775933580,Ronaq Kids Nursery,,,,KG-AM-3278,
حضانة البالون,عمان,عمان,الدوار السابع,بجانب فندق جنيفا,5815852,Balloon Nursery,,,,KG-AM-3279,
حضانة براعم الرمثا التعليمية والنموذجية,الرمثا,الرمثا,الرئيسي,الرئيسي,799593982,Baraem Al-Ramtha Educational & Model,,,,KG-HASH-E7F2DA07-25,
حضانة النبات السليم,عمان,عمان,طبربور,حي الشهيد الجنوبي,790479314,Healthy Plant Nursery,,,,KG-AM-3280,
حضانة أرض النجوم,عمان,عمان,ضاحية الرشيد,مقابل مدرسة تقارب,5555,Land of Stars Nursery,,,,KG-AM-3281,
حضانة صقور العزة,عمان,عمان,أبو نصير,شارع السعادة,796655818,Falcons of Pride Nursery,,,,KG-AM-3282,
حضانة أطفال التوت البري,عمان,عمان,اليوبيل,شارع عبدالله غوشة – بجانب مسجد أحد,797266304,Wild Berry Kids Nursery,,,,KG-AM-3283,
حضانة أنس وأمير,عمان,عمان,الجبيهة,حي الريان – شارع المريري,770065605,Anas & Amir Nursery,,,,KG-AM-3284,
حضانة ألوان الفرح للأطفال,عمان,عمان,شرق عمان,حي العبداللات – بجانب مدرسة الكندي,785652504,Colors of Joy Nursery,,,,KG-AM-3285,
حضانة أحمد وضحى,إربد,إربد,الصريح,الصريح,772258725,Ahmed & Dahaa Nursery,,,,KG-IR-0208,
حضانة البداية السعيدة النموذجية,عمان,عمان,اليوبيل,شارع المدينة المنورة,795395747,Happy Beginning Model Nursery,,,,KG-AM-3286,
حضانة أنا وأخي نمرح,مادبا,مادبا,اليرموك,شارع اليرموك,772211947,Me & My Brother Play Nursery,,,,KG-MD-0028,
حضانة جود وميرا,الزرقاء,الزرقاء,جبل المغير,قرب صيدلية شمع العسل,782209062,Jood & Mira Nursery,,,,KG-ZA-0099,
حضانة ضوء القمر,عمان,عمان,الصويفية,قرب قرية الصويفية – شارع زكي الصويتي,78988868,Moonlight Nursery,,,,KG-AM-3287,
حضانة بيت الحلوة للأطفال,عمان,عمان,الجاردنز,خلف مدارس الرأي – عمارة 20,799853333,Sweet Home Kids Nursery,,,,KG-AM-3288,
حضانة الطفل العربي,إربد,إربد,الحي الشرقي,قرب أسواق المؤسسة العسكرية,793050777,Arab Child Nursery,,,,KG-IR-0209,
حضانة حبايبنا,إربد,إربد,النعيمة,النعيمة,790959613,Our Darlings Nursery,,,,KG-IR-0210,
حضانة الخطوات التعليمية,عجلون,عجلون,عبين,خلف مطعم داريا – شارع إربد–عجلون,775570101,Educational Steps Nursery,,,,KG-AJ-0038,
حضانة فوفو ودودو,عمان,عمان,مرج الحمام,حي الأمير حمزة,777726263,Fufu & Dodo Model Nursery,,,,KG-AM-3289,
حضانة ورود المستقبل,عمان,عمان,الرونق,شارع الأصبه – بناية 6,782668833,Future Roses Nursery,,,,KG-AM-3290,
حضانة الانطباعات الأولى,إربد,إربد,الراهبات الوردية,غرب مسجد أبو دلو,780466032,First Impressions Nursery,,,,KG-IR-0211,
حضانة بابا سنفور,إربد,إربد,إربد,إربد,787054530,Papa Smurf Nursery,,,,KG-IR-0212,
حضانة جمعية الشابات المسيحية الخيرية-الفحيص,البلقاء,السلط,الفحيص,خلف بيت الفحيص – شارع صبيان الحصان,799946050,YWCA Al-Fuheis Nursery,,,,KG-BA-0120,
حضانة رياحين الجنة,عمان,عمان,شرق عمان,الهاشمي الشمالي – شارع الحارث العبدي,797401206,Breezes of Paradise Nursery,,,,KG-AM-3291,
حضانة خمسة وستون 65,البلقاء,السلط,المدينة الرياضية,قرب مدارس السلط الأهلية,777774819,65 Nursery,,,,KG-BA-0121,
حضانة جنة الورد,عجلون,عجلون,عين جنا,مبنى البلدية – وسط البلد,777006207,Rose Paradise Nursery,,,,KG-AJ-0039,
حضانة الكلمات الأولى,عمان,عمان,الصويفية,شارع سعيد المفتي – عمارة 16,796246213,First Words Nursery,,,,KG-AM-3292,
حضانة زين ونانا,البلقاء,السلط,أم عليه,الشارع الرئيسي,785226638,Zain & Nana Nursery,,,,KG-BA-0122,
حضانة أفضل مكان لطفلك,إربد,إربد,إربد,,790303443,Best Place for Your Child Nursery,,,,KG-IR-0213,
حضانة زهور الليلك,عمان,عمان,اليوبيل,مقابل مركز صحي أم السوس,795049140,Lilac Flowers Nursery,,,,KG-AM-3293,
المستوى الرفيع المتميز للتعليم,عمان,عمان,الشميساني,شارع ابن الفارض 11,799714198,High Level Distinguished Education,,,,KG-AM-3294,
حضانة المملكة الصغيرة,عمان,عمان,ضاحية الياسمين,شارع حفصة بنت عمرو 35,792024263,Small Kingdom Nursery,,,,KG-AM-3295,
حضانة أحلام المستقبل النموذجية,مادبا,مادبا,الخطابية,الخطابية,779681212,Dreams of the Future Model Nursery,,,,KG-MD-0029,
حضانة عبق الربيع,عمان,عمان,شرق عمان,طبربور – شارع قمر اليافي مقابل حلويات نفيسة,797808114,Spring Fragrance Nursery,,,,KG-AM-3296,
حضانة الانامل الذهبية,عمان,عمان,شرق عمان,ماركا الشمالية – شارع فاطمة الزهراء – مسجد فاطمة الزهراء,799381207,Golden Fingers Nursery,,,,KG-AM-3297,
حضانة حكايتي الصغيرة,عمان,عمان,الجبيهة,مقابل الجمعية العلمية الملكية – ط الأرضي,5340409,My Little Story Nursery,,,,KG-AM-3298,
حضانة براعم السكر,العقبة,العقبة,السكنية الثالثة,شارع العباسيين – بجانب مسجد سعد بن أبي وقاص,792030177,Sugar Buds Nursery,,,,KG-AQ-0033,
حضانة درجات صغيرة,عمان,عمان,اليوبيل,دوار البرديني – قرب مدارس الإشراق,785905701,Small Steps Nursery,,,,KG-AM-3299,
حضانة أشكال النموذجية,إربد,إربد,خلف مستشفى إربد التخصصي,0772155227,,Shapes Model Nursery,,,,KG-IR-0214,
حضانة لطفولة أرقى,الزرقاء,الزرقاء,مدينة الشرق,قرب دوار الطيارة,772000294,Finer Childhood Nursery,,,,KG-ZA-0100,
حضانة سلمى وزين,البلقاء,السلط,البقيع,البقيع,790910177,Salma & Zain Nursery,,,,KG-BA-0123,
حضانة هلا وغلا,عمان,عمان,شرق عمان,طبربور – قرب إسكان الجيش – حديقة العهد والوفا – يوسف بني ياسين 9,5056076,Hala & Ghala Nursery,,,,KG-AM-3300,
حضانة من الألف إلى الياء,عمان,عمان,جنوب عمان,مرج الحمام – إسكان عالية – فيلا 30,,From A to Z Nursery,,,,KG-AM-3301,
حضانة الطفل السعيد,عمان,عمان,شرق عمان,ماركا الشمالية – حمزة – قرب مدرسة الشريف حسين,4895823,Happy Child Nursery,,,,KG-AM-3302,
حضانة بدايات عظيمة,عمان,عمان,جبل الحسين,شارع إسماعيل بابوق 5,775367440,Great Beginnings Nursery,,,,KG-AM-3303,
حضانة ديمة النموذجية,البلقاء,السلط,شفا العامرية,شفا العامرية,772118163,Dima Model Nursery,,,,KG-BA-0124,
حضانة ضحكات الطفولة,عمان,عمان,الشميساني,بناية 39 – شارع معروف الرصافي,791520563,Childhood Laughter Nursery,,,,KG-AM-3304,
حضانة الأطفال السعداء,عمان,عمان,اليوبيل,مرج الحمام – شارع نالتشك – قرب مطعم دنيا المشاوي,797083374,Happy Children Nursery,,,,KG-AM-3305,
حضانة جوان النموذجية,الزرقاء,الزرقاء,الهاشمية,الحي الشرقي,788067807,Jawan Model Nursery,,,,KG-ZA-0101,
حضانة نور الجبيهة,عمان,عمان,الجبيهة,شارع مفلح اللوزي – بناية 32 – مقابل مفروشات شهوان,797670971,Nour Al-Jubeiha Nursery,,,,KG-AM-3306,
حضانة وروضة رونق المودة,عمان,عمان,البيادر,شارع خضر قردن – مقابل النادي الأهلي,795964769,Ronaq Al-Mawaddah Nursery & KG,,,,KG-AM-3307,
حضانة بريق النمارق,البلقاء,السلط,البقعان,بجانب مدرسة فاطمة الزهراء,797094191,Briq Al-Namarq Nursery,,,,KG-BA-0125,
حضانة الأرض السعيدة,عمان,عمان,جنوب عمان,المقابلين – حي الصحابة – شارع عبد الكريم الخطاب,790921251,Happy Land Nursery,,,,KG-AM-3308,
حضانة الحمامي,عمان,عمان,الجبيهة,شارع الريان – أم زويتينة,5555,Al-Hammami Nursery,,,,KG-AM-3309,
أكاديمية مدرسة وروضة جنى دان,الزرقاء,الزرقاء,بيرين,خلف النبعة,788616293,Jana Dan Academy & KG,,,,KG-ZA-0102,
حضانة شذى الورد,عمان,عمان,شرق عمان,طبربور – شارع عجاج الهبارنة – قرب مسجد عباد الرحمن,791077254,Shatha Al-Ward Nursery,,,,KG-AM-3310,
حضانة بذور الغد,عمان,عمان,شرق عمان,إسكان الجيش – شارع عبدالقادر الزغول – باتجاه أبو عليا,789995605,Seeds of Tomorrow Nursery,,,,KG-AM-3311,
حضانة ناريمان النموذجية,الرمثا,الرمثا,الرمثا,مقابل مدرسة جمانة,786306644,Nariman Model Nursery,,,,KG-HASH-A5004523-35,
حضانة كوكب المرح الطفولي,العقبة,العقبة,الثامنة,قرب مسجد الكالوتي,9872021168,Fun Planet Childhood Nursery,,,,KG-AQ-0034,
حضانة ورود الربيع,البلقاء,السلط,ماحص,شارع المدارس,772663512,Spring Roses Nursery,,,,KG-BA-0126,
حضانة حسام وسبأ الحديثة,إربد,إربد,الحصن,الحي الشرقي – شارع الكلية,791854881,Husam & Saba Modern Nursery,,,,KG-IR-0215,
حضانة تكوين,عمان,عمان,شمال عمان,طلوع الجاذبية – قرب سوبرماركت ياهلا,792127898,Takween Nursery,,,,KG-AM-3312,
حضانة الفطاحلة النموذجية,إربد,إربد,الحي الجنوبي,جنوب غرب دوار صحارى – 300 متر,777148052,Al-Fatahilah Model Nursery,,,,KG-IR-0216,
حضانة بيت السكاكر,إربد,إربد,الراهبات الوردية,خلف مستشفى الراهبات الوردية – بجانب السور,777747716,Candy House Nursery,,,,KG-IR-0217,
حضانة القلب السعيد,عمان,عمان,شرق عمان,ضاحية الأمير حسن – قرب مطعم الهنيني,777772615,Happy Heart Nursery,,,,KG-AM-3313,
حضانة كوخ الدب,الزرقاء,الزرقاء,الجبل الشمالي,شارع الملك عبد الله الثاني,782929569,Bear Cabin Nursery,,,,KG-ZA-0103,
حضانة اليوم السعيد,عمان,عمان,بسمان/جبل النزهة,شارع الكويتية – بناية 15,790225163,Al-Yawm Al-Saeed Nursery,,,,KG-AM-3314,
حضانة فرح النموذجية,عمان,عمان,جبل الحسين,دوار الداخلية – نزول سرفيس العبدلي,5695093,Farah Model Nursery,,,,KG-AM-3315,
روضة وحضانة نداء الطفولة,عمان,عمان,شمال عمان,شارع البلدية بعد البنك الإسلامي مقابل ملحمة الخليل,,Nadaa Al-Tufulah Nursery & KG,,,,KG-AM-3316,
حضانة سيسو النموذجية,عمان,عمان,خلدا,قرب دوار السكر – مقابل سامح مول,5522949,Siso Model Nursery,,,,KG-AM-3317,
روضة ومدارس أكاديمية ريتال الدولية,عمان,عمان,ياجوز,تقاطع جسر ياجوز – شارع الأردن,5336363,Rital International Academy,,,,KG-AM-3318,
حضانة قوس قزح النموذجية,عمان,عمان,الشميساني,الشميساني,5605300,Rainbow Model Nursery,,,,KG-AM-3319,
شركة إبداع الطفولة,عمان,عمان,شمال عمان,شارع شريفة زين – خلف روان كيك,790932622,Ebdaa Al-Tufulah,,,,KG-AM-3320,
حضانة الصياد الصغير,عمان,عمان,جنوب عمان,مرج الحمام – شارع محمد بن طلال,797710897,Little Hunter Nursery,,,,KG-AM-3321,
الشجرة المباركة للتعليم والاستثمار,عمان,عمان,شمال عمان,إشارة جبري – خلف بهجت سنتر,55555,Blessed Tree Education,,,,KG-AM-3322,
حضانة نطاق الألوان المرحة,عمان,عمان,شرق عمان,شفا بدران – بجانب أكاديمية ريماس,5231617,Color Range Fun Nursery,,,,KG-AM-3323,
حضانة زهور صغيرة,عمان,عمان,الشميساني,شارع الفيحاء,792872827,Little Flowers Nursery,,,,KG-AM-3324,
حضانة المشاكس الصغير,عمان,عمان,أم أذينة,شارع الكوفة – بناية 71,790395471,Little Mischief Nursery,,,,KG-AM-3325,
حضانة عبق عجلون النموذجية,عجلون,عجلون,عبين,شارع إربد – مقابل صالة النورس,778952295,Abq Ajloun Model Nursery,,,,KG-AJ-0040,
مؤسسة المنهل التربوية,عمان,عمان,الجامعة الأردنية,إسكان الجامعة الأردنية,65153751,Al-Manhal Educational Institution,,,,KG-AM-3326,
حضانة النحلة الصغيرة,عمان,عمان,الجاردنز,دخلة مطعم السروات,,Little Bee Nursery,,,,KG-AM-3327,
حضانة مملكة السكر,عمان,عمان,شرق عمان,طبربور – شارع أسعد بن زرارة,797064545,Sugar Kingdom Nursery,,,,KG-AM-3328,
حضانة طوق الياسمين,عمان,عمان,شرق عمان,طبربور – مظهر علاونة – بجانب موسيقات القوات,4897208,Tawq Al-Yasmin Nursery,,,,KG-AM-3329,
حضانة قمم الأشجار,عمان,عمان,الشميساني,عبد الحميد كرامي – بناية 8,795057999,Tree Tops Nursery,,,,KG-AM-3330,
حضانة الخيوط اللامعة,عمان,عمان,أبو السوس,إسكان الأمانة – حي الصنوبر,795241103,Shining Threads Nursery,,,,KG-AM-3331,
حضانة الما وأيلا,عمان,عمان,شمال عمان,ضاحية الرشيد – قبل سكن أميمة,792107921,Alma & Ayla Nursery,,,,KG-AM-3332,
حضانة ماما رولا,عمان,عمان,شرق عمان,شفا بدران – حي ذهيبة – خلف الكلحة – بناية 3,798076488,Mama Rola Nursery,,,,KG-AM-3333,
حضانة حبات التوت,عمان,عمان,مرج الحمام,شارع مويى النهار,,Raspberry Seeds Nursery,,,,KG-AM-3334,
حضانة أطفال تمارا,عمان,عمان,شمال عمان,خلف مطعم طواحين,775136924,Tamara Kids Nursery,,,,KG-AM-3335,
حضانة أزهار بيسان,عمان,عمان,شرق عمان,الهاشمي الشمالي – حي نايفة – مقابل وزارة الصحة,65057240,Bisan Flowers Nursery,,,,KG-AM-3336,
حضانة دانة الدولية,عمان,عمان,شمال عمان,تلاع العلي – خلف الهوليدي إن,797097685,Dana International Nursery,,,,KG-AM-3337,
حضانة سالي وسلمى,عمان,عمان,شمال عمان,الجبيهة – مقابل الأحدث سابقاً,5238494,Sally & Salma Nursery,,,,KG-AM-3338,
حضانة وسيم النموذجية,عمان,عمان,جنوب عمان,الأشرفية – حي أم تينة,798457004,Waseem Model Nursery,,,,KG-AM-3339,
حضانة النحلة جولي,عمان,عمان,شرق عمان,طبربور – بجانب جامعة العلوم الإسلامية,796897303,Jolly Bee Nursery,,,,KG-AM-3340,
حضانة الأكواخ الملونة,عمان,عمان,الشميساني,شارع الجاحظ – مقابل مجمع السعيد,795659165,Colored Cabins Nursery,,,,KG-AM-3341,
حضانة النجوم المتلألئة,عمان,عمان,اليوبيل,مرج الحمام – شارع نايف بن عاصم,799629292,Twinkling Stars Nursery,,,,KG-AM-3342,
حضانة جنتي للأطفال,عمان,عمان,شمال عمان,خلدا – شارع المعارف – قرب مدرسة المعارف,797387766,My Paradise Nursery,,,,KG-AM-3343,
حضانة ميرا والمى,عمان,عمان,الياسمين,"WV9V+9XX, حي الياسمين, عمّان",0795489505,Meera & Alma Nursery,,,,KG-AM-3344,
حضانة عصافير الكرك,الكرك,الكرك,الكرك,الثنية – الشارع الرئيسي,1111111111,Karak Sparrows Nursery,,,,KG-KA-0022,
حضانة القطط الصغيرة,عمان,عمان,شمال عمان,تلاع العلي – بجانب البشيتي – بناية 3,795740854,Little Kittens Nursery,,,,KG-AM-3345,
حضانة الطفل الحسن,عمان,عمان,اليوبيل,بيادر وادي السير – الجندويل,799645430,Good Child Nursery,,,,KG-AM-3346,
روضة وحضانة أنا الصغير,عمان,عمان,شمال عمان,خرجا – دخلة مدارس الدر المنثور,5538008,Ana Al-Saghir Nursery & KG,,,,KG-AM-3347,
حضانة القلب الكبير,إربد,إربد,إربد,قرب مضافة أبو سالم,7247155,Big Heart Nursery,,,,KG-IR-0218,
حضانة قرية التوت العالمية,عمان,عمان,عمان المركز,دوار الكيلو – خلف البرجر كنج – عمارة 46,798288080,Global Berry Village Nursery,,,,KG-AM-3348,
حضانة الجيل القادم,عمان,عمان,شمال عمان,المدينة الرياضية – شمس الدين الذهبي,,Next Generation Nursery,,,,KG-AM-3349,
حضانة التباشير البيضاء,عمان,عمان,بين الدوار 6 وال7,شارع التباشير,791560630,White Chalk Nursery,,,,KG-AM-3350,
حضانة مونلايت,عمان,عمان,الشميساني,الشميساني,,Moonlight Nursery,,,,KG-AM-3351,
حضانة فيرست ووردز,عمان,عمان,الصويفية,شارع سعيد المفتي – عمارة 16,796246213,First Words Preschool,,,,KG-AM-3352,
روضة ومدرسة ليلى للتعليم الحديث,عمان,عمان,طبربور,شارع محمد العويدات – مجمع 2,,Leila Modern Education KG & School,,,,KG-AM-3353,
حضانة ليتل ليرنرز,عمان,عمان,الرابية,شارع أنور الخطيب,,Little Learners Nursery,,,,KG-AM-3354,
حضانة العلمي الممتع,عمان,عمان,اليوبيل,شارع عبد الله غوشة,,Fun Science Nursery,,,,KG-AM-3355,
حضانة ميني مي,عمان,عمان,خلدا,شارع الأمير زيد,,Mini Me Nursery,,,,KG-AM-3356,
حضانة الانطلاقة,عمان,عمان,الصويفية,شارع بخيت العيسى,65865080,Al Intilaqa Nursery,,,,KG-AM-3357,
حضانة كوكون,عمان,عمان,الرابية,شارع محمد الخماش,,Cocoon Nursery,,,,KG-AM-3358,
حضانة زهور المستقبل,عمان,عمان,الرونق,شارع الأسبح – فيلا 6,782668833,Future Flowers Nursery,,,,KG-AM-3359,
حضانة نهج المعرفة,عمان,عمان,الدوار الثامن,الدوار الثامن,,Nahj Al-Ma’rifa KG,,,,KG-AM-3360,
روضة بوك أند براش,عمان,عمان,الصويفية,شارع زهدي عصفور,,Book n Brush KG,,,,KG-AM-3361,
حضانة البدايات المشرقة,عمان,عمان,أم أذينة,شارع الدمام 48,795225253,Bright Beginnings Nursery,,,,KG-AM-3362,
حضانة وروضة وورلد كرياتيف,عمان,عمان,الرابية,شارع إبراهيم القطان 22,,Creative World Nursery & KG,,,,KG-AM-3363,
حضانة الأطفال السعداء (2),عمان,عمان,السهل,السهل,,Happy Kids Nursery (2),,,,KG-AM-3364,
حضانة السندريلا,عمان,عمان,جبل الحسين,شارع الملك عبد الله الثاني 2,64006176,Cinderella Nursery,,,,KG-AM-3365,
روضة ينابيع العلم,عمان,عمان,البيادر,مقسم العطار – شارع البيادر,,Yanabe’ Al-Ilm KG,,,,KG-AM-3366,
حضانة السوبر ناني,عمان,عمان,المرج,المرج,7995009794,Super Nanny Nursery,,,,KG-AM-3367,
حضانة ميلكي تيث,عمان,عمان,خلدا,خلدا,,Milky Teeth KG Nursery,,,,KG-AM-3368,
حضانة ستارفيش,عمان,عمان,الرابية,شارع أنوارين مسمار 4,,Starfish Nursery,,,,KG-AM-3369,
حضانة ليتل هاندز,عمان,عمان,خلدا,خلدا,,Little Hands Nursery,,,,KG-AM-3370,
حضانة وروضة ستيبينج ستون,عمان,عمان,أم السماق,شارع أرتيريا 50,,Stepping Stone Preschool & Nursery,,,,KG-AM-3371,
حضانة آدم كيدز,عمان,عمان,عبدون,عبدون,,Adam Kids Nursery,,,,KG-AM-3372,
حضانة رونق المودة,عمان,عمان,البيادر,شارع خضر قردن – مقابل النادي الأهلي,795964769,Ronaq Al-Mawaddah Nursery,,,,KG-AM-3373,
حضانة أمبريلا,عمان,عمان,اليوبيل,اليوبيل,,Umbrella Nursery,,,,KG-AM-3374,
حضانة وروضة المتفوقين أكاديمي,عمان,عمان,خلدا,شارع أيوب السختياني 14,,Al Mutafawqeen Academy KG & School,,,,KG-AM-3375,
حضانة منزلي الكبير,عمان,عمان,الشميساني,شارع الشريف ناصر بن جميل 78,,My Big House Nursery,,,,KG-AM-3376,
روضة أكاديمية الأطفال الرائعين,عمان,عمان,اليوبيل,شارع محمد العجلوني,,Wonderful Kids Academy KG,,,,KG-AM-3377,
حضانة وروضة كراميل,عمان,عمان,خلدا,شارع الأميرة زينب 63,,Caramel Nursery & KG,,,,KG-AM-3378,
حضانة بز بي,عمان,عمان,خلدا,خلدا,,BuzzBee Nursery,,,,KG-AM-3379,
روضة وابه,عمان,عمان,طبربور,شارع صدقي أبو شقرة,,Wabe KG,,,,KG-AM-3380,
حضانة سيفتي هاوس,عمان,عمان,خلدا,شارع المعارف – خلدا,,Safety House Nursery,,,,KG-AM-3381,
حضانة ليتل بي,عمان,عمان,اليوبيل,اليوبيل,,Little Bee Nursery,,,,KG-AM-3382,
روضة و حضانة هيل هاوس,عمان,عمان,الشميساني,شارع محمد علي بدير 37,,Hill House KG & Nursery,,,,KG-AM-3383,
حضانة الأكواخ الملونة,عمان,عمان,الشميساني,شارع الجاحظ – مقابل مجمع السعيد التجاري,795659165,Al-Akwakh Al-Mulawwanah Nursery,,,,KG-AM-3384,
حضانة سويت آند نوتي,عمان,عمان,الشميساني,الشميساني,,Sweet and Naughty Nursery,,,,KG-AM-3385,
حضانة كيدز فالي,عمان,عمان,الشميساني,شارع يوسف بن تاشفين 5,,Kids Valley Nursery,,,,KG-AM-3386,
حضانة ليتل جاردن,عمان,عمان,خلدا,خلدا,,Little Garden Pre & Nursery,,,,KG-AM-3387,
حضانة راقي الدولية,عمان,عمان,الرابية,شارع رفاعة بن أوس 46,,Raqi International Preschool,,,,KG-AM-3388,
حضانة السلام,عمان,عمان,الكرسي,الكرسي,,Al-Salam Nursery,,,,KG-AM-3389,
حضانة ستدي بلاي,عمان,عمان,خلدا,شارع الشيخ حسين الجسر 44,,Study Play KG,,,,KG-AM-3390,
حضانة فيرست ستيب,عمان,عمان,اليوبيل,اليوبيل,,First Step Nursery,,,,KG-AM-3391,
حضانة كينزي,عمان,عمان,طبربور,شارع فاضل أحمد خليفة 20,,Kenzi KG,,,,KG-AM-3392,
حضانة ليتل بروفيسورز أكاديمي,عمان,عمان,خلدا,شارع أبهى 11,,Little Professors Academy,,,,KG-AM-3393,
حضانة زين,عمان,عمان,اليوبيل,شارع الإخلاص 31,,Zain Nursery,,,,KG-AM-3394,
حضانة وروضة ليونز كينجدوم,عمان,عمان,دابوق,شارع يثرب 9,,Lions Kingdom Nursery & Pre-school,,,,KG-AM-3395,
روضة و حضانة المجد الوطنية,عمان,عمان,خلدا,شارع الفقهاء – مجمع 4,,Al Majd National Academy KG,,,,KG-AM-3396,
حضانة وايت لاينز,عمان,عمان,خلدا,شارع أم الدنانير – خلدا,,White Lines Nursery,,,,KG-AM-3397,
حضانة لارا,عمان,عمان,تلاع العلي,خلف سوبر ماركت الأهالي,65670424,Lara Nursery,,,,KG-AM-3398,
حضانة المشاكس الصغير,عمان,عمان,أم أذينة,أم أذينة الشرقي,795581762,Al-Mushakis Al-Saghir Nursery,,,,KG-AM-3399,
حضانة عطر الجوري,عمان,عمان,الياسمين,شارع محمد سالم الثوايب,,Atr Al-Jouri Nursery,,,,KG-AM-3400,
حضانة وروضة هابي فايسيز,عمان,عمان,اليوبيل,شارع ثويبة بن حرملة,,Happy Faces Nursery & Preschool,,,,KG-AM-3401,
حضانة آرت كير,عمان,عمان,خلدا,شارع عروة بن أذينة,,Art Care Nursery,,,,KG-AM-3402,
حضانة وروضة ستيب باي ستيب,عمان,عمان,الرابية,شارع وديع قسطندي 3,,Step By Step Preschool,,,,KG-AM-3403,
حضانة وروضة ليتل لاند,عمان,عمان,الشميساني,شارع الأشعري 15,,Little Land Nursery & Preschool,,,,KG-AM-3404,
حضانة دانا,عمان,عمان,خلدا,كنيسة كرم إمسيح – خلدا,,Dana Nursery,,,,KG-AM-3405,
حضانة بانان دي كير,عمان,عمان,اليوبيل,شارع موسى الساكت 76,,Banan Daycare,,,,KG-AM-3406,
حضانة طوق الياسمين,عمان,عمان,طبربور,مظهر علاونة – بجانب موسيقات القوات المسلحة,4897208,Tawq Al-Yasmin Nursery,,,,KG-AM-3407,
حضانة كولورز تري,عمان,عمان,خلدا,شارع عيسى أبو قدوم 6,,Colors Tree Nursery,,,,KG-AM-3408,
حضانة كرادل تو كرايون,عمان,عمان,اليوبيل,شارع أحمد عرابي,,Cradle to Crayon Nursery,,,,KG-AM-3409,
روضة أيوب,عمان,عمان,الشميساني,شارع أحمد أوكلة النصور,,Ayoub KG,,,,KG-AM-3410,
روضة و حضانة نحن الأطفال,عمان,عمان,جبل الحسين,شارع عز الدين القسام,,Nahnu Al-Atfal Nursery & KG,,,,KG-AM-3411,
حضانة وروضة صنلايت,عمان,عمان,الرابية,شارع نهاوند – الرابية,,Sunlight Nursery & Pre-School,,,,KG-AM-3412,
روضة و حضانة عالم الصغار,عمان,عمان,الشميساني,شارع أسيد بن ثعلبة,,Aalam Al-Sighar Nursery & KG,,,,KG-AM-3413,
حضانة كُن طفلًا,عمان,عمان,اليوبيل,شارع تعز,,Kun Tiflan Nursery,,,,KG-AM-3414,
حضانة تري توبس,عمان,عمان,الشميساني,شارع عبد الحميد كرامي,795057999,Tree Tops Nursery,,,,KG-AM-3415,
روضة هابي هارت,عمان,عمان,اليوبيل,مجمع النور – شارع محمد بن غطوس,,Happy Heart Kindergarten,,,,KG-AM-3416,
حضانة بامبل بي,عمان,عمان,الرابية,شارع تبريز,,Bumble Bee Preschool,,,,KG-AM-3417,
حضانة الما وايلا,عمان,عمان,ضاحية الرشيد,قبل سكن أميمة,798683815,Alma and Ayla Nursery,,,,KG-AM-3418,
حضانة ليديبرد,عمان,عمان,الشميساني,شارع يوسف بن تاشفين,,Ladybird Nursery,,,,KG-AM-3419,
حضانة داندون,عمان,عمان,خلدا,شارع عبد الله الأعزب,,Dandoon Nursery,,,,KG-AM-3420,
حضانة إيرلي بيرد (تلاع العلي),عمان,عمان,تلاع العلي,مجمع 44 – شارع عبد الحليم عباس,,Early Bird Nursery (Tala Al-Ali),,,,KG-AM-3421,
روضة الطفل السعيد,عمان,عمان,شرق عمان,ماركا الشمالية – حمزة,4895823,Al-Tifl Al-Saeed KG,,,,KG-AM-3422,
حضانة هيا سبراوتس,عمان,عمان,خلدا,شاكر بن زيد,,Haya Sprouts Preschool,,,,KG-AM-3423,
حضانة بيتي الصغير,عمان,عمان,شمال عمان,يوسف بن تاشفين 20 – الشميساني,65676210,My Little Home Nursery,,,,KG-AM-3424,
روضة كيدز واي,عمان,عمان,خلدا,شارع الأوزاعي – مجمع 11,,Kids Way Kindergarten,,,,KG-AM-3425,
حضانة جريت بيجينينجز,عمان,عمان,جبل الحسين,شارع إسماعيل بابوق,775367440,Great Beginnings Child Care,,,,KG-AM-3426,
حضانة ليتل ستيبس,عمان,عمان,خلدا,شارع الشيخ حسين الجسر,,Little Steps Nursery,,,,KG-AM-3427,
حضانة رايت ستارت,عمان,عمان,اليوبيل,اليوبيل,,Right Start Nursery,,,,KG-AM-3428,
روضة الأصدقاء المبدعين,عمان,عمان,خلدا,شارع عبد الله بن مسعود 20,,Creative Friends KG,,,,KG-AM-3429,
حضانة الجيل القادم,عمان,عمان,شمال عمان,المدينة الرياضية – شمس الدين الذهبي,65163070,Next Generation Nursery,,,,KG-AM-3430,
حضانة ليتل فلاورز,عمان,عمان,خلدا,خلدا,,Little Flowers Day Nursery,,,,KG-AM-3431,
حضانة كيدز ستيبس,عمان,عمان,الرابية,شارع تلمسان – مجمع 5,,Kids Steps Nursery,,,,KG-AM-3432,
حضانة شيري تري,عمان,عمان,جبل الحسين,شارع محمد جمجوم – مجمع 2,,Cherry Tree Nursery,,,,KG-AM-3433,
حضانة ثراء كيدز,عمان,عمان,شرق عمان,شرق عمان,,Thraa Kids Nursery,,,,KG-AM-3434,
حضانة الفقاعة المضحكة,عمان,عمان,أم السماق,شارع عطيوي المجالي – بناية 26,798379019,Funny Bubble Nursery,,,,KG-AM-3435,
حضانة طيور المحبة,عمان,عمان,جبل عمان,دوار ثاني – شارع المعتصم 55,4623095,Birds of Love Nursery,,,,KG-AM-3436,
حضانة ريتان,إربد,إربد,الحي الشرقي,خلف حلويات الكت والكات,789416515,Ritan Nursery,,,,KG-IR-0219,
حضانة الطفل الأمثل,الزرقاء,الزرقاء,البتراوي,حي البتراوي,790063659,Best Child Care Nursery,,,,KG-ZA-0104,
حضانة أطفال الرونق,عمان,عمان,الرونق,شارع محمد علي حسين الكردي – عمارة 30,775933580,Ronaq Kids Nursery,,,,KG-AM-3437,
حضانة البالون,عمان,عمان,الدوار السابع,بجانب فندق جنيفا,5815852,Balloon Nursery,,,,KG-AM-3438,
حضانة براعم الرمثا التعليمية والنموذجية,الرمثا,الرمثا,الرئيسي,الرئيسي,799593982,Baraem Al-Ramtha Educational & Model Nursery,,,,KG-HASH-E7F2DA07-26,
حضانة النبات السليم,عمان,عمان,طبربور,حي الشهيد الجنوبي,790479314,Healthy Plant Nursery,,,,KG-AM-3439,
حضانة أرض النجوم,عمان,عمان,ضاحية الرشيد,مقابل مدرسة تقارب,5555,Land of Stars Nursery,,,,KG-AM-3440,
حضانة صقور العزة,عمان,عمان,أبو نصير,شارع السعادة,796655818,Falcons of Pride Nursery,,,,KG-AM-3441,
حضانة أطفال التوت البري,عمان,عمان,اليوبيل,شارع عبدالله غوشة – بجانب مسجد أحد,797266304,Wild Berry Kids Nursery,,,,KG-AM-3442,
حضانة أنس وأمير,عمان,عمان,الجبيهة,حي الريان – شارع المريري,770065605,Anas & Amir Nursery,,,,KG-AM-3443,
حضانة ألوان الفرح للأطفال,عمان,عمان,شرق عمان,حي العبداللات – بجانب مدرسة الكندي,785652504,Colors of Joy Nursery,,,,KG-AM-3444,
حضانة أحمد وضحى,إربد,إربد,الصريح,الصريح,772258725,Ahmed & Dahaa Nursery,,,,KG-IR-0220,
حضانة البداية السعيدة النموذجية,عمان,عمان,اليوبيل,شارع المدينة المنورة,795395747,Happy Beginning Model Nursery,,,,KG-AM-3445,
حضانة أنا وأخي نمرح,مادبا,مادبا,اليرموك,شارع اليرموك,772211947,Me & My Brother Play Nursery,,,,KG-MD-0030,
حضانة جود وميرا,الزرقاء,الزرقاء,جبل المغير,قرب صيدلية شمع العسل,782209062,Jood & Mira Nursery,,,,KG-ZA-0105,
حضانة ضوء القمر,عمان,عمان,الصويفية,قرب قرية الصويفية – شارع زكي الصويتي,78988868,Moonlight Nursery,,,,KG-AM-3446,
حضانة بيت الحلوة للأطفال,عمان,عمان,الجاردنز,خلف مدارس الرأي – عمارة 20,799853333,Sweet Home Kids Nursery,,,,KG-AM-3447,
حضانة الطفل العربي,إربد,إربد,الحي الشرقي,قرب أسواق المؤسسة العسكرية,793050777,Arab Child Nursery,,,,KG-IR-0221,
حضانة حبايبنا,إربد,إربد,النعيمة,النعيمة,790959613,Our Darlings Nursery,,,,KG-IR-0222,
حضانة الخطوات التعليمية,عجلون,عجلون,عبين,خلف مطعم داريا – شارع إربد–عجلون,775570101,Educational Steps Nursery,,,,KG-AJ-0041,
حضانة فوفو ودودو,عمان,عمان,مرج الحمام,حي الأمير حمزة,777726263,Fufu & Dodo Model Nursery,,,,KG-AM-3448,
حضانة ورود المستقبل,عمان,عمان,الرونق,شارع الأصبه – بناية 6,782668833,Future Roses Nursery,,,,KG-AM-3449,
حضانة الانطباعات الأولى,إربد,إربد,الراهبات الوردية,غرب مسجد أبو دلو,780466032,First Impressions Nursery,,,,KG-IR-0223,
حضانة بابا سنفور,إربد,إربد,إربد,إربد,787054530,Papa Smurf Nursery,,,,KG-IR-0224,
حضانة جمعية الشابات المسيحية الخيرية-الفحيص,البلقاء,السلط,الفحيص,خلف بيت الفحيص – شارع صبيان الحصان,799946050,YWCA Al-Fuheis Nursery,,,,KG-BA-0127,
حضانة رياحين الجنة,عمان,عمان,شرق عمان,الهاشمي الشمالي – شارع الحارث العبدي,797401206,Breezes of Paradise Nursery,,,,KG-AM-3450,
حضانة خمسة وستون 65,البلقاء,السلط,المدينة الرياضية,قرب مدارس السلط الأهلية,777774819,65 Nursery,,,,KG-BA-0128,
حضانة جنة الورد,عجلون,عجلون,عين جنا,مبنى البلدية – وسط البلد,777006207,Rose Paradise Nursery,,,,KG-AJ-0042,
حضانة الكلمات الأولى,عمان,عمان,الصويفية,شارع سعيد المفتي – عمارة 16,796246213,First Words Nursery,,,,KG-AM-3451,
حضانة زين ونانا,البلقاء,السلط,أم عليه,الشارع الرئيسي,785226638,Zain & Nana Nursery,,,,KG-BA-0129,
حضانة أفضل مكان لطفلك,إربد,إربد,إربد,,790303443,Best Place for Your Child Nursery,,,,KG-IR-0225,
حضانة زهور الليلك,عمان,عمان,اليوبيل,مقابل مركز صحي أم السوس,795049140,Lilac Flowers Nursery,,,,KG-AM-3452,
المستوى الرفيع المتميز للتعليم,عمان,عمان,الشميساني,شارع ابن الفارض 11,799714198,High Level Distinguished Education,,,,KG-AM-3453,
حضانة المملكة الصغيرة,عمان,عمان,ضاحية الياسمين,شارع حفصة بنت عمرو 35,792024263,Small Kingdom Nursery,,,,KG-AM-3454,
حضانة أحلام المستقبل النموذجية,مادبا,مادبا,الخطابية,الخطابية,779681212,Dreams of the Future Model Nursery,,,,KG-MD-0031,
حضانة عبق الربيع,عمان,عمان,شرق عمان,طبربور – شارع قمر اليافي مقابل حلويات نفيسة,797808114,Spring Fragrance Nursery,,,,KG-AM-3455,
حضانة الانامل الذهبية,عمان,عمان,شرق عمان,ماركا الشمالية – شارع فاطمة الزهراء – مسجد فاطمة الزهراء,799381207,Golden Fingers Nursery,,,,KG-AM-3456,
حضانة حكايتي الصغيرة,عمان,عمان,الجبيهة,مقابل الجمعية العلمية الملكية – ط الأرضي,5340409,My Little Story Nursery,,,,KG-AM-3457,
حضانة براعم السكر,العقبة,العقبة,السكنية الثالثة,شارع العباسيين – بجانب مسجد سعد بن أبي وقاص,792030177,Sugar Buds Nursery,,,,KG-AQ-0035,
حضانة درجات صغيرة,عمان,عمان,اليوبيل,دوار البرديني – قرب مدارس الإشراق,785905701,Small Steps Nursery,,,,KG-AM-3458,
حضانة أشكال النموذجية,إربد,إربد,خلف مستشفى إربد التخصصي,0772155227,,Shapes Model Nursery,,,,KG-IR-0226,
حضانة لطفولة أرقى,الزرقاء,الزرقاء,مدينة الشرق,قرب دوار الطيارة,772000294,Finer Childhood Nursery,,,,KG-ZA-0106,
حضانة سلمى وزين,البلقاء,السلط,البقيع,البقيع,790910177,Salma & Zain Nursery,,,,KG-BA-0130,
حضانة هلا وغلا,عمان,عمان,شرق عمان,طبربور – قرب إسكان الجيش – حديقة العهد والوفا – يوسف بني ياسين 9,5056076,Hala & Ghala Nursery,,,,KG-AM-3459,
حضانة من الألف إلى الياء,عمان,عمان,جنوب عمان,مرج الحمام – إسكان عالية – فيلا 30,,From A to Z Nursery,,,,KG-AM-3460,
حضانة الطفل السعيد,عمان,عمان,شرق عمان,ماركا الشمالية – حمزة – قرب مدرسة الشريف حسين,4895823,Happy Child Nursery,,,,KG-AM-3461,
حضانة بدايات عظيمة,عمان,عمان,جبل الحسين,شارع إسماعيل بابوق 5,775367440,Great Beginnings Nursery,,,,KG-AM-3462,
حضانة ديمة النموذجية,البلقاء,السلط,شفا العامرية,شفا العامرية,772118163,Dima Model Nursery,,,,KG-BA-0131,
حضانة ضحكات الطفولة,عمان,عمان,الشميساني,بناية 39 – شارع معروف الرصافي,791520563,Childhood Laughter Nursery,,,,KG-AM-3463,
حضانة الأطفال السعداء,عمان,عمان,اليوبيل,مرج الحمام – شارع نالتشك – قرب مطعم دنيا المشاوي,797083374,Happy Children Nursery,,,,KG-AM-3464,
حضانة جوان النموذجية,الزرقاء,الزرقاء,الهاشمية,الحي الشرقي,788067807,Jawan Model Nursery,,,,KG-ZA-0107,
حضانة نور الجبيهة,عمان,عمان,الجبيهة,شارع مفلح اللوزي – بناية 32 – مقابل مفروشات شهوان,797670971,Nour Al-Jubeiha Nursery,,,,KG-AM-3465,
حضانة وروضة رونق المودة,عمان,عمان,البيادر,شارع خضر قردن – مقابل النادي الأهلي,795964769,Ronaq Al-Mawaddah Nursery & KG,,,,KG-AM-3466,
حضانة بريق النمارق,البلقاء,السلط,البقعان,بجانب مدرسة فاطمة الزهراء,797094191,Briq Al-Namarq Nursery,,,,KG-BA-0132,
حضانة الأرض السعيدة,عمان,عمان,جنوب عمان,المقابلين – حي الصحابة – شارع عبد الكريم الخطاب,790921251,Happy Land Nursery,,,,KG-AM-3467,
حضانة الحمامي,عمان,عمان,الجبيهة,شارع الريان – أم زويتينة,5555,Al-Hammami Nursery,,,,KG-AM-3468,
أكاديمية مدرسة وروضة جنى دان,الزرقاء,الزرقاء,بيرين,خلف النبعة,788616293,Jana Dan Academy & KG,,,,KG-ZA-0108,
حضانة شذى الورد,عمان,عمان,شرق عمان,طبربور – شارع عجاج الهبارنة – قرب مسجد عباد الرحمن,791077254,Shatha Al-Ward Nursery,,,,KG-AM-3469,
حضانة بذور الغد,عمان,عمان,شرق عمان,إسكان الجيش – شارع عبدالقادر الزغول – باتجاه أبو عليا,789995605,Seeds of Tomorrow Nursery,,,,KG-AM-3470,
حضانة ناريمان النموذجية,الرمثا,الرمثا,الرمثا,مقابل مدرسة جمانة,786306644,Nariman Model Nursery,,,,KG-HASH-A5004523-36,
حضانة كوكب المرح الطفولي,العقبة,العقبة,الثامنة,قرب مسجد الكالوتي,9872021168,Fun Planet Childhood Nursery,,,,KG-AQ-0036,
حضانة ورود الربيع,البلقاء,السلط,ماحص,شارع المدارس,772663512,Spring Roses Nursery,,,,KG-BA-0133,
حضانة حسام وسبأ الحديثة,إربد,إربد,الحصن,الحي الشرقي – شارع الكلية,791854881,Husam & Saba Modern Nursery,,,,KG-IR-0227,
حضانة تكوين,عمان,عمان,شمال عمان,طلوع الجاذبية – قرب سوبرماركت ياهلا,792127898,Takween Nursery,,,,KG-AM-3471,
حضانة الفطاحلة النموذجية,إربد,إربد,الحي الجنوبي,جنوب غرب دوار صحارى – 300 متر,777148052,Al-Fatahilah Model Nursery,,,,KG-IR-0228,
حضانة بيت السكاكر,إربد,إربد,الراهبات الوردية,خلف مستشفى الراهبات الوردية – بجانب السور,777747716,Candy House Nursery,,,,KG-IR-0229,
حضانة القلب السعيد,عمان,عمان,شرق عمان,ضاحية الأمير حسن – قرب مطعم الهنيني,777772615,Happy Heart Nursery,,,,KG-AM-3472,
حضانة كوخ الدب,الزرقاء,الزرقاء,الجبل الشمالي,شارع الملك عبد الله الثاني,782929569,Bear Cabin Nursery,,,,KG-ZA-0109,
حضانة الفقاعة المضحكة,عمان,عمان,أم السماق,شارع عطيوي المجالي – بناية 26,798379019,Funny Bubble Nursery,,,,KG-AM-3473,
حضانة طيور المحبة,عمان,عمان,جبل عمان,دوار ثاني – شارع المعتصم 55 – بجانب عمارة قناة الجزيرة,4623095,Birds of Love Nursery,,,,KG-AM-3474,
حضانة ريتان,إربد,إربد,الحي الشرقي,خلف حلويات الكت والكات,789416515,Ritan Nursery,,,,KG-IR-0230,
حضانة الطفل الأمثل,الزرقاء,الزرقاء,البتراوي,حي البتراوي,790063659,Best Child Nursery,,,,KG-ZA-0110,
حضانة اليوم السعيد,عمان,عمان,بسمان/جبل النزهة,شارع الكويتية – بناية 15,790225163,Al-Yawm Al-Saeed Nursery,,,,KG-AM-3475,
حضانة فرح النموذجية,عمان,عمان,جبل الحسين,دوار الداخلية – نزول سرفيس العبدلي,5695093,Farah Model Nursery,,,,KG-AM-3476,
روضة وحضانة نداء الطفولة,عمان,عمان,شمال عمان,شارع البلدية بعد البنك الإسلامي مقابل ملحمة الخليل,,Nadaa Al-Tufulah Nursery & KG,,,,KG-AM-3477,
حضانة سيسو النموذجية,عمان,عمان,خلدا,قرب دوار السكر – مقابل سامح مول,5522949,Siso Model Nursery,,,,KG-AM-3478,
روضة ومدارس أكاديمية ريتال الدولية,عمان,عمان,ياجوز,تقاطع جسر ياجوز – شارع الأردن,5336363,Rital International Academy,,,,KG-AM-3479,
حضانة قوس قزح النموذجية,عمان,عمان,الشميساني,الشميساني,5605300,Rainbow Model Nursery,,,,KG-AM-3480,
شركة إبداع الطفولة,عمان,عمان,شمال عمان,شارع شريفة زين – خلف روان كيك,790932622,Ebdaa Al-Tufulah,,,,KG-AM-3481,
حضانة الصياد الصغير,عمان,عمان,جنوب عمان,مرج الحمام – شارع محمد بن طلال,797710897,Little Hunter Nursery,,,,KG-AM-3482,
الشجرة المباركة للتعليم والاستثمار,عمان,عمان,شمال عمان,إشارة جبري – خلف بهجت سنتر,55555,Blessed Tree Education,,,,KG-AM-3483,
حضانة نطاق الألوان المرحة,عمان,عمان,شرق عمان,شفا بدران – بجانب أكاديمية ريماس,5231617,Color Range Fun Nursery,,,,KG-AM-3484,
حضانة زهور صغيرة,عمان,عمان,الشميساني,شارع الفيحاء,792872827,Little Flowers Nursery,,,,KG-AM-3485,
حضانة المشاكس الصغير,عمان,عمان,أم أذينة,شارع الكوفة – بناية 71,790395471,Little Mischief Nursery,,,,KG-AM-3486,
حضانة عبق عجلون النموذجية,عجلون,عجلون,عبين,شارع إربد – مقابل صالة النورس,778952295,Abq Ajloun Model Nursery,,,,KG-AJ-0043,
مؤسسة المنهل التربوية,عمان,عمان,الجامعة الأردنية,إسكان الجامعة الأردنية,65153751,Al-Manhal Educational Institution,,,,KG-AM-3487,
حضانة النحلة الصغيرة,عمان,عمان,الجاردنز,دخلة مطعم السروات,,Little Bee Nursery,,,,KG-AM-3488,
حضانة مملكة السكر,عمان,عمان,شرق عمان,طبربور – شارع أسعد بن زرارة,797064545,Sugar Kingdom Nursery,,,,KG-AM-3489,
حضانة طوق الياسمين,عمان,عمان,شرق عمان,طبربور – مظهر علاونة – بجانب موسيقات القوات,4897208,Tawq Al-Yasmin Nursery,,,,KG-AM-3490,
حضانة قمم الأشجار,عمان,عمان,الشميساني,عبد الحميد كرامي – بناية 8,795057999,Tree Tops Nursery,,,,KG-AM-3491,
حضانة الخيوط اللامعة,عمان,عمان,أبو السوس,إسكان الأمانة – حي الصنوبر,795241103,Shining Threads Nursery,,,,KG-AM-3492,
حضانة الما وأيلا,عمان,عمان,شمال عمان,ضاحية الرشيد – قبل سكن أميمة,792107921,Alma & Ayla Nursery,,,,KG-AM-3493,
حضانة ماما رولا,عمان,عمان,شرق عمان,شفا بدران – حي ذهيبة – خلف الكلحة – بناية 3,798076488,Mama Rola Nursery,,,,KG-AM-3494,
حضانة حبات التوت,عمان,عمان,مرج الحمام,شارع مويى النهار,,Raspberry Seeds Nursery,,,,KG-AM-3495,
حضانة أطفال تمارا,عمان,عمان,شمال عمان,خلف مطعم طواحين,775136924,Tamara Kids Nursery,,,,KG-AM-3496,
حضانة أزهار بيسان,عمان,عمان,شرق عمان,الهاشمي الشمالي – حي نايفة – مقابل وزارة الصحة,65057240,Bisan Flowers Nursery,,,,KG-AM-3497,
حضانة دانة الدولية,عمان,عمان,شمال عمان,تلاع العلي – خلف الهوليدي إن,797097685,Dana International Nursery,,,,KG-AM-3498,
حضانة سالي وسلمى,عمان,عمان,شمال عمان,الجبيهة – مقابل الأحدث سابقاً,5238494,Sally & Salma Nursery,,,,KG-AM-3499,
حضانة وسيم النموذجية,عمان,عمان,جنوب عمان,الأشرفية – حي أم تينة,798457004,Waseem Model Nursery,,,,KG-AM-3500,
حضانة النحلة جولي,عمان,عمان,شرق عمان,طبربور – بجانب جامعة العلوم الإسلامية,796897303,Jolly Bee Nursery,,,,KG-AM-3501,
حضانة الأكواخ الملونة,عمان,عمان,الشميساني,شارع الجاحظ – مقابل مجمع السعيد,795659165,Colored Cabins Nursery,,,,KG-AM-3502,
حضانة النجوم المتلألئة,عمان,عمان,اليوبيل,مرج الحمام – شارع نايف بن عاصم,799629292,Twinkling Stars Nursery,,,,KG-AM-3503,
حضانة جنتي للأطفال,عمان,عمان,شمال عمان,خلدا – شارع المعارف – قرب مدرسة المعارف,797387766,My Paradise Nursery,,,,KG-AM-3504,
حضانة ميرا والمى,عمان,عمان,الياسمين,"WV9V+9XX, حي الياسمين, عمّان",0795489505,Meera & Alma Nursery,,,,KG-AM-3505,
حضانة عصافير الكرك,الكرك,الكرك,الكرك,الثنية – الشارع الرئيسي,1111111111,Karak Sparrows Nursery,,,,KG-KA-0023,
حضانة القطط الصغيرة,عمان,عمان,شمال عمان,تلاع العلي – بجانب البشيتي – بناية 3,795740854,Little Kittens Nursery,,,,KG-AM-3506,
حضانة الطفل الحسن,عمان,عمان,اليوبيل,بيادر وادي السير – الجندويل,799645430,Good Child Nursery,,,,KG-AM-3507,
روضة وحضانة أنا الصغير,عمان,عمان,شمال عمان,خرجا – دخلة مدارس الدر المنثور,5538008,Ana Al-Saghir Nursery & KG,,,,KG-AM-3508,
حضانة القلب الكبير,إربد,إربد,إربد,قرب مضافة أبو سالم,7247155,Big Heart Nursery,,,,KG-IR-0231,
حضانة قرية التوت العالمية,عمان,عمان,عمان المركز,دوار الكيلو – خلف البرجر كنج – عمارة 46,798288080,Global Berry Village Nursery,,,,KG-AM-3509,
حضانة الجيل القادم,عمان,عمان,شمال عمان,المدينة الرياضية – شمس الدين الذهبي,,Next Generation Nursery,,,,KG-AM-3510,
حضانة التباشير البيضاء,عمان,عمان,بين الدوار 6 وال7,شارع التباشير,791560630,White Chalk Nursery,,,,KG-AM-3511,
حضانة مونلايت,عمان,عمان,الشميساني,الشميساني,,Moonlight Nursery,,,,KG-AM-3512,
حضانة فيرست ووردز,عمان,عمان,الصويفية,شارع سعيد المفتي – عمارة 16,796246213,First Words Preschool,,,,KG-AM-3513,
روضة ومدرسة ليلى للتعليم الحديث,عمان,عمان,طبربور,شارع محمد العويدات – مجمع 2,,Leila Modern Education KG & School,,,,KG-AM-3514,
حضانة ليتل ليرنرز,عمان,عمان,الرابية,شارع أنور الخطيب,,Little Learners Nursery,,,,KG-AM-3515,
حضانة العلمي الممتع,عمان,عمان,اليوبيل,شارع عبد الله غوشة,,Fun Science Nursery,,,,KG-AM-3516,
حضانة ميني مي,عمان,عمان,خلدا,شارع الأمير زيد,,Mini Me Nursery,,,,KG-AM-3517,
حضانة الانطلاقة,عمان,عمان,الصويفية,شارع بخيت العيسى,65865080,Al Intilaqa Nursery,,,,KG-AM-3518,
حضانة كوكون,عمان,عمان,الرابية,شارع محمد الخماش,,Cocoon Nursery,,,,KG-AM-3519,
حضانة زهور المستقبل,عمان,عمان,الرونق,شارع الأسبح – فيلا 6,782668833,Future Flowers Nursery,,,,KG-AM-3520,
حضانة نهج المعرفة,عمان,عمان,الدوار الثامن,الدوار الثامن,,Nahj Al-Ma’rifa KG,,,,KG-AM-3521,
روضة بوك أند براش,عمان,عمان,الصويفية,شارع زهدي عصفور,,Book n Brush KG,,,,KG-AM-3522,
حضانة البدايات المشرقة,عمان,عمان,أم أذينة,شارع الدمام 48,795225253,Bright Beginnings Nursery,,,,KG-AM-3523,
حضانة وروضة وورلد كرياتيف,عمان,عمان,الرابية,شارع إبراهيم القطان 22,,Creative World Nursery & KG,,,,KG-AM-3524,
حضانة الأطفال السعداء (2),عمان,عمان,السهل,السهل,,Happy Kids Nursery (2),,,,KG-AM-3525,
حضانة السندريلا,عمان,عمان,جبل الحسين,شارع الملك عبد الله الثاني 2,64006176,Cinderella Nursery,,,,KG-AM-3526,
روضة ينابيع العلم,عمان,عمان,البيادر,مقسم العطار – شارع البيادر,,Yanabe’ Al-Ilm KG,,,,KG-AM-3527,
حضانة السوبر ناني,عمان,عمان,المرج,المرج,7995009794,Super Nanny Nursery,,,,KG-AM-3528,
حضانة ميلكي تيث,عمان,عمان,خلدا,خلدا,,Milky Teeth KG Nursery,,,,KG-AM-3529,
حضانة ستارفيش,عمان,عمان,الرابية,شارع أنوارين مسمار 4,,Starfish Nursery,,,,KG-AM-3530,
حضانة ليتل هاندز,عمان,عمان,خلدا,خلدا,,Little Hands Nursery,,,,KG-AM-3531,
حضانة وروضة ستيبينج ستون,عمان,عمان,أم السماق,شارع أرتيريا 50,,Stepping Stone Preschool & Nursery,,,,KG-AM-3532,
حضانة آدم كيدز,عمان,عمان,عبدون,عبدون,,Adam Kids Nursery,,,,KG-AM-3533,
حضانة رونق المودة,عمان,عمان,البيادر,شارع خضر قردن – مقابل النادي الأهلي,795964769,Ronaq Al-Mawaddah Nursery,,,,KG-AM-3534,
حضانة أمبريلا,عمان,عمان,اليوبيل,اليوبيل,,Umbrella Nursery,,,,KG-AM-3535,
حضانة وروضة المتفوقين أكاديمي,عمان,عمان,خلدا,شارع أيوب السختياني 14,,Al Mutafawqeen Academy KG & School,,,,KG-AM-3536,
حضانة منزلي الكبير,عمان,عمان,الشميساني,شارع الشريف ناصر بن جميل 78,,My Big House Nursery,,,,KG-AM-3537,
روضة أكاديمية الأطفال الرائعين,عمان,عمان,اليوبيل,شارع محمد العجلوني,,Wonderful Kids Academy KG,,,,KG-AM-3538,
حضانة وروضة كراميل,عمان,عمان,خلدا,شارع الأميرة زينب 63,,Caramel Nursery & KG,,,,KG-AM-3539,
حضانة بز بي,عمان,عمان,خلدا,خلدا,,BuzzBee Nursery,,,,KG-AM-3540,
روضة وابه,عمان,عمان,طبربور,شارع صدقي أبو شقرة,,Wabe KG,,,,KG-AM-3541,
حضانة سيفتي هاوس,عمان,عمان,خلدا,شارع المعارف – خلدا,,Safety House Nursery,,,,KG-AM-3542,
حضانة ليتل بي,عمان,عمان,اليوبيل,اليوبيل,,Little Bee Nursery,,,,KG-AM-3543,
روضة و حضانة هيل هاوس,عمان,عمان,الشميساني,شارع محمد علي بدير 37,,Hill House KG & Nursery,,,,KG-AM-3544,
حضانة سويت آند نوتي,عمان,عمان,الشميساني,الشميساني,,Sweet and Naughty Nursery,,,,KG-AM-3545,
حضانة كيدز فالي,عمان,عمان,الشميساني,شارع يوسف بن تاشفين 5,,Kids Valley Nursery,,,,KG-AM-3546,
حضانة ليتل جاردن,عمان,عمان,خلدا,خلدا,,Little Garden Pre & Nursery,,,,KG-AM-3547,
حضانة راقي الدولية,عمان,عمان,الرابية,شارع رفاعة بن أوس 46,,Raqi International Preschool,,,,KG-AM-3548,
حضانة السلام,عمان,عمان,الكرسي,الكرسي,,Al-Salam Nursery,,,,KG-AM-3549,
حضانة ستدي بلاي,عمان,عمان,خلدا,شارع الشيخ حسين الجسر 44,,Study Play KG,,,,KG-AM-3550,
حضانة فيرست ستيب,عمان,عمان,اليوبيل,اليوبيل,,First Step Nursery,,,,KG-AM-3551,
حضانة كينزي,عمان,عمان,طبربور,شارع فاضل أحمد خليفة 20,,Kenzi KG,,,,KG-AM-3552,
حضانة ليتل بروفيسورز أكاديمي,عمان,عمان,خلدا,شارع أبهى 11,,Little Professors Academy,,,,KG-AM-3553,
حضانة زين,عمان,عمان,اليوبيل,شارع الإخلاص 31,,Zain Nursery,,,,KG-AM-3554,
حضانة وروضة ليونز كينجدوم,عمان,عمان,دابوق,شارع يثرب 9,,Lions Kingdom Nursery & Pre-school,,,,KG-AM-3555,
روضة و حضانة المجد الوطنية,عمان,عمان,خلدا,شارع الفقهاء – مجمع 4,,Al Majd National Academy KG,,,,KG-AM-3556,
حضانة وايت لاينز,عمان,عمان,خلدا,شارع أم الدنانير – خلدا,,White Lines Nursery,,,,KG-AM-3557,
حضانة لارا,عمان,عمان,تلاع العلي,خلف سوبر ماركت الأهالي,65670424,Lara Nursery,,,,KG-AM-3558,
حضانة المشاكس الصغير,عمان,عمان,أم أذينة,أم أذينة الشرقي,795581762,Al-Mushakis Al-Saghir Nursery,,,,KG-AM-3559,
حضانة عطر الجوري,عمان,عمان,الياسمين,شارع محمد سالم الثوايب,,Atr Al-Jouri Nursery,,,,KG-AM-3560,
حضانة وروضة هابي فايسيز,عمان,عمان,اليوبيل,شارع ثويبة بن حرملة,,Happy Faces Nursery & Preschool,,,,KG-AM-3561,
حضانة آرت كير,عمان,عمان,خلدا,شارع عروة بن أذينة,,Art Care Nursery,,,,KG-AM-3562,
حضانة وروضة ستيب باي ستيب,عمان,عمان,الرابية,شارع وديع قسطندي 3,,Step By Step Preschool,,,,KG-AM-3563,
حضانة وروضة ليتل لاند,عمان,عمان,الشميساني,شارع الأشعري 15,,Little Land Nursery & Preschool,,,,KG-AM-3564,
حضانة دانا,عمان,عمان,خلدا,كنيسة كرم إمسيح – خلدا,,Dana Nursery,,,,KG-AM-3565,
حضانة بانان دي كير,عمان,عمان,اليوبيل,شارع موسى الساكت 76,,Banan Daycare,,,,KG-AM-3566,
حضانة كولورز تري,عمان,عمان,خلدا,شارع عيسى أبو قدوم 6,,Colors Tree Nursery,,,,KG-AM-3567,
حضانة كرادل تو كرايون,عمان,عمان,اليوبيل,شارع أحمد عرابي,,Cradle to Crayon Nursery,,,,KG-AM-3568,
روضة أيوب,عمان,عمان,الشميساني,شارع أحمد أوكلة النصور,,Ayoub KG,,,,KG-AM-3569,
روضة و حضانة نحن الأطفال,عمان,عمان,جبل الحسين,شارع عز الدين القسام,,Nahnu Al-Atfal Nursery & KG,,,,KG-AM-3570,
حضانة وروضة صنلايت,عمان,عمان,الرابية,شارع نهاوند – الرابية,,Sunlight Nursery & Pre-School,,,,KG-AM-3571,
روضة و حضانة عالم الصغار,عمان,عمان,الشميساني,شارع أسيد بن ثعلبة,,Aalam Al-Sighar Nursery & KG,,,,KG-AM-3572,
حضانة كُن طفلًا,عمان,عمان,اليوبيل,شارع تعز,,Kun Tiflan Nursery,,,,KG-AM-3573,
حضانة هابي داي,عمان,عمان,اليوبيل,شارع النزهة 15,,Happy Day Nursery,,,,KG-AM-3574,
حضانة لحن الحياة,عمان,عمان,جنوب عمان,إسحاق بن حنين – الياسمين – بناية 7,795664426,Lahn Al-Hayat Nursery,,,,KG-AM-3575,
حضانة طلال ونورة,عمان,عمان,الرابية,شارع عرار 205,,Talal wa Noura Nursery,,,,KG-AM-3576,
حضانة كيه سيتي,عمان,عمان,تلاع العلي,شارع سامر رمّانة,,K-City Nursery,,,,KG-AM-3577,
حضانة نجوم المرج النموذجية,عمان,عمان,المرج,المرج,,Nujoom Al-Murj Model Nursery,,,,KG-AM-3578,
حضانة تري توبس,عمان,عمان,الشميساني,شارع عبد الحميد كرامي,795057999,Tree Tops Nursery,,,,KG-AM-3579,
روضة هابي هارت,عمان,عمان,اليوبيل,مجمع النور – شارع محمد بن غطوس,,Happy Heart Kindergarten,,,,KG-AM-3580,
حضانة بامبل بي,عمان,عمان,الرابية,شارع تبريز,,Bumble Bee Preschool,,,,KG-AM-3581,
حضانة الما وايلا,عمان,عمان,ضاحية الرشيد,قبل سكن أميمة,798683815,Alma and Ayla Nursery,,,,KG-AM-3582,
حضانة ليديبرد,عمان,عمان,الشميساني,شارع يوسف بن تاشفين,,Ladybird Nursery,,,,KG-AM-3583,
حضانة داندون,عمان,عمان,خلدا,شارع عبد الله الأعزب,,Dandoon Nursery,,,,KG-AM-3584,
حضانة إيرلي بيرد (تلاع العلي),عمان,عمان,تلاع العلي,مجمع 44 – شارع عبد الحليم عباس,,Early Bird Nursery (Tala Al-Ali),,,,KG-AM-3585,
روضة الطفل السعيد,عمان,عمان,شرق عمان,ماركا الشمالية – حمزة,4895823,Al-Tifl Al-Saeed KG,,,,KG-AM-3586,
حضانة هيا سبراوتس,عمان,عمان,خلدا,شاكر بن زيد,,Haya Sprouts Preschool,,,,KG-AM-3587,
حضانة بيتي الصغير,عمان,عمان,شمال عمان,يوسف بن تاشفين 20 – الشميساني,65676210,My Little Home Nursery,,,,KG-AM-3588,
روضة كيدز واي,عمان,عمان,خلدا,شارع الأوزاعي – مجمع 11,,Kids Way Kindergarten,,,,KG-AM-3589,
حضانة جريت بيجينينجز,عمان,عمان,جبل الحسين,شارع إسماعيل بابوق,775367440,Great Beginnings Child Care,,,,KG-AM-3590,
حضانة ليتل ستيبس,عمان,عمان,خلدا,شارع الشيخ حسين الجسر,,Little Steps Nursery,,,,KG-AM-3591,
حضانة رايت ستارت,عمان,عمان,اليوبيل,اليوبيل,,Right Start Nursery,,,,KG-AM-3592,
روضة الأصدقاء المبدعين,عمان,عمان,خلدا,شارع عبد الله بن مسعود 20,,Creative Friends KG,,,,KG-AM-3593,
حضانة الجيل القادم,عمان,عمان,شمال عمان,المدينة الرياضية – شمس الدين الذهبي,65163070,Next Generation Nursery,,,,KG-AM-3594,
حضانة ليتل فلاورز,عمان,عمان,خلدا,خلدا,,Little Flowers Day Nursery,,,,KG-AM-3595,
حضانة كيدز ستيبس,عمان,عمان,الرابية,شارع تلمسان – مجمع 5,,Kids Steps Nursery,,,,KG-AM-3596,
حضانة شيري تري,عمان,عمان,جبل الحسين,شارع محمد جمجوم – مجمع 2,,Cherry Tree Nursery,,,,KG-AM-3597,
حضانة ثراء كيدز,عمان,عمان,شرق عمان,شرق عمان,,Thraa Kids Nursery,,,,KG-AM-3598,
حضانة الفقاعة المضحكة,عمان,عمان,أم السماق,شارع عطيوي المجالي – بناية 26,798379019,Funny Bubble Nursery,,,,KG-AM-3599,
حضانة طيور المحبة,عمان,عمان,جبل عمان,دوار ثاني – شارع المعتصم 55 – بجانب عمارة قناة الجزيرة,4623095,Birds of Love Nursery,,,,KG-AM-3600,
حضانة ريتان,إربد,إربد,الحي الشرقي,خلف حلويات الكت والكات,789416515,Ritan Nursery,,,,KG-IR-0232,
حضانة الطفل الأمثل,الزرقاء,الزرقاء,البتراوي,حي البتراوي,790063659,Best Child Nursery,,,,KG-ZA-0111,
حضانة أطفال الرونق,عمان,عمان,الرونق,شارع محمد علي حسين الكردي – عمارة 30,775933580,Ronaq Kids Nursery,,,,KG-AM-3601,
حضانة البالون,عمان,عمان,الدوار السابع,بجانب فندق جنيفا,5815852,Balloon Nursery,,,,KG-AM-3602,
حضانة براعم الرمثا التعليمية والنموذجية,الرمثا,الرمثا,الرئيسي,الرئيسي,799593982,Baraem Al-Ramtha Educational & Model,,,,KG-HASH-E7F2DA07-27,
حضانة النبات السليم,عمان,عمان,طبربور,حي الشهيد الجنوبي,790479314,Healthy Plant Nursery,,,,KG-AM-3603,
حضانة أرض النجوم,عمان,عمان,ضاحية الرشيد,مقابل مدرسة تقارب,5555,Land of Stars Nursery,,,,KG-AM-3604,
حضانة صقور العزة,عمان,عمان,أبو نصير,شارع السعادة,796655818,Falcons of Pride Nursery,,,,KG-AM-3605,
حضانة أطفال التوت البري,عمان,عمان,اليوبيل,شارع عبدالله غوشة – بجانب مسجد أحد,797266304,Wild Berry Kids Nursery,,,,KG-AM-3606,
حضانة أنس وأمير,عمان,عمان,الجبيهة,حي الريان – شارع المريري,770065605,Anas & Amir Nursery,,,,KG-AM-3607,
حضانة ألوان الفرح للأطفال,عمان,عمان,شرق عمان,حي العبداللات – بجانب مدرسة الكندي,785652504,Colors of Joy Nursery,,,,KG-AM-3608,
حضانة أحمد وضحى,إربد,إربد,الصريح,الصريح,772258725,Ahmed & Dahaa Nursery,,,,KG-IR-0233,
حضانة البداية السعيدة النموذجية,عمان,عمان,اليوبيل,شارع المدينة المنورة,795395747,Happy Beginning Model Nursery,,,,KG-AM-3609,
حضانة أنا وأخي نمرح,مادبا,مادبا,اليرموك,شارع اليرموك,772211947,Me & My Brother Play Nursery,,,,KG-MD-0032,
حضانة جود وميرا,الزرقاء,الزرقاء,جبل المغير,قرب صيدلية شمع العسل,782209062,Jood & Mira Nursery,,,,KG-ZA-0112,
حضانة ضوء القمر,عمان,عمان,الصويفية,قرب قرية الصويفية – شارع زكي الصويتي,78988868,Moonlight Nursery,,,,KG-AM-3610,
حضانة بيت الحلوة للأطفال,عمان,عمان,الجاردنز,خلف مدارس الرأي – عمارة 20,799853333,Sweet Home Kids Nursery,,,,KG-AM-3611,
حضانة الطفل العربي,إربد,إربد,الحي الشرقي,قرب أسواق المؤسسة العسكرية,793050777,Arab Child Nursery,,,,KG-IR-0234,
حضانة حبايبنا,إربد,إربد,النعيمة,النعيمة,790959613,Our Darlings Nursery,,,,KG-IR-0235,
حضانة الخطوات التعليمية,عجلون,عجلون,عبين,خلف مطعم داريا – شارع إربد–عجلون,775570101,Educational Steps Nursery,,,,KG-AJ-0044,
حضانة فوفو ودودو,عمان,عمان,مرج الحمام,حي الأمير حمزة,777726263,Fufu & Dodo Model Nursery,,,,KG-AM-3612,
حضانة ورود المستقبل,عمان,عمان,الرونق,شارع الأصبه – بناية 6,782668833,Future Roses Nursery,,,,KG-AM-3613,
حضانة الانطباعات الأولى,إربد,إربد,الراهبات الوردية,غرب مسجد أبو دلو,780466032,First Impressions Nursery,,,,KG-IR-0236,
حضانة بابا سنفور,إربد,إربد,إربد,إربد,787054530,Papa Smurf Nursery,,,,KG-IR-0237,
حضانة جمعية الشابات المسيحية الخيرية-الفحيص,البلقاء,السلط,الفحيص,خلف بيت الفحيص – شارع صبيان الحصان,799946050,YWCA Al-Fuheis Nursery,,,,KG-BA-0134,
حضانة رياحين الجنة,عمان,عمان,شرق عمان,الهاشمي الشمالي – شارع الحارث العبدي,797401206,Breezes of Paradise Nursery,,,,KG-AM-3614,
حضانة خمسة وستون 65,البلقاء,السلط,المدينة الرياضية,قرب مدارس السلط الأهلية,777774819,65 Nursery,,,,KG-BA-0135,
حضانة جنة الورد,عجلون,عجلون,عين جنا,مبنى البلدية – وسط البلد,777006207,Rose Paradise Nursery,,,,KG-AJ-0045,
حضانة الكلمات الأولى,عمان,عمان,الصويفية,شارع سعيد المفتي – عمارة 16,796246213,First Words Nursery,,,,KG-AM-3615,
حضانة زين ونانا,البلقاء,السلط,أم عليه,الشارع الرئيسي,785226638,Zain & Nana Nursery,,,,KG-BA-0136,
حضانة أفضل مكان لطفلك,إربد,إربد,إربد,,790303443,Best Place for Your Child Nursery,,,,KG-IR-0238,
حضانة زهور الليلك,عمان,عمان,اليوبيل,مقابل مركز صحي أم السوس,795049140,Lilac Flowers Nursery,,,,KG-AM-3616,
المستوى الرفيع المتميز للتعليم,عمان,عمان,الشميساني,شارع ابن الفارض 11,799714198,High Level Distinguished Education,,,,KG-AM-3617,
حضانة المملكة الصغيرة,عمان,عمان,ضاحية الياسمين,شارع حفصة بنت عمرو 35,792024263,Small Kingdom Nursery,,,,KG-AM-3618,
حضانة أحلام المستقبل النموذجية,مادبا,مادبا,الخطابية,الخطابية,779681212,Dreams of the Future Model Nursery,,,,KG-MD-0033,
حضانة عبق الربيع,عمان,عمان,شرق عمان,طبربور – شارع قمر اليافي مقابل حلويات نفيسة,797808114,Spring Fragrance Nursery,,,,KG-AM-3619,
حضانة الانامل الذهبية,عمان,عمان,شرق عمان,ماركا الشمالية – شارع فاطمة الزهراء – مسجد فاطمة الزهراء,799381207,Golden Fingers Nursery,,,,KG-AM-3620,
حضانة حكايتي الصغيرة,عمان,عمان,الجبيهة,مقابل الجمعية العلمية الملكية – ط الأرضي,5340409,My Little Story Nursery,,,,KG-AM-3621,
حضانة براعم السكر,العقبة,العقبة,السكنية الثالثة,شارع العباسيين – بجانب مسجد سعد بن أبي وقاص,792030177,Sugar Buds Nursery,,,,KG-AQ-0037,
حضانة درجات صغيرة,عمان,عمان,اليوبيل,دوار البرديني – قرب مدارس الإشراق,785905701,Small Steps Nursery,,,,KG-AM-3622,
حضانة أشكال النموذجية,إربد,إربد,خلف مستشفى إربد التخصصي,0772155227,,Shapes Model Nursery,,,,KG-IR-0239,
حضانة لطفولة أرقى,الزرقاء,الزرقاء,مدينة الشرق,قرب دوار الطيارة,772000294,Finer Childhood Nursery,,,,KG-ZA-0113,
حضانة سلمى وزين,البلقاء,السلط,البقيع,البقيع,790910177,Salma & Zain Nursery,,,,KG-BA-0137,
حضانة هلا وغلا,عمان,عمان,شرق عمان,طبربور – قرب إسكان الجيش – حديقة العهد والوفا – يوسف بني ياسين 9,5056076,Hala & Ghala Nursery,,,,KG-AM-3623,
حضانة من الألف إلى الياء,عمان,عمان,جنوب عمان,مرج الحمام – إسكان عالية – فيلا 30,,From A to Z Nursery,,,,KG-AM-3624,
حضانة الطفل السعيد,عمان,عمان,شرق عمان,ماركا الشمالية – حمزة – قرب مدرسة الشريف حسين,4895823,Happy Child Nursery,,,,KG-AM-3625,
حضانة بدايات عظيمة,عمان,عمان,جبل الحسين,شارع إسماعيل بابوق 5,775367440,Great Beginnings Nursery,,,,KG-AM-3626,
حضانة ديمة النموذجية,البلقاء,السلط,شفا العامرية,شفا العامرية,772118163,Dima Model Nursery,,,,KG-BA-0138,
حضانة ضحكات الطفولة,عمان,عمان,الشميساني,بناية 39 – شارع معروف الرصافي,791520563,Childhood Laughter Nursery,,,,KG-AM-3627,
حضانة الأطفال السعداء,عمان,عمان,اليوبيل,مرج الحمام – شارع نالتشك – قرب مطعم دنيا المشاوي,797083374,Happy Children Nursery,,,,KG-AM-3628,
حضانة جوان النموذجية,الزرقاء,الزرقاء,الهاشمية,الحي الشرقي,788067807,Jawan Model Nursery,,,,KG-ZA-0114,
حضانة نور الجبيهة,عمان,عمان,الجبيهة,شارع مفلح اللوزي – بناية 32 – مقابل مفروشات شهوان,797670971,Nour Al-Jubeiha Nursery,,,,KG-AM-3629,
حضانة وروضة رونق المودة,عمان,عمان,البيادر,شارع خضر قردن – مقابل النادي الأهلي,795964769,Ronaq Al-Mawaddah Nursery & KG,,,,KG-AM-3630,
حضانة بريق النمارق,البلقاء,السلط,البقعان,بجانب مدرسة فاطمة الزهراء,797094191,Briq Al-Namarq Nursery,,,,KG-BA-0139,
حضانة الأرض السعيدة,عمان,عمان,جنوب عمان,المقابلين – حي الصحابة – شارع عبد الكريم الخطاب,790921251,Happy Land Nursery,,,,KG-AM-3631,
حضانة الحمامي,عمان,عمان,الجبيهة,شارع الريان – أم زويتينة,5555,Al-Hammami Nursery,,,,KG-AM-3632,
أكاديمية مدرسة وروضة جنى دان,الزرقاء,الزرقاء,بيرين,خلف النبعة,788616293,Jana Dan Academy & KG,,,,KG-ZA-0115,
حضانة شذى الورد,عمان,عمان,شرق عمان,طبربور – شارع عجاج الهبارنة – قرب مسجد عباد الرحمن,791077254,Shatha Al-Ward Nursery,,,,KG-AM-3633,
حضانة بذور الغد,عمان,عمان,شرق عمان,إسكان الجيش – شارع عبدالقادر الزغول – باتجاه أبو عليا,789995605,Seeds of Tomorrow Nursery,,,,KG-AM-3634,
حضانة ناريمان النموذجية,الرمثا,الرمثا,الرمثا,مقابل مدرسة جمانة,786306644,Nariman Model Nursery,,,,KG-HASH-A5004523-37,
حضانة كوكب المرح الطفولي,العقبة,العقبة,الثامنة,قرب مسجد الكالوتي,9872021168,Fun Planet Childhood Nursery,,,,KG-AQ-0038,
حضانة ورود الربيع,البلقاء,السلط,ماحص,شارع المدارس,772663512,Spring Roses Nursery,,,,KG-BA-0140,
حضانة حسام وسبأ الحديثة,إربد,إربد,الحصن,الحي الشرقي – شارع الكلية,791854881,Husam & Saba Modern Nursery,,,,KG-IR-0240,
حضانة تكوين,عمان,عمان,شمال عمان,طلوع الجاذبية – قرب سوبرماركت ياهلا,792127898,Takween Nursery,,,,KG-AM-3635,
حضانة الفطاحلة النموذجية,إربد,إربد,الحي الجنوبي,جنوب غرب دوار صحارى – 300 متر,777148052,Al-Fatahilah Model Nursery,,,,KG-IR-0241,
حضانة بيت السكاكر,إربد,إربد,الراهبات الوردية,خلف مستشفى الراهبات الوردية – بجانب السور,777747716,Candy House Nursery,,,,KG-IR-0242,
حضانة القلب السعيد,عمان,عمان,شرق عمان,ضاحية الأمير حسن – قرب مطعم الهنيني,777772615,Happy Heart Nursery,,,,KG-AM-3636,
حضانة كوخ الدب,الزرقاء,الزرقاء,الجبل الشمالي,شارع الملك عبد الله الثاني,782929569,Bear Cabin Nursery,,,,KG-ZA-0116,
حضانة الفقاعة المضحكة,عمان,عمان,أم السماق,شارع عطيوي المجالي – بناية 26,798379019,Funny Bubble Nursery,,,,KG-AM-3637,
حضانة طيور المحبة,عمان,عمان,جبل عمان,دوار ثاني – شارع المعتصم 55 – بجانب عمارة قناة الجزيرة,4623095,Birds of Love Nursery,,,,KG-AM-3638,
حضانة ريتان,إربد,إربد,الحي الشرقي,خلف حلويات الكت والكات,789416515,Ritan Nursery,,,,KG-IR-0243,
حضانة الطفل الأمثل,الزرقاء,الزرقاء,البتراوي,حي البتراوي,790063659,Best Child Nursery,,,,KG-ZA-0117,
